Copyright 1986-2022 Xilinx, Inc. All Rights Reserved. Copyright 2022-2025 Advanced Micro Devices, Inc. All Rights Reserved.
---------------------------------------------------------------------------------------------------------------------------------------------
| Tool Version : Vivado v.2025.2 (win64) Build 6299465 Fri Nov 14 19:35:11 GMT 2025
| Date         : Mon May 18 12:38:32 2026
| Host         : DESKTOP-6JLD9LJ running 64-bit major release  (build 9200)
| Command      : report_timing_summary -datasheet -max_paths 10 -file digilent_nexys4ddr_timing.rpt
| Design       : digilent_nexys4ddr
| Device       : 7a100t-csg324
| Speed File   : -1  PRODUCTION 1.23 2018-06-13
| Design State : Physopt postRoute
---------------------------------------------------------------------------------------------------------------------------------------------

Timing Summary Report

------------------------------------------------------------------------------------------------
| Timer Settings
| --------------
------------------------------------------------------------------------------------------------

  Enable Multi Corner Analysis               :  Yes
  Enable Pessimism Removal                   :  Yes
  Pessimism Removal Resolution               :  Nearest Common Node
  Enable Input Delay Default Clock           :  No
  Enable Preset / Clear Arcs                 :  No
  Disable Flight Delays                      :  No
  Ignore I/O Paths                           :  No
  Timing Early Launch at Borrowing Latches   :  No
  Borrow Time for Max Delay Exceptions       :  Yes
  Merge Timing Exceptions                    :  Yes
  Inter-SLR Compensation                     :  Conservative

  Corner  Analyze    Analyze    
  Name    Max Paths  Min Paths  
  ------  ---------  ---------  
  Slow    Yes        Yes        
  Fast    Yes        Yes        


------------------------------------------------------------------------------------------------
| Report Methodology
| ------------------
------------------------------------------------------------------------------------------------

No report available as report_methodology has not been run prior. Run report_methodology on the current design for the summary of methodology violations.



check_timing report

Table of Contents
-----------------
1. checking no_clock (0)
2. checking constant_clock (0)
3. checking pulse_width_clock (0)
4. checking unconstrained_internal_endpoints (0)
5. checking no_input_delay (18)
6. checking no_output_delay (44)
7. checking multiple_clock (0)
8. checking generated_clocks (0)
9. checking loops (0)
10. checking partial_input_delay (0)
11. checking partial_output_delay (0)
12. checking latch_loops (0)

1. checking no_clock (0)
------------------------
 There are 0 register/latch pins with no clock.


2. checking constant_clock (0)
------------------------------
 There are 0 register/latch pins with constant_clock.


3. checking pulse_width_clock (0)
---------------------------------
 There are 0 register/latch pins which need pulse_width check


4. checking unconstrained_internal_endpoints (0)
------------------------------------------------
 There are 0 pins that are not constrained for maximum delay.

 There are 0 pins that are not constrained for maximum delay due to constant clock.


5. checking no_input_delay (18)
-------------------------------
 There are 18 input ports with no input delay specified. (HIGH)

 There are 0 input ports with no input delay but user has a false path constraint.


6. checking no_output_delay (44)
--------------------------------
 There are 44 ports with no output delay specified. (HIGH)

 There are 0 ports with no output delay but user has a false path constraint

 There are 0 ports with no output delay but with a timing clock defined on it or propagating through it


7. checking multiple_clock (0)
------------------------------
 There are 0 register/latch pins with multiple clocks.


8. checking generated_clocks (0)
--------------------------------
 There are 0 generated clocks that are not connected to a clock source.


9. checking loops (0)
---------------------
 There are 0 combinational loops in the design.


10. checking partial_input_delay (0)
------------------------------------
 There are 0 input ports with partial input delay specified.


11. checking partial_output_delay (0)
-------------------------------------
 There are 0 ports with partial output delay specified.


12. checking latch_loops (0)
----------------------------
 There are 0 combinational latch loops in the design through latch input



------------------------------------------------------------------------------------------------
| Design Timing Summary
| ---------------------
------------------------------------------------------------------------------------------------

    WNS(ns)      TNS(ns)  TNS Failing Endpoints  TNS Total Endpoints      WHS(ns)      THS(ns)  THS Failing Endpoints  THS Total Endpoints     WPWS(ns)     TPWS(ns)  TPWS Failing Endpoints  TPWS Total Endpoints  
    -------      -------  ---------------------  -------------------      -------      -------  ---------------------  -------------------     --------     --------  ----------------------  --------------------  
     -6.309     -447.818                    390                20741        0.026        0.000                      0                20741        0.264        0.000                       0                  6785  


Timing constraints are not met.


------------------------------------------------------------------------------------------------
| Clock Summary
| -------------
------------------------------------------------------------------------------------------------

Clock               Waveform(ns)         Period(ns)      Frequency(MHz)
-----               ------------         ----------      --------------
clk100              {0.000 5.000}        10.000          100.000         
  builder_pll_fb    {0.000 5.000}        10.000          100.000         
  main_crg_clkout0  {0.000 5.000}        10.000          100.000         
  main_crg_clkout1  {0.000 2.500}        5.000           200.000         
  main_crg_clkout2  {1.250 3.750}        5.000           200.000         
  main_crg_clkout3  {0.000 2.500}        5.000           200.000         


------------------------------------------------------------------------------------------------
| Intra Clock Table
| -----------------
------------------------------------------------------------------------------------------------

Clock                   WNS(ns)      TNS(ns)  TNS Failing Endpoints  TNS Total Endpoints      WHS(ns)      THS(ns)  THS Failing Endpoints  THS Total Endpoints     WPWS(ns)     TPWS(ns)  TPWS Failing Endpoints  TPWS Total Endpoints  
-----                   -------      -------  ---------------------  -------------------      -------      -------  ---------------------  -------------------     --------     --------  ----------------------  --------------------  
clk100                    8.649        0.000                      0                    7        0.171        0.000                      0                    7        3.000        0.000                       0                    10  
  builder_pll_fb                                                                                                                                                      8.751        0.000                       0                     2  
  main_crg_clkout0       -6.309     -447.818                    390                20720        0.026        0.000                      0                20720        3.750        0.000                       0                  6684  
  main_crg_clkout1                                                                                                                                                    2.845        0.000                       0                    75  
  main_crg_clkout2                                                                                                                                                    2.845        0.000                       0                     4  
  main_crg_clkout3        1.245        0.000                      0                   14        0.131        0.000                      0                   14        0.264        0.000                       0                    10  


------------------------------------------------------------------------------------------------
| Inter Clock Table
| -----------------
------------------------------------------------------------------------------------------------

From Clock    To Clock          WNS(ns)      TNS(ns)  TNS Failing Endpoints  TNS Total Endpoints      WHS(ns)      THS(ns)  THS Failing Endpoints  THS Total Endpoints  
----------    --------          -------      -------  ---------------------  -------------------      -------      -------  ---------------------  -------------------  


------------------------------------------------------------------------------------------------
| Other Path Groups Table
| -----------------------
------------------------------------------------------------------------------------------------

Path Group    From Clock    To Clock          WNS(ns)      TNS(ns)  TNS Failing Endpoints  TNS Total Endpoints      WHS(ns)      THS(ns)  THS Failing Endpoints  THS Total Endpoints  
----------    ----------    --------          -------      -------  ---------------------  -------------------      -------      -------  ---------------------  -------------------  


------------------------------------------------------------------------------------------------
| Timing Details
| --------------
------------------------------------------------------------------------------------------------


---------------------------------------------------------------------------------------------------
From Clock:  clk100
  To Clock:  clk100

Setup :            0  Failing Endpoints,  Worst Slack        8.649ns,  Total Violation        0.000ns
Hold  :            0  Failing Endpoints,  Worst Slack        0.171ns,  Total Violation        0.000ns
PW    :            0  Failing Endpoints,  Worst Slack        3.000ns,  Total Violation        0.000ns
---------------------------------------------------------------------------------------------------


Max Delay Paths
--------------------------------------------------------------------------------------
Slack (MET) :             8.649ns  (required time - arrival time)
  Source:                 FDCE/C
                            (rising edge-triggered cell FDCE clocked by clk100  {rise@0.000ns fall@5.000ns period=10.000ns})
  Destination:            FDCE_1/D
                            (rising edge-triggered cell FDCE clocked by clk100  {rise@0.000ns fall@5.000ns period=10.000ns})
  Path Group:             clk100
  Path Type:              Setup (Max at Slow Process Corner)
  Requirement:            10.000ns  (clk100 rise@10.000ns - clk100 rise@0.000ns)
  Data Path Delay:        1.227ns  (logic 0.456ns (37.166%)  route 0.771ns (62.834%))
  Logic Levels:           0  
  Clock Path Skew:        -0.022ns (DCD - SCD + CPR)
    Destination Clock Delay (DCD):    5.028ns = ( 15.028 - 10.000 ) 
    Source Clock Delay      (SCD):    5.328ns
    Clock Pessimism Removal (CPR):    0.278ns
  Clock Uncertainty:      0.035ns  ((TSJ^2 + TIJ^2)^1/2 + DJ) / 2 + PE
    Total System Jitter     (TSJ):    0.071ns
    Total Input Jitter      (TIJ):    0.000ns
    Discrete Jitter          (DJ):    0.000ns
    Phase Error              (PE):    0.000ns

    Location             Delay type                Incr(ns)  Path(ns)    Netlist Resource(s)
  -------------------------------------------------------------------    -------------------
                         (clock clk100 rise edge)     0.000     0.000 r  
    E3                                                0.000     0.000 r  clk100 (IN)
                         net (fo=0)                   0.000     0.000    clk100
    E3                   IBUF (Prop_ibuf_I_O)         1.482     1.482 r  clk100_IBUF_inst/O
                         net (fo=1, routed)           2.025     3.506    clk100_IBUF
    BUFGCTRL_X0Y16       BUFG (Prop_bufg_I_O)         0.096     3.602 r  clk100_IBUF_BUFG_inst/O
                         net (fo=9, routed)           1.725     5.328    main_crg_clkin
    SLICE_X0Y95          FDCE                                         r  FDCE/C
  -------------------------------------------------------------------    -------------------
    SLICE_X0Y95          FDCE (Prop_fdce_C_Q)         0.456     5.784 r  FDCE/Q
                         net (fo=1, routed)           0.771     6.555    builder_reset0
    SLICE_X1Y95          FDCE                                         r  FDCE_1/D
  -------------------------------------------------------------------    -------------------

                         (clock clk100 rise edge)    10.000    10.000 r  
    E3                                                0.000    10.000 r  clk100 (IN)
                         net (fo=0)                   0.000    10.000    clk100
    E3                   IBUF (Prop_ibuf_I_O)         1.411    11.411 r  clk100_IBUF_inst/O
                         net (fo=1, routed)           1.920    13.331    clk100_IBUF
    BUFGCTRL_X0Y16       BUFG (Prop_bufg_I_O)         0.091    13.422 r  clk100_IBUF_BUFG_inst/O
                         net (fo=9, routed)           1.605    15.028    main_crg_clkin
    SLICE_X1Y95          FDCE                                         r  FDCE_1/C
                         clock pessimism              0.278    15.306    
                         clock uncertainty           -0.035    15.270    
    SLICE_X1Y95          FDCE (Setup_fdce_C_D)       -0.067    15.203    FDCE_1
  -------------------------------------------------------------------
                         required time                         15.203    
                         arrival time                          -6.555    
  -------------------------------------------------------------------
                         slack                                  8.649    

Slack (MET) :             8.789ns  (required time - arrival time)
  Source:                 FDCE_2/C
                            (rising edge-triggered cell FDCE clocked by clk100  {rise@0.000ns fall@5.000ns period=10.000ns})
  Destination:            FDCE_3/D
                            (rising edge-triggered cell FDCE clocked by clk100  {rise@0.000ns fall@5.000ns period=10.000ns})
  Path Group:             clk100
  Path Type:              Setup (Max at Slow Process Corner)
  Requirement:            10.000ns  (clk100 rise@10.000ns - clk100 rise@0.000ns)
  Data Path Delay:        1.114ns  (logic 0.456ns (40.920%)  route 0.658ns (59.080%))
  Logic Levels:           0  
  Clock Path Skew:        0.000ns (DCD - SCD + CPR)
    Destination Clock Delay (DCD):    5.028ns = ( 15.028 - 10.000 ) 
    Source Clock Delay      (SCD):    5.328ns
    Clock Pessimism Removal (CPR):    0.300ns
  Clock Uncertainty:      0.035ns  ((TSJ^2 + TIJ^2)^1/2 + DJ) / 2 + PE
    Total System Jitter     (TSJ):    0.071ns
    Total Input Jitter      (TIJ):    0.000ns
    Discrete Jitter          (DJ):    0.000ns
    Phase Error              (PE):    0.000ns

    Location             Delay type                Incr(ns)  Path(ns)    Netlist Resource(s)
  -------------------------------------------------------------------    -------------------
                         (clock clk100 rise edge)     0.000     0.000 r  
    E3                                                0.000     0.000 r  clk100 (IN)
                         net (fo=0)                   0.000     0.000    clk100
    E3                   IBUF (Prop_ibuf_I_O)         1.482     1.482 r  clk100_IBUF_inst/O
                         net (fo=1, routed)           2.025     3.506    clk100_IBUF
    BUFGCTRL_X0Y16       BUFG (Prop_bufg_I_O)         0.096     3.602 r  clk100_IBUF_BUFG_inst/O
                         net (fo=9, routed)           1.725     5.328    main_crg_clkin
    SLICE_X1Y95          FDCE                                         r  FDCE_2/C
  -------------------------------------------------------------------    -------------------
    SLICE_X1Y95          FDCE (Prop_fdce_C_Q)         0.456     5.784 r  FDCE_2/Q
                         net (fo=1, routed)           0.658     6.442    builder_reset2
    SLICE_X1Y95          FDCE                                         r  FDCE_3/D
  -------------------------------------------------------------------    -------------------

                         (clock clk100 rise edge)    10.000    10.000 r  
    E3                                                0.000    10.000 r  clk100 (IN)
                         net (fo=0)                   0.000    10.000    clk100
    E3                   IBUF (Prop_ibuf_I_O)         1.411    11.411 r  clk100_IBUF_inst/O
                         net (fo=1, routed)           1.920    13.331    clk100_IBUF
    BUFGCTRL_X0Y16       BUFG (Prop_bufg_I_O)         0.091    13.422 r  clk100_IBUF_BUFG_inst/O
                         net (fo=9, routed)           1.605    15.028    main_crg_clkin
    SLICE_X1Y95          FDCE                                         r  FDCE_3/C
                         clock pessimism              0.300    15.328    
                         clock uncertainty           -0.035    15.292    
    SLICE_X1Y95          FDCE (Setup_fdce_C_D)       -0.061    15.231    FDCE_3
  -------------------------------------------------------------------
                         required time                         15.231    
                         arrival time                          -6.442    
  -------------------------------------------------------------------
                         slack                                  8.789    

Slack (MET) :             8.793ns  (required time - arrival time)
  Source:                 FDCE_3/C
                            (rising edge-triggered cell FDCE clocked by clk100  {rise@0.000ns fall@5.000ns period=10.000ns})
  Destination:            FDCE_4/D
                            (rising edge-triggered cell FDCE clocked by clk100  {rise@0.000ns fall@5.000ns period=10.000ns})
  Path Group:             clk100
  Path Type:              Setup (Max at Slow Process Corner)
  Requirement:            10.000ns  (clk100 rise@10.000ns - clk100 rise@0.000ns)
  Data Path Delay:        1.113ns  (logic 0.456ns (40.956%)  route 0.657ns (59.044%))
  Logic Levels:           0  
  Clock Path Skew:        0.000ns (DCD - SCD + CPR)
    Destination Clock Delay (DCD):    5.028ns = ( 15.028 - 10.000 ) 
    Source Clock Delay      (SCD):    5.328ns
    Clock Pessimism Removal (CPR):    0.300ns
  Clock Uncertainty:      0.035ns  ((TSJ^2 + TIJ^2)^1/2 + DJ) / 2 + PE
    Total System Jitter     (TSJ):    0.071ns
    Total Input Jitter      (TIJ):    0.000ns
    Discrete Jitter          (DJ):    0.000ns
    Phase Error              (PE):    0.000ns

    Location             Delay type                Incr(ns)  Path(ns)    Netlist Resource(s)
  -------------------------------------------------------------------    -------------------
                         (clock clk100 rise edge)     0.000     0.000 r  
    E3                                                0.000     0.000 r  clk100 (IN)
                         net (fo=0)                   0.000     0.000    clk100
    E3                   IBUF (Prop_ibuf_I_O)         1.482     1.482 r  clk100_IBUF_inst/O
                         net (fo=1, routed)           2.025     3.506    clk100_IBUF
    BUFGCTRL_X0Y16       BUFG (Prop_bufg_I_O)         0.096     3.602 r  clk100_IBUF_BUFG_inst/O
                         net (fo=9, routed)           1.725     5.328    main_crg_clkin
    SLICE_X1Y95          FDCE                                         r  FDCE_3/C
  -------------------------------------------------------------------    -------------------
    SLICE_X1Y95          FDCE (Prop_fdce_C_Q)         0.456     5.784 r  FDCE_3/Q
                         net (fo=1, routed)           0.657     6.441    builder_reset3
    SLICE_X1Y95          FDCE                                         r  FDCE_4/D
  -------------------------------------------------------------------    -------------------

                         (clock clk100 rise edge)    10.000    10.000 r  
    E3                                                0.000    10.000 r  clk100 (IN)
                         net (fo=0)                   0.000    10.000    clk100
    E3                   IBUF (Prop_ibuf_I_O)         1.411    11.411 r  clk100_IBUF_inst/O
                         net (fo=1, routed)           1.920    13.331    clk100_IBUF
    BUFGCTRL_X0Y16       BUFG (Prop_bufg_I_O)         0.091    13.422 r  clk100_IBUF_BUFG_inst/O
                         net (fo=9, routed)           1.605    15.028    main_crg_clkin
    SLICE_X1Y95          FDCE                                         r  FDCE_4/C
                         clock pessimism              0.300    15.328    
                         clock uncertainty           -0.035    15.292    
    SLICE_X1Y95          FDCE (Setup_fdce_C_D)       -0.058    15.234    FDCE_4
  -------------------------------------------------------------------
                         required time                         15.234    
                         arrival time                          -6.441    
  -------------------------------------------------------------------
                         slack                                  8.793    

Slack (MET) :             8.907ns  (required time - arrival time)
  Source:                 FDCE_5/C
                            (rising edge-triggered cell FDCE clocked by clk100  {rise@0.000ns fall@5.000ns period=10.000ns})
  Destination:            FDCE_6/D
                            (rising edge-triggered cell FDCE clocked by clk100  {rise@0.000ns fall@5.000ns period=10.000ns})
  Path Group:             clk100
  Path Type:              Setup (Max at Slow Process Corner)
  Requirement:            10.000ns  (clk100 rise@10.000ns - clk100 rise@0.000ns)
  Data Path Delay:        0.801ns  (logic 0.419ns (52.283%)  route 0.382ns (47.717%))
  Logic Levels:           0  
  Clock Path Skew:        0.000ns (DCD - SCD + CPR)
    Destination Clock Delay (DCD):    5.028ns = ( 15.028 - 10.000 ) 
    Source Clock Delay      (SCD):    5.328ns
    Clock Pessimism Removal (CPR):    0.300ns
  Clock Uncertainty:      0.035ns  ((TSJ^2 + TIJ^2)^1/2 + DJ) / 2 + PE
    Total System Jitter     (TSJ):    0.071ns
    Total Input Jitter      (TIJ):    0.000ns
    Discrete Jitter          (DJ):    0.000ns
    Phase Error              (PE):    0.000ns

    Location             Delay type                Incr(ns)  Path(ns)    Netlist Resource(s)
  -------------------------------------------------------------------    -------------------
                         (clock clk100 rise edge)     0.000     0.000 r  
    E3                                                0.000     0.000 r  clk100 (IN)
                         net (fo=0)                   0.000     0.000    clk100
    E3                   IBUF (Prop_ibuf_I_O)         1.482     1.482 r  clk100_IBUF_inst/O
                         net (fo=1, routed)           2.025     3.506    clk100_IBUF
    BUFGCTRL_X0Y16       BUFG (Prop_bufg_I_O)         0.096     3.602 r  clk100_IBUF_BUFG_inst/O
                         net (fo=9, routed)           1.725     5.328    main_crg_clkin
    SLICE_X0Y95          FDCE                                         r  FDCE_5/C
  -------------------------------------------------------------------    -------------------
    SLICE_X0Y95          FDCE (Prop_fdce_C_Q)         0.419     5.747 r  FDCE_5/Q
                         net (fo=1, routed)           0.382     6.129    builder_reset5
    SLICE_X0Y95          FDCE                                         r  FDCE_6/D
  -------------------------------------------------------------------    -------------------

                         (clock clk100 rise edge)    10.000    10.000 r  
    E3                                                0.000    10.000 r  clk100 (IN)
                         net (fo=0)                   0.000    10.000    clk100
    E3                   IBUF (Prop_ibuf_I_O)         1.411    11.411 r  clk100_IBUF_inst/O
                         net (fo=1, routed)           1.920    13.331    clk100_IBUF
    BUFGCTRL_X0Y16       BUFG (Prop_bufg_I_O)         0.091    13.422 r  clk100_IBUF_BUFG_inst/O
                         net (fo=9, routed)           1.605    15.028    main_crg_clkin
    SLICE_X0Y95          FDCE                                         r  FDCE_6/C
                         clock pessimism              0.300    15.328    
                         clock uncertainty           -0.035    15.292    
    SLICE_X0Y95          FDCE (Setup_fdce_C_D)       -0.256    15.036    FDCE_6
  -------------------------------------------------------------------
                         required time                         15.036    
                         arrival time                          -6.129    
  -------------------------------------------------------------------
                         slack                                  8.907    

Slack (MET) :             8.907ns  (required time - arrival time)
  Source:                 FDCE_1/C
                            (rising edge-triggered cell FDCE clocked by clk100  {rise@0.000ns fall@5.000ns period=10.000ns})
  Destination:            FDCE_2/D
                            (rising edge-triggered cell FDCE clocked by clk100  {rise@0.000ns fall@5.000ns period=10.000ns})
  Path Group:             clk100
  Path Type:              Setup (Max at Slow Process Corner)
  Requirement:            10.000ns  (clk100 rise@10.000ns - clk100 rise@0.000ns)
  Data Path Delay:        0.976ns  (logic 0.456ns (46.708%)  route 0.520ns (53.292%))
  Logic Levels:           0  
  Clock Path Skew:        0.000ns (DCD - SCD + CPR)
    Destination Clock Delay (DCD):    5.028ns = ( 15.028 - 10.000 ) 
    Source Clock Delay      (SCD):    5.328ns
    Clock Pessimism Removal (CPR):    0.300ns
  Clock Uncertainty:      0.035ns  ((TSJ^2 + TIJ^2)^1/2 + DJ) / 2 + PE
    Total System Jitter     (TSJ):    0.071ns
    Total Input Jitter      (TIJ):    0.000ns
    Discrete Jitter          (DJ):    0.000ns
    Phase Error              (PE):    0.000ns

    Location             Delay type                Incr(ns)  Path(ns)    Netlist Resource(s)
  -------------------------------------------------------------------    -------------------
                         (clock clk100 rise edge)     0.000     0.000 r  
    E3                                                0.000     0.000 r  clk100 (IN)
                         net (fo=0)                   0.000     0.000    clk100
    E3                   IBUF (Prop_ibuf_I_O)         1.482     1.482 r  clk100_IBUF_inst/O
                         net (fo=1, routed)           2.025     3.506    clk100_IBUF
    BUFGCTRL_X0Y16       BUFG (Prop_bufg_I_O)         0.096     3.602 r  clk100_IBUF_BUFG_inst/O
                         net (fo=9, routed)           1.725     5.328    main_crg_clkin
    SLICE_X1Y95          FDCE                                         r  FDCE_1/C
  -------------------------------------------------------------------    -------------------
    SLICE_X1Y95          FDCE (Prop_fdce_C_Q)         0.456     5.784 r  FDCE_1/Q
                         net (fo=1, routed)           0.520     6.304    builder_reset1
    SLICE_X1Y95          FDCE                                         r  FDCE_2/D
  -------------------------------------------------------------------    -------------------

                         (clock clk100 rise edge)    10.000    10.000 r  
    E3                                                0.000    10.000 r  clk100 (IN)
                         net (fo=0)                   0.000    10.000    clk100
    E3                   IBUF (Prop_ibuf_I_O)         1.411    11.411 r  clk100_IBUF_inst/O
                         net (fo=1, routed)           1.920    13.331    clk100_IBUF
    BUFGCTRL_X0Y16       BUFG (Prop_bufg_I_O)         0.091    13.422 r  clk100_IBUF_BUFG_inst/O
                         net (fo=9, routed)           1.605    15.028    main_crg_clkin
    SLICE_X1Y95          FDCE                                         r  FDCE_2/C
                         clock pessimism              0.300    15.328    
                         clock uncertainty           -0.035    15.292    
    SLICE_X1Y95          FDCE (Setup_fdce_C_D)       -0.081    15.211    FDCE_2
  -------------------------------------------------------------------
                         required time                         15.211    
                         arrival time                          -6.304    
  -------------------------------------------------------------------
                         slack                                  8.907    

Slack (MET) :             8.927ns  (required time - arrival time)
  Source:                 FDCE_6/C
                            (rising edge-triggered cell FDCE clocked by clk100  {rise@0.000ns fall@5.000ns period=10.000ns})
  Destination:            FDCE_7/D
                            (rising edge-triggered cell FDCE clocked by clk100  {rise@0.000ns fall@5.000ns period=10.000ns})
  Path Group:             clk100
  Path Type:              Setup (Max at Slow Process Corner)
  Requirement:            10.000ns  (clk100 rise@10.000ns - clk100 rise@0.000ns)
  Data Path Delay:        0.977ns  (logic 0.456ns (46.669%)  route 0.521ns (53.331%))
  Logic Levels:           0  
  Clock Path Skew:        0.000ns (DCD - SCD + CPR)
    Destination Clock Delay (DCD):    5.028ns = ( 15.028 - 10.000 ) 
    Source Clock Delay      (SCD):    5.328ns
    Clock Pessimism Removal (CPR):    0.300ns
  Clock Uncertainty:      0.035ns  ((TSJ^2 + TIJ^2)^1/2 + DJ) / 2 + PE
    Total System Jitter     (TSJ):    0.071ns
    Total Input Jitter      (TIJ):    0.000ns
    Discrete Jitter          (DJ):    0.000ns
    Phase Error              (PE):    0.000ns

    Location             Delay type                Incr(ns)  Path(ns)    Netlist Resource(s)
  -------------------------------------------------------------------    -------------------
                         (clock clk100 rise edge)     0.000     0.000 r  
    E3                                                0.000     0.000 r  clk100 (IN)
                         net (fo=0)                   0.000     0.000    clk100
    E3                   IBUF (Prop_ibuf_I_O)         1.482     1.482 r  clk100_IBUF_inst/O
                         net (fo=1, routed)           2.025     3.506    clk100_IBUF
    BUFGCTRL_X0Y16       BUFG (Prop_bufg_I_O)         0.096     3.602 r  clk100_IBUF_BUFG_inst/O
                         net (fo=9, routed)           1.725     5.328    main_crg_clkin
    SLICE_X0Y95          FDCE                                         r  FDCE_6/C
  -------------------------------------------------------------------    -------------------
    SLICE_X0Y95          FDCE (Prop_fdce_C_Q)         0.456     5.784 r  FDCE_6/Q
                         net (fo=1, routed)           0.521     6.305    builder_reset6
    SLICE_X0Y95          FDCE                                         r  FDCE_7/D
  -------------------------------------------------------------------    -------------------

                         (clock clk100 rise edge)    10.000    10.000 r  
    E3                                                0.000    10.000 r  clk100 (IN)
                         net (fo=0)                   0.000    10.000    clk100
    E3                   IBUF (Prop_ibuf_I_O)         1.411    11.411 r  clk100_IBUF_inst/O
                         net (fo=1, routed)           1.920    13.331    clk100_IBUF
    BUFGCTRL_X0Y16       BUFG (Prop_bufg_I_O)         0.091    13.422 r  clk100_IBUF_BUFG_inst/O
                         net (fo=9, routed)           1.605    15.028    main_crg_clkin
    SLICE_X0Y95          FDCE                                         r  FDCE_7/C
                         clock pessimism              0.300    15.328    
                         clock uncertainty           -0.035    15.292    
    SLICE_X0Y95          FDCE (Setup_fdce_C_D)       -0.061    15.231    FDCE_7
  -------------------------------------------------------------------
                         required time                         15.231    
                         arrival time                          -6.305    
  -------------------------------------------------------------------
                         slack                                  8.927    

Slack (MET) :             9.102ns  (required time - arrival time)
  Source:                 FDCE_4/C
                            (rising edge-triggered cell FDCE clocked by clk100  {rise@0.000ns fall@5.000ns period=10.000ns})
  Destination:            FDCE_5/D
                            (rising edge-triggered cell FDCE clocked by clk100  {rise@0.000ns fall@5.000ns period=10.000ns})
  Path Group:             clk100
  Path Type:              Setup (Max at Slow Process Corner)
  Requirement:            10.000ns  (clk100 rise@10.000ns - clk100 rise@0.000ns)
  Data Path Delay:        0.794ns  (logic 0.456ns (57.441%)  route 0.338ns (42.559%))
  Logic Levels:           0  
  Clock Path Skew:        -0.022ns (DCD - SCD + CPR)
    Destination Clock Delay (DCD):    5.028ns = ( 15.028 - 10.000 ) 
    Source Clock Delay      (SCD):    5.328ns
    Clock Pessimism Removal (CPR):    0.278ns
  Clock Uncertainty:      0.035ns  ((TSJ^2 + TIJ^2)^1/2 + DJ) / 2 + PE
    Total System Jitter     (TSJ):    0.071ns
    Total Input Jitter      (TIJ):    0.000ns
    Discrete Jitter          (DJ):    0.000ns
    Phase Error              (PE):    0.000ns

    Location             Delay type                Incr(ns)  Path(ns)    Netlist Resource(s)
  -------------------------------------------------------------------    -------------------
                         (clock clk100 rise edge)     0.000     0.000 r  
    E3                                                0.000     0.000 r  clk100 (IN)
                         net (fo=0)                   0.000     0.000    clk100
    E3                   IBUF (Prop_ibuf_I_O)         1.482     1.482 r  clk100_IBUF_inst/O
                         net (fo=1, routed)           2.025     3.506    clk100_IBUF
    BUFGCTRL_X0Y16       BUFG (Prop_bufg_I_O)         0.096     3.602 r  clk100_IBUF_BUFG_inst/O
                         net (fo=9, routed)           1.725     5.328    main_crg_clkin
    SLICE_X1Y95          FDCE                                         r  FDCE_4/C
  -------------------------------------------------------------------    -------------------
    SLICE_X1Y95          FDCE (Prop_fdce_C_Q)         0.456     5.784 r  FDCE_4/Q
                         net (fo=1, routed)           0.338     6.122    builder_reset4
    SLICE_X0Y95          FDCE                                         r  FDCE_5/D
  -------------------------------------------------------------------    -------------------

                         (clock clk100 rise edge)    10.000    10.000 r  
    E3                                                0.000    10.000 r  clk100 (IN)
                         net (fo=0)                   0.000    10.000    clk100
    E3                   IBUF (Prop_ibuf_I_O)         1.411    11.411 r  clk100_IBUF_inst/O
                         net (fo=1, routed)           1.920    13.331    clk100_IBUF
    BUFGCTRL_X0Y16       BUFG (Prop_bufg_I_O)         0.091    13.422 r  clk100_IBUF_BUFG_inst/O
                         net (fo=9, routed)           1.605    15.028    main_crg_clkin
    SLICE_X0Y95          FDCE                                         r  FDCE_5/C
                         clock pessimism              0.278    15.306    
                         clock uncertainty           -0.035    15.270    
    SLICE_X0Y95          FDCE (Setup_fdce_C_D)       -0.047    15.223    FDCE_5
  -------------------------------------------------------------------
                         required time                         15.223    
                         arrival time                          -6.122    
  -------------------------------------------------------------------
                         slack                                  9.102    





Min Delay Paths
--------------------------------------------------------------------------------------
Slack (MET) :             0.171ns  (arrival time - required time)
  Source:                 FDCE_4/C
                            (rising edge-triggered cell FDCE clocked by clk100  {rise@0.000ns fall@5.000ns period=10.000ns})
  Destination:            FDCE_5/D
                            (rising edge-triggered cell FDCE clocked by clk100  {rise@0.000ns fall@5.000ns period=10.000ns})
  Path Group:             clk100
  Path Type:              Hold (Min at Fast Process Corner)
  Requirement:            0.000ns  (clk100 rise@0.000ns - clk100 rise@0.000ns)
  Data Path Delay:        0.259ns  (logic 0.141ns (54.469%)  route 0.118ns (45.531%))
  Logic Levels:           0  
  Clock Path Skew:        0.013ns (DCD - SCD - CPR)
    Destination Clock Delay (DCD):    2.042ns
    Source Clock Delay      (SCD):    1.523ns
    Clock Pessimism Removal (CPR):    0.505ns

    Location             Delay type                Incr(ns)  Path(ns)    Netlist Resource(s)
  -------------------------------------------------------------------    -------------------
                         (clock clk100 rise edge)     0.000     0.000 r  
    E3                                                0.000     0.000 r  clk100 (IN)
                         net (fo=0)                   0.000     0.000    clk100
    E3                   IBUF (Prop_ibuf_I_O)         0.250     0.250 r  clk100_IBUF_inst/O
                         net (fo=1, routed)           0.644     0.894    clk100_IBUF
    BUFGCTRL_X0Y16       BUFG (Prop_bufg_I_O)         0.026     0.920 r  clk100_IBUF_BUFG_inst/O
                         net (fo=9, routed)           0.604     1.523    main_crg_clkin
    SLICE_X1Y95          FDCE                                         r  FDCE_4/C
  -------------------------------------------------------------------    -------------------
    SLICE_X1Y95          FDCE (Prop_fdce_C_Q)         0.141     1.664 r  FDCE_4/Q
                         net (fo=1, routed)           0.118     1.782    builder_reset4
    SLICE_X0Y95          FDCE                                         r  FDCE_5/D
  -------------------------------------------------------------------    -------------------

                         (clock clk100 rise edge)     0.000     0.000 r  
    E3                                                0.000     0.000 r  clk100 (IN)
                         net (fo=0)                   0.000     0.000    clk100
    E3                   IBUF (Prop_ibuf_I_O)         0.438     0.438 r  clk100_IBUF_inst/O
                         net (fo=1, routed)           0.699     1.136    clk100_IBUF
    BUFGCTRL_X0Y16       BUFG (Prop_bufg_I_O)         0.029     1.165 r  clk100_IBUF_BUFG_inst/O
                         net (fo=9, routed)           0.877     2.042    main_crg_clkin
    SLICE_X0Y95          FDCE                                         r  FDCE_5/C
                         clock pessimism             -0.505     1.536    
    SLICE_X0Y95          FDCE (Hold_fdce_C_D)         0.075     1.611    FDCE_5
  -------------------------------------------------------------------
                         required time                         -1.611    
                         arrival time                           1.782    
  -------------------------------------------------------------------
                         slack                                  0.171    

Slack (MET) :             0.235ns  (arrival time - required time)
  Source:                 FDCE_5/C
                            (rising edge-triggered cell FDCE clocked by clk100  {rise@0.000ns fall@5.000ns period=10.000ns})
  Destination:            FDCE_6/D
                            (rising edge-triggered cell FDCE clocked by clk100  {rise@0.000ns fall@5.000ns period=10.000ns})
  Path Group:             clk100
  Path Type:              Hold (Min at Fast Process Corner)
  Requirement:            0.000ns  (clk100 rise@0.000ns - clk100 rise@0.000ns)
  Data Path Delay:        0.247ns  (logic 0.128ns (51.736%)  route 0.119ns (48.264%))
  Logic Levels:           0  
  Clock Path Skew:        0.000ns (DCD - SCD - CPR)
    Destination Clock Delay (DCD):    2.042ns
    Source Clock Delay      (SCD):    1.523ns
    Clock Pessimism Removal (CPR):    0.518ns

    Location             Delay type                Incr(ns)  Path(ns)    Netlist Resource(s)
  -------------------------------------------------------------------    -------------------
                         (clock clk100 rise edge)     0.000     0.000 r  
    E3                                                0.000     0.000 r  clk100 (IN)
                         net (fo=0)                   0.000     0.000    clk100
    E3                   IBUF (Prop_ibuf_I_O)         0.250     0.250 r  clk100_IBUF_inst/O
                         net (fo=1, routed)           0.644     0.894    clk100_IBUF
    BUFGCTRL_X0Y16       BUFG (Prop_bufg_I_O)         0.026     0.920 r  clk100_IBUF_BUFG_inst/O
                         net (fo=9, routed)           0.604     1.523    main_crg_clkin
    SLICE_X0Y95          FDCE                                         r  FDCE_5/C
  -------------------------------------------------------------------    -------------------
    SLICE_X0Y95          FDCE (Prop_fdce_C_Q)         0.128     1.651 r  FDCE_5/Q
                         net (fo=1, routed)           0.119     1.771    builder_reset5
    SLICE_X0Y95          FDCE                                         r  FDCE_6/D
  -------------------------------------------------------------------    -------------------

                         (clock clk100 rise edge)     0.000     0.000 r  
    E3                                                0.000     0.000 r  clk100 (IN)
                         net (fo=0)                   0.000     0.000    clk100
    E3                   IBUF (Prop_ibuf_I_O)         0.438     0.438 r  clk100_IBUF_inst/O
                         net (fo=1, routed)           0.699     1.136    clk100_IBUF
    BUFGCTRL_X0Y16       BUFG (Prop_bufg_I_O)         0.029     1.165 r  clk100_IBUF_BUFG_inst/O
                         net (fo=9, routed)           0.877     2.042    main_crg_clkin
    SLICE_X0Y95          FDCE                                         r  FDCE_6/C
                         clock pessimism             -0.518     1.523    
    SLICE_X0Y95          FDCE (Hold_fdce_C_D)         0.012     1.535    FDCE_6
  -------------------------------------------------------------------
                         required time                         -1.535    
                         arrival time                           1.771    
  -------------------------------------------------------------------
                         slack                                  0.235    

Slack (MET) :             0.243ns  (arrival time - required time)
  Source:                 FDCE_6/C
                            (rising edge-triggered cell FDCE clocked by clk100  {rise@0.000ns fall@5.000ns period=10.000ns})
  Destination:            FDCE_7/D
                            (rising edge-triggered cell FDCE clocked by clk100  {rise@0.000ns fall@5.000ns period=10.000ns})
  Path Group:             clk100
  Path Type:              Hold (Min at Fast Process Corner)
  Requirement:            0.000ns  (clk100 rise@0.000ns - clk100 rise@0.000ns)
  Data Path Delay:        0.313ns  (logic 0.141ns (45.034%)  route 0.172ns (54.966%))
  Logic Levels:           0  
  Clock Path Skew:        0.000ns (DCD - SCD - CPR)
    Destination Clock Delay (DCD):    2.042ns
    Source Clock Delay      (SCD):    1.523ns
    Clock Pessimism Removal (CPR):    0.518ns

    Location             Delay type                Incr(ns)  Path(ns)    Netlist Resource(s)
  -------------------------------------------------------------------    -------------------
                         (clock clk100 rise edge)     0.000     0.000 r  
    E3                                                0.000     0.000 r  clk100 (IN)
                         net (fo=0)                   0.000     0.000    clk100
    E3                   IBUF (Prop_ibuf_I_O)         0.250     0.250 r  clk100_IBUF_inst/O
                         net (fo=1, routed)           0.644     0.894    clk100_IBUF
    BUFGCTRL_X0Y16       BUFG (Prop_bufg_I_O)         0.026     0.920 r  clk100_IBUF_BUFG_inst/O
                         net (fo=9, routed)           0.604     1.523    main_crg_clkin
    SLICE_X0Y95          FDCE                                         r  FDCE_6/C
  -------------------------------------------------------------------    -------------------
    SLICE_X0Y95          FDCE (Prop_fdce_C_Q)         0.141     1.664 r  FDCE_6/Q
                         net (fo=1, routed)           0.172     1.836    builder_reset6
    SLICE_X0Y95          FDCE                                         r  FDCE_7/D
  -------------------------------------------------------------------    -------------------

                         (clock clk100 rise edge)     0.000     0.000 r  
    E3                                                0.000     0.000 r  clk100 (IN)
                         net (fo=0)                   0.000     0.000    clk100
    E3                   IBUF (Prop_ibuf_I_O)         0.438     0.438 r  clk100_IBUF_inst/O
                         net (fo=1, routed)           0.699     1.136    clk100_IBUF
    BUFGCTRL_X0Y16       BUFG (Prop_bufg_I_O)         0.029     1.165 r  clk100_IBUF_BUFG_inst/O
                         net (fo=9, routed)           0.877     2.042    main_crg_clkin
    SLICE_X0Y95          FDCE                                         r  FDCE_7/C
                         clock pessimism             -0.518     1.523    
    SLICE_X0Y95          FDCE (Hold_fdce_C_D)         0.070     1.593    FDCE_7
  -------------------------------------------------------------------
                         required time                         -1.593    
                         arrival time                           1.836    
  -------------------------------------------------------------------
                         slack                                  0.243    

Slack (MET) :             0.245ns  (arrival time - required time)
  Source:                 FDCE_1/C
                            (rising edge-triggered cell FDCE clocked by clk100  {rise@0.000ns fall@5.000ns period=10.000ns})
  Destination:            FDCE_2/D
                            (rising edge-triggered cell FDCE clocked by clk100  {rise@0.000ns fall@5.000ns period=10.000ns})
  Path Group:             clk100
  Path Type:              Hold (Min at Fast Process Corner)
  Requirement:            0.000ns  (clk100 rise@0.000ns - clk100 rise@0.000ns)
  Data Path Delay:        0.311ns  (logic 0.141ns (45.298%)  route 0.170ns (54.702%))
  Logic Levels:           0  
  Clock Path Skew:        0.000ns (DCD - SCD - CPR)
    Destination Clock Delay (DCD):    2.042ns
    Source Clock Delay      (SCD):    1.523ns
    Clock Pessimism Removal (CPR):    0.518ns

    Location             Delay type                Incr(ns)  Path(ns)    Netlist Resource(s)
  -------------------------------------------------------------------    -------------------
                         (clock clk100 rise edge)     0.000     0.000 r  
    E3                                                0.000     0.000 r  clk100 (IN)
                         net (fo=0)                   0.000     0.000    clk100
    E3                   IBUF (Prop_ibuf_I_O)         0.250     0.250 r  clk100_IBUF_inst/O
                         net (fo=1, routed)           0.644     0.894    clk100_IBUF
    BUFGCTRL_X0Y16       BUFG (Prop_bufg_I_O)         0.026     0.920 r  clk100_IBUF_BUFG_inst/O
                         net (fo=9, routed)           0.604     1.523    main_crg_clkin
    SLICE_X1Y95          FDCE                                         r  FDCE_1/C
  -------------------------------------------------------------------    -------------------
    SLICE_X1Y95          FDCE (Prop_fdce_C_Q)         0.141     1.664 r  FDCE_1/Q
                         net (fo=1, routed)           0.170     1.835    builder_reset1
    SLICE_X1Y95          FDCE                                         r  FDCE_2/D
  -------------------------------------------------------------------    -------------------

                         (clock clk100 rise edge)     0.000     0.000 r  
    E3                                                0.000     0.000 r  clk100 (IN)
                         net (fo=0)                   0.000     0.000    clk100
    E3                   IBUF (Prop_ibuf_I_O)         0.438     0.438 r  clk100_IBUF_inst/O
                         net (fo=1, routed)           0.699     1.136    clk100_IBUF
    BUFGCTRL_X0Y16       BUFG (Prop_bufg_I_O)         0.029     1.165 r  clk100_IBUF_BUFG_inst/O
                         net (fo=9, routed)           0.877     2.042    main_crg_clkin
    SLICE_X1Y95          FDCE                                         r  FDCE_2/C
                         clock pessimism             -0.518     1.523    
    SLICE_X1Y95          FDCE (Hold_fdce_C_D)         0.066     1.589    FDCE_2
  -------------------------------------------------------------------
                         required time                         -1.589    
                         arrival time                           1.835    
  -------------------------------------------------------------------
                         slack                                  0.245    

Slack (MET) :             0.398ns  (arrival time - required time)
  Source:                 FDCE_3/C
                            (rising edge-triggered cell FDCE clocked by clk100  {rise@0.000ns fall@5.000ns period=10.000ns})
  Destination:            FDCE_4/D
                            (rising edge-triggered cell FDCE clocked by clk100  {rise@0.000ns fall@5.000ns period=10.000ns})
  Path Group:             clk100
  Path Type:              Hold (Min at Fast Process Corner)
  Requirement:            0.000ns  (clk100 rise@0.000ns - clk100 rise@0.000ns)
  Data Path Delay:        0.470ns  (logic 0.141ns (29.976%)  route 0.329ns (70.024%))
  Logic Levels:           0  
  Clock Path Skew:        0.000ns (DCD - SCD - CPR)
    Destination Clock Delay (DCD):    2.042ns
    Source Clock Delay      (SCD):    1.523ns
    Clock Pessimism Removal (CPR):    0.518ns

    Location             Delay type                Incr(ns)  Path(ns)    Netlist Resource(s)
  -------------------------------------------------------------------    -------------------
                         (clock clk100 rise edge)     0.000     0.000 r  
    E3                                                0.000     0.000 r  clk100 (IN)
                         net (fo=0)                   0.000     0.000    clk100
    E3                   IBUF (Prop_ibuf_I_O)         0.250     0.250 r  clk100_IBUF_inst/O
                         net (fo=1, routed)           0.644     0.894    clk100_IBUF
    BUFGCTRL_X0Y16       BUFG (Prop_bufg_I_O)         0.026     0.920 r  clk100_IBUF_BUFG_inst/O
                         net (fo=9, routed)           0.604     1.523    main_crg_clkin
    SLICE_X1Y95          FDCE                                         r  FDCE_3/C
  -------------------------------------------------------------------    -------------------
    SLICE_X1Y95          FDCE (Prop_fdce_C_Q)         0.141     1.664 r  FDCE_3/Q
                         net (fo=1, routed)           0.329     1.994    builder_reset3
    SLICE_X1Y95          FDCE                                         r  FDCE_4/D
  -------------------------------------------------------------------    -------------------

                         (clock clk100 rise edge)     0.000     0.000 r  
    E3                                                0.000     0.000 r  clk100 (IN)
                         net (fo=0)                   0.000     0.000    clk100
    E3                   IBUF (Prop_ibuf_I_O)         0.438     0.438 r  clk100_IBUF_inst/O
                         net (fo=1, routed)           0.699     1.136    clk100_IBUF
    BUFGCTRL_X0Y16       BUFG (Prop_bufg_I_O)         0.029     1.165 r  clk100_IBUF_BUFG_inst/O
                         net (fo=9, routed)           0.877     2.042    main_crg_clkin
    SLICE_X1Y95          FDCE                                         r  FDCE_4/C
                         clock pessimism             -0.518     1.523    
    SLICE_X1Y95          FDCE (Hold_fdce_C_D)         0.072     1.595    FDCE_4
  -------------------------------------------------------------------
                         required time                         -1.595    
                         arrival time                           1.994    
  -------------------------------------------------------------------
                         slack                                  0.398    

Slack (MET) :             0.400ns  (arrival time - required time)
  Source:                 FDCE_2/C
                            (rising edge-triggered cell FDCE clocked by clk100  {rise@0.000ns fall@5.000ns period=10.000ns})
  Destination:            FDCE_3/D
                            (rising edge-triggered cell FDCE clocked by clk100  {rise@0.000ns fall@5.000ns period=10.000ns})
  Path Group:             clk100
  Path Type:              Hold (Min at Fast Process Corner)
  Requirement:            0.000ns  (clk100 rise@0.000ns - clk100 rise@0.000ns)
  Data Path Delay:        0.470ns  (logic 0.141ns (29.976%)  route 0.329ns (70.024%))
  Logic Levels:           0  
  Clock Path Skew:        0.000ns (DCD - SCD - CPR)
    Destination Clock Delay (DCD):    2.042ns
    Source Clock Delay      (SCD):    1.523ns
    Clock Pessimism Removal (CPR):    0.518ns

    Location             Delay type                Incr(ns)  Path(ns)    Netlist Resource(s)
  -------------------------------------------------------------------    -------------------
                         (clock clk100 rise edge)     0.000     0.000 r  
    E3                                                0.000     0.000 r  clk100 (IN)
                         net (fo=0)                   0.000     0.000    clk100
    E3                   IBUF (Prop_ibuf_I_O)         0.250     0.250 r  clk100_IBUF_inst/O
                         net (fo=1, routed)           0.644     0.894    clk100_IBUF
    BUFGCTRL_X0Y16       BUFG (Prop_bufg_I_O)         0.026     0.920 r  clk100_IBUF_BUFG_inst/O
                         net (fo=9, routed)           0.604     1.523    main_crg_clkin
    SLICE_X1Y95          FDCE                                         r  FDCE_2/C
  -------------------------------------------------------------------    -------------------
    SLICE_X1Y95          FDCE (Prop_fdce_C_Q)         0.141     1.664 r  FDCE_2/Q
                         net (fo=1, routed)           0.329     1.994    builder_reset2
    SLICE_X1Y95          FDCE                                         r  FDCE_3/D
  -------------------------------------------------------------------    -------------------

                         (clock clk100 rise edge)     0.000     0.000 r  
    E3                                                0.000     0.000 r  clk100 (IN)
                         net (fo=0)                   0.000     0.000    clk100
    E3                   IBUF (Prop_ibuf_I_O)         0.438     0.438 r  clk100_IBUF_inst/O
                         net (fo=1, routed)           0.699     1.136    clk100_IBUF
    BUFGCTRL_X0Y16       BUFG (Prop_bufg_I_O)         0.029     1.165 r  clk100_IBUF_BUFG_inst/O
                         net (fo=9, routed)           0.877     2.042    main_crg_clkin
    SLICE_X1Y95          FDCE                                         r  FDCE_3/C
                         clock pessimism             -0.518     1.523    
    SLICE_X1Y95          FDCE (Hold_fdce_C_D)         0.070     1.593    FDCE_3
  -------------------------------------------------------------------
                         required time                         -1.593    
                         arrival time                           1.994    
  -------------------------------------------------------------------
                         slack                                  0.400    

Slack (MET) :             0.427ns  (arrival time - required time)
  Source:                 FDCE/C
                            (rising edge-triggered cell FDCE clocked by clk100  {rise@0.000ns fall@5.000ns period=10.000ns})
  Destination:            FDCE_1/D
                            (rising edge-triggered cell FDCE clocked by clk100  {rise@0.000ns fall@5.000ns period=10.000ns})
  Path Group:             clk100
  Path Type:              Hold (Min at Fast Process Corner)
  Requirement:            0.000ns  (clk100 rise@0.000ns - clk100 rise@0.000ns)
  Data Path Delay:        0.510ns  (logic 0.141ns (27.651%)  route 0.369ns (72.349%))
  Logic Levels:           0  
  Clock Path Skew:        0.013ns (DCD - SCD - CPR)
    Destination Clock Delay (DCD):    2.042ns
    Source Clock Delay      (SCD):    1.523ns
    Clock Pessimism Removal (CPR):    0.505ns

    Location             Delay type                Incr(ns)  Path(ns)    Netlist Resource(s)
  -------------------------------------------------------------------    -------------------
                         (clock clk100 rise edge)     0.000     0.000 r  
    E3                                                0.000     0.000 r  clk100 (IN)
                         net (fo=0)                   0.000     0.000    clk100
    E3                   IBUF (Prop_ibuf_I_O)         0.250     0.250 r  clk100_IBUF_inst/O
                         net (fo=1, routed)           0.644     0.894    clk100_IBUF
    BUFGCTRL_X0Y16       BUFG (Prop_bufg_I_O)         0.026     0.920 r  clk100_IBUF_BUFG_inst/O
                         net (fo=9, routed)           0.604     1.523    main_crg_clkin
    SLICE_X0Y95          FDCE                                         r  FDCE/C
  -------------------------------------------------------------------    -------------------
    SLICE_X0Y95          FDCE (Prop_fdce_C_Q)         0.141     1.664 r  FDCE/Q
                         net (fo=1, routed)           0.369     2.033    builder_reset0
    SLICE_X1Y95          FDCE                                         r  FDCE_1/D
  -------------------------------------------------------------------    -------------------

                         (clock clk100 rise edge)     0.000     0.000 r  
    E3                                                0.000     0.000 r  clk100 (IN)
                         net (fo=0)                   0.000     0.000    clk100
    E3                   IBUF (Prop_ibuf_I_O)         0.438     0.438 r  clk100_IBUF_inst/O
                         net (fo=1, routed)           0.699     1.136    clk100_IBUF
    BUFGCTRL_X0Y16       BUFG (Prop_bufg_I_O)         0.029     1.165 r  clk100_IBUF_BUFG_inst/O
                         net (fo=9, routed)           0.877     2.042    main_crg_clkin
    SLICE_X1Y95          FDCE                                         r  FDCE_1/C
                         clock pessimism             -0.505     1.536    
    SLICE_X1Y95          FDCE (Hold_fdce_C_D)         0.070     1.606    FDCE_1
  -------------------------------------------------------------------
                         required time                         -1.606    
                         arrival time                           2.033    
  -------------------------------------------------------------------
                         slack                                  0.427    





Pulse Width Checks
--------------------------------------------------------------------------------------
Clock Name:         clk100
Waveform(ns):       { 0.000 5.000 }
Period(ns):         10.000
Sources:            { clk100 }

Check Type        Corner  Lib Pin           Reference Pin  Required(ns)  Actual(ns)  Slack(ns)  Location        Pin
Min Period        n/a     BUFG/I            n/a            2.155         10.000      7.845      BUFGCTRL_X0Y16  clk100_IBUF_BUFG_inst/I
Min Period        n/a     PLLE2_ADV/CLKIN1  n/a            1.249         10.000      8.751      PLLE2_ADV_X0Y0  PLLE2_ADV/CLKIN1
Min Period        n/a     FDCE/C            n/a            1.000         10.000      9.000      SLICE_X0Y95     FDCE/C
Min Period        n/a     FDCE/C            n/a            1.000         10.000      9.000      SLICE_X1Y95     FDCE_1/C
Min Period        n/a     FDCE/C            n/a            1.000         10.000      9.000      SLICE_X1Y95     FDCE_2/C
Min Period        n/a     FDCE/C            n/a            1.000         10.000      9.000      SLICE_X1Y95     FDCE_3/C
Min Period        n/a     FDCE/C            n/a            1.000         10.000      9.000      SLICE_X1Y95     FDCE_4/C
Min Period        n/a     FDCE/C            n/a            1.000         10.000      9.000      SLICE_X0Y95     FDCE_5/C
Min Period        n/a     FDCE/C            n/a            1.000         10.000      9.000      SLICE_X0Y95     FDCE_6/C
Min Period        n/a     FDCE/C            n/a            1.000         10.000      9.000      SLICE_X0Y95     FDCE_7/C
Max Period        n/a     PLLE2_ADV/CLKIN1  n/a            52.633        10.000      42.633     PLLE2_ADV_X0Y0  PLLE2_ADV/CLKIN1
Low Pulse Width   Slow    PLLE2_ADV/CLKIN1  n/a            2.000         5.000       3.000      PLLE2_ADV_X0Y0  PLLE2_ADV/CLKIN1
Low Pulse Width   Fast    PLLE2_ADV/CLKIN1  n/a            2.000         5.000       3.000      PLLE2_ADV_X0Y0  PLLE2_ADV/CLKIN1
Low Pulse Width   Slow    FDCE/C            n/a            0.500         5.000       4.500      SLICE_X0Y95     FDCE/C
Low Pulse Width   Fast    FDCE/C            n/a            0.500         5.000       4.500      SLICE_X0Y95     FDCE/C
Low Pulse Width   Slow    FDCE/C            n/a            0.500         5.000       4.500      SLICE_X1Y95     FDCE_1/C
Low Pulse Width   Fast    FDCE/C            n/a            0.500         5.000       4.500      SLICE_X1Y95     FDCE_1/C
Low Pulse Width   Slow    FDCE/C            n/a            0.500         5.000       4.500      SLICE_X1Y95     FDCE_2/C
Low Pulse Width   Fast    FDCE/C            n/a            0.500         5.000       4.500      SLICE_X1Y95     FDCE_2/C
Low Pulse Width   Slow    FDCE/C            n/a            0.500         5.000       4.500      SLICE_X1Y95     FDCE_3/C
Low Pulse Width   Fast    FDCE/C            n/a            0.500         5.000       4.500      SLICE_X1Y95     FDCE_3/C
High Pulse Width  Slow    PLLE2_ADV/CLKIN1  n/a            2.000         5.000       3.000      PLLE2_ADV_X0Y0  PLLE2_ADV/CLKIN1
High Pulse Width  Fast    PLLE2_ADV/CLKIN1  n/a            2.000         5.000       3.000      PLLE2_ADV_X0Y0  PLLE2_ADV/CLKIN1
High Pulse Width  Slow    FDCE/C            n/a            0.500         5.000       4.500      SLICE_X0Y95     FDCE/C
High Pulse Width  Fast    FDCE/C            n/a            0.500         5.000       4.500      SLICE_X0Y95     FDCE/C
High Pulse Width  Slow    FDCE/C            n/a            0.500         5.000       4.500      SLICE_X1Y95     FDCE_1/C
High Pulse Width  Fast    FDCE/C            n/a            0.500         5.000       4.500      SLICE_X1Y95     FDCE_1/C
High Pulse Width  Slow    FDCE/C            n/a            0.500         5.000       4.500      SLICE_X1Y95     FDCE_2/C
High Pulse Width  Fast    FDCE/C            n/a            0.500         5.000       4.500      SLICE_X1Y95     FDCE_2/C
High Pulse Width  Slow    FDCE/C            n/a            0.500         5.000       4.500      SLICE_X1Y95     FDCE_3/C
High Pulse Width  Fast    FDCE/C            n/a            0.500         5.000       4.500      SLICE_X1Y95     FDCE_3/C



---------------------------------------------------------------------------------------------------
From Clock:  builder_pll_fb
  To Clock:  builder_pll_fb

Setup :           NA  Failing Endpoints,  Worst Slack           NA  ,  Total Violation           NA
Hold  :           NA  Failing Endpoints,  Worst Slack           NA  ,  Total Violation           NA
PW    :            0  Failing Endpoints,  Worst Slack        8.751ns,  Total Violation        0.000ns
---------------------------------------------------------------------------------------------------


Pulse Width Checks
--------------------------------------------------------------------------------------
Clock Name:         builder_pll_fb
Waveform(ns):       { 0.000 5.000 }
Period(ns):         10.000
Sources:            { PLLE2_ADV/CLKFBOUT }

Check Type  Corner  Lib Pin             Reference Pin  Required(ns)  Actual(ns)  Slack(ns)  Location        Pin
Min Period  n/a     PLLE2_ADV/CLKFBOUT  n/a            1.249         10.000      8.751      PLLE2_ADV_X0Y0  PLLE2_ADV/CLKFBOUT
Min Period  n/a     PLLE2_ADV/CLKFBIN   n/a            1.249         10.000      8.751      PLLE2_ADV_X0Y0  PLLE2_ADV/CLKFBIN
Max Period  n/a     PLLE2_ADV/CLKFBIN   n/a            52.633        10.000      42.633     PLLE2_ADV_X0Y0  PLLE2_ADV/CLKFBIN
Max Period  n/a     PLLE2_ADV/CLKFBOUT  n/a            160.000       10.000      150.000    PLLE2_ADV_X0Y0  PLLE2_ADV/CLKFBOUT



---------------------------------------------------------------------------------------------------
From Clock:  main_crg_clkout0
  To Clock:  main_crg_clkout0

Setup :          390  Failing Endpoints,  Worst Slack       -6.309ns,  Total Violation     -447.818ns
Hold  :            0  Failing Endpoints,  Worst Slack        0.026ns,  Total Violation        0.000ns
PW    :            0  Failing Endpoints,  Worst Slack        3.750ns,  Total Violation        0.000ns
---------------------------------------------------------------------------------------------------


Max Delay Paths
--------------------------------------------------------------------------------------
Slack (VIOLATED) :        -6.309ns  (required time - arrival time)
  Source:                 gemv_core/row_reg[1]/C
                            (rising edge-triggered cell FDRE clocked by main_crg_clkout0  {rise@0.000ns fall@5.000ns period=10.000ns})
  Destination:            gemv_core/acc_reg[29]/D
                            (rising edge-triggered cell FDRE clocked by main_crg_clkout0  {rise@0.000ns fall@5.000ns period=10.000ns})
  Path Group:             main_crg_clkout0
  Path Type:              Setup (Max at Slow Process Corner)
  Requirement:            10.000ns  (main_crg_clkout0 rise@10.000ns - main_crg_clkout0 rise@0.000ns)
  Data Path Delay:        16.420ns  (logic 7.441ns (45.318%)  route 8.979ns (54.682%))
  Logic Levels:           22  (CARRY4=11 LUT2=4 LUT4=1 LUT6=5 RAMD64E=1)
  Clock Path Skew:        0.136ns (DCD - SCD + CPR)
    Destination Clock Delay (DCD):    9.186ns = ( 19.186 - 10.000 ) 
    Source Clock Delay      (SCD):    9.474ns
    Clock Pessimism Removal (CPR):    0.424ns
  Clock Uncertainty:      0.057ns  ((TSJ^2 + DJ^2)^1/2) / 2 + PE
    Total System Jitter     (TSJ):    0.071ns
    Discrete Jitter          (DJ):    0.089ns
    Phase Error              (PE):    0.000ns

    Location             Delay type                Incr(ns)  Path(ns)    Netlist Resource(s)
  -------------------------------------------------------------------    -------------------
                         (clock main_crg_clkout0 rise edge)
                                                      0.000     0.000 r  
    E3                                                0.000     0.000 r  clk100 (IN)
                         net (fo=0)                   0.000     0.000    clk100
    E3                   IBUF (Prop_ibuf_I_O)         1.482     1.482 r  clk100_IBUF_inst/O
                         net (fo=1, routed)           2.025     3.506    clk100_IBUF
    BUFGCTRL_X0Y16       BUFG (Prop_bufg_I_O)         0.096     3.602 r  clk100_IBUF_BUFG_inst/O
                         net (fo=9, routed)           1.832     5.435    main_crg_clkin
    PLLE2_ADV_X0Y0       PLLE2_ADV (Prop_plle2_adv_CLKIN1_CLKOUT0)
                                                      0.088     5.523 r  PLLE2_ADV/CLKOUT0
                         net (fo=1, routed)           2.012     7.535    main_crg_clkout0
    BUFGCTRL_X0Y14       BUFG (Prop_bufg_I_O)         0.096     7.631 r  BUFG_replica_1/O
                         net (fo=5, routed)           0.140     7.771    main_crg_clkout_buf0_repN_1
    BUFGCTRL_X0Y15       BUFG (Prop_bufg_I_O)         0.096     7.867 r  BUFG_replica/O
                         net (fo=4, routed)           1.606     9.474    gemv_core/main_crg_clkout_buf0_repN_alias
    SLICE_X53Y72         FDRE                                         r  gemv_core/row_reg[1]/C
  -------------------------------------------------------------------    -------------------
    SLICE_X53Y72         FDRE (Prop_fdre_C_Q)         0.456     9.930 r  gemv_core/row_reg[1]/Q
                         net (fo=141, routed)         0.595    10.524    gemv_core/row[1]
    SLICE_X53Y72         LUT4 (Prop_lut4_I1_O)        0.124    10.648 r  gemv_core/w_mem_reg_0_63_0_2_i_3/O
                         net (fo=144, routed)         0.898    11.547    gemv_core/w_mem_reg_704_767_24_26/ADDRB4
    SLICE_X50Y72         RAMD64E (Prop_ramd64e_RADR4_O)
                                                      0.124    11.671 r  gemv_core/w_mem_reg_704_767_24_26/RAMB/O
                         net (fo=1, routed)           1.120    12.791    gemv_core/w_mem_reg_704_767_24_26_n_1
    SLICE_X51Y69         LUT6 (Prop_lut6_I0_O)        0.124    12.915 r  gemv_core/acc[0]_i_186/O
                         net (fo=1, routed)           0.947    13.861    gemv_core/acc[0]_i_186_n_0
    SLICE_X48Y70         LUT6 (Prop_lut6_I1_O)        0.124    13.985 r  gemv_core/acc[0]_i_129/O
                         net (fo=18, routed)          0.950    14.935    gemv_core/B[1]
    SLICE_X42Y69         LUT6 (Prop_lut6_I3_O)        0.124    15.059 r  gemv_core/acc[31]_i_241/O
                         net (fo=1, routed)           0.466    15.525    gemv_core/acc[31]_i_241_n_0
    SLICE_X45Y70         CARRY4 (Prop_carry4_DI[1]_CO[3])
                                                      0.507    16.032 r  gemv_core/acc_reg[31]_i_149/CO[3]
                         net (fo=1, routed)           0.000    16.032    gemv_core/acc_reg[31]_i_149_n_0
    SLICE_X45Y71         CARRY4 (Prop_carry4_CI_O[1])
                                                      0.334    16.366 r  gemv_core/acc_reg[31]_i_147/O[1]
                         net (fo=3, routed)           0.830    17.196    gemv_core/acc_reg[31]_i_147_n_6
    SLICE_X43Y71         LUT6 (Prop_lut6_I5_O)        0.303    17.499 r  gemv_core/acc[31]_i_106/O
                         net (fo=1, routed)           0.000    17.499    gemv_core/acc[31]_i_106_n_0
    SLICE_X43Y71         CARRY4 (Prop_carry4_S[1]_CO[3])
                                                      0.550    18.049 r  gemv_core/acc_reg[31]_i_71/CO[3]
                         net (fo=1, routed)           0.000    18.049    gemv_core/acc_reg[31]_i_71_n_0
    SLICE_X43Y72         CARRY4 (Prop_carry4_CI_O[1])
                                                      0.334    18.383 r  gemv_core/acc_reg[31]_i_53/O[1]
                         net (fo=2, routed)           0.576    18.959    gemv_core/dot40[13]
    SLICE_X41Y72         LUT2 (Prop_lut2_I0_O)        0.303    19.262 r  gemv_core/acc[31]_i_56/O
                         net (fo=1, routed)           0.000    19.262    gemv_core/acc[31]_i_56_n_0
    SLICE_X41Y72         CARRY4 (Prop_carry4_S[1]_O[3])
                                                      0.640    19.902 r  gemv_core/acc_reg[31]_i_42/O[3]
                         net (fo=4, routed)           0.863    20.765    gemv_core/acc_reg[31]_i_42_n_4
    SLICE_X41Y66         LUT2 (Prop_lut2_I0_O)        0.306    21.071 r  gemv_core/acc[31]_i_47/O
                         net (fo=1, routed)           0.000    21.071    gemv_core/acc[31]_i_47_n_0
    SLICE_X41Y66         CARRY4 (Prop_carry4_S[3]_CO[3])
                                                      0.401    21.472 r  gemv_core/acc_reg[31]_i_23/CO[3]
                         net (fo=1, routed)           0.000    21.472    gemv_core/acc_reg[31]_i_23_n_0
    SLICE_X41Y67         CARRY4 (Prop_carry4_CI_O[0])
                                                      0.222    21.694 r  gemv_core/acc_reg[31]_i_22/O[0]
                         net (fo=3, routed)           0.766    22.460    gemv_core/C[16]
    SLICE_X40Y66         LUT2 (Prop_lut2_I0_O)        0.299    22.759 r  gemv_core/acc[31]_i_24/O
                         net (fo=1, routed)           0.000    22.759    gemv_core/acc[31]_i_24_n_0
    SLICE_X40Y66         CARRY4 (Prop_carry4_S[1]_CO[2])
                                                      0.570    23.329 r  gemv_core/acc_reg[31]_i_13/CO[2]
                         net (fo=14, routed)          0.626    23.955    gemv_core/acc_reg[31]_i_13_n_1
    SLICE_X39Y66         LUT2 (Prop_lut2_I1_O)        0.313    24.268 r  gemv_core/acc[20]_i_7/O
                         net (fo=1, routed)           0.000    24.268    gemv_core/acc[20]_i_7_n_0
    SLICE_X39Y66         CARRY4 (Prop_carry4_S[0]_CO[3])
                                                      0.532    24.800 r  gemv_core/acc_reg[20]_i_2/CO[3]
                         net (fo=1, routed)           0.000    24.800    gemv_core/acc_reg[20]_i_2_n_0
    SLICE_X39Y67         CARRY4 (Prop_carry4_CI_CO[3])
                                                      0.114    24.914 r  gemv_core/acc_reg[24]_i_2/CO[3]
                         net (fo=1, routed)           0.000    24.914    gemv_core/acc_reg[24]_i_2_n_0
    SLICE_X39Y68         CARRY4 (Prop_carry4_CI_O[1])
                                                      0.334    25.248 r  gemv_core/acc_reg[31]_i_3/O[1]
                         net (fo=1, routed)           0.342    25.590    gemv_core/acc0__13[29]
    SLICE_X39Y69         LUT6 (Prop_lut6_I0_O)        0.303    25.893 r  gemv_core/acc[29]_i_1/O
                         net (fo=1, routed)           0.000    25.893    gemv_core/acc[29]_i_1_n_0
    SLICE_X39Y69         FDRE                                         r  gemv_core/acc_reg[29]/D
  -------------------------------------------------------------------    -------------------

                         (clock main_crg_clkout0 rise edge)
                                                     10.000    10.000 r  
    E3                                                0.000    10.000 r  clk100 (IN)
                         net (fo=0)                   0.000    10.000    clk100
    E3                   IBUF (Prop_ibuf_I_O)         1.411    11.411 r  clk100_IBUF_inst/O
                         net (fo=1, routed)           1.920    13.331    clk100_IBUF
    BUFGCTRL_X0Y16       BUFG (Prop_bufg_I_O)         0.091    13.422 r  clk100_IBUF_BUFG_inst/O
                         net (fo=9, routed)           1.705    15.127    main_crg_clkin
    PLLE2_ADV_X0Y0       PLLE2_ADV (Prop_plle2_adv_CLKIN1_CLKOUT0)
                                                      0.083    15.210 r  PLLE2_ADV/CLKOUT0
                         net (fo=1, routed)           1.918    17.128    main_crg_clkout0
    BUFGCTRL_X0Y14       BUFG (Prop_bufg_I_O)         0.091    17.219 r  BUFG_replica_1/O
                         net (fo=5, routed)           0.133    17.352    main_crg_clkout_buf0_repN_1
    BUFGCTRL_X0Y15       BUFG (Prop_bufg_I_O)         0.091    17.443 r  BUFG_replica/O
                         net (fo=4, routed)           0.147    17.590    main_crg_clkout_buf0_repN
    BUFGCTRL_X0Y0        BUFG (Prop_bufg_I_O)         0.091    17.681 r  BUFG/O
                         net (fo=6673, routed)        1.504    19.186    gemv_core/main_crg_clkout_buf0
    SLICE_X39Y69         FDRE                                         r  gemv_core/acc_reg[29]/C
                         clock pessimism              0.424    19.610    
                         clock uncertainty           -0.057    19.553    
    SLICE_X39Y69         FDRE (Setup_fdre_C_D)        0.031    19.584    gemv_core/acc_reg[29]
  -------------------------------------------------------------------
                         required time                         19.584    
                         arrival time                         -25.893    
  -------------------------------------------------------------------
                         slack                                 -6.309    

Slack (VIOLATED) :        -6.248ns  (required time - arrival time)
  Source:                 gemv_core/row_reg[1]/C
                            (rising edge-triggered cell FDRE clocked by main_crg_clkout0  {rise@0.000ns fall@5.000ns period=10.000ns})
  Destination:            gemv_core/acc_reg[31]/D
                            (rising edge-triggered cell FDRE clocked by main_crg_clkout0  {rise@0.000ns fall@5.000ns period=10.000ns})
  Path Group:             main_crg_clkout0
  Path Type:              Setup (Max at Slow Process Corner)
  Requirement:            10.000ns  (main_crg_clkout0 rise@10.000ns - main_crg_clkout0 rise@0.000ns)
  Data Path Delay:        16.359ns  (logic 7.423ns (45.375%)  route 8.936ns (54.625%))
  Logic Levels:           22  (CARRY4=11 LUT2=4 LUT4=1 LUT6=5 RAMD64E=1)
  Clock Path Skew:        0.136ns (DCD - SCD + CPR)
    Destination Clock Delay (DCD):    9.186ns = ( 19.186 - 10.000 ) 
    Source Clock Delay      (SCD):    9.474ns
    Clock Pessimism Removal (CPR):    0.424ns
  Clock Uncertainty:      0.057ns  ((TSJ^2 + DJ^2)^1/2) / 2 + PE
    Total System Jitter     (TSJ):    0.071ns
    Discrete Jitter          (DJ):    0.089ns
    Phase Error              (PE):    0.000ns

    Location             Delay type                Incr(ns)  Path(ns)    Netlist Resource(s)
  -------------------------------------------------------------------    -------------------
                         (clock main_crg_clkout0 rise edge)
                                                      0.000     0.000 r  
    E3                                                0.000     0.000 r  clk100 (IN)
                         net (fo=0)                   0.000     0.000    clk100
    E3                   IBUF (Prop_ibuf_I_O)         1.482     1.482 r  clk100_IBUF_inst/O
                         net (fo=1, routed)           2.025     3.506    clk100_IBUF
    BUFGCTRL_X0Y16       BUFG (Prop_bufg_I_O)         0.096     3.602 r  clk100_IBUF_BUFG_inst/O
                         net (fo=9, routed)           1.832     5.435    main_crg_clkin
    PLLE2_ADV_X0Y0       PLLE2_ADV (Prop_plle2_adv_CLKIN1_CLKOUT0)
                                                      0.088     5.523 r  PLLE2_ADV/CLKOUT0
                         net (fo=1, routed)           2.012     7.535    main_crg_clkout0
    BUFGCTRL_X0Y14       BUFG (Prop_bufg_I_O)         0.096     7.631 r  BUFG_replica_1/O
                         net (fo=5, routed)           0.140     7.771    main_crg_clkout_buf0_repN_1
    BUFGCTRL_X0Y15       BUFG (Prop_bufg_I_O)         0.096     7.867 r  BUFG_replica/O
                         net (fo=4, routed)           1.606     9.474    gemv_core/main_crg_clkout_buf0_repN_alias
    SLICE_X53Y72         FDRE                                         r  gemv_core/row_reg[1]/C
  -------------------------------------------------------------------    -------------------
    SLICE_X53Y72         FDRE (Prop_fdre_C_Q)         0.456     9.930 r  gemv_core/row_reg[1]/Q
                         net (fo=141, routed)         0.595    10.524    gemv_core/row[1]
    SLICE_X53Y72         LUT4 (Prop_lut4_I1_O)        0.124    10.648 r  gemv_core/w_mem_reg_0_63_0_2_i_3/O
                         net (fo=144, routed)         0.898    11.547    gemv_core/w_mem_reg_704_767_24_26/ADDRB4
    SLICE_X50Y72         RAMD64E (Prop_ramd64e_RADR4_O)
                                                      0.124    11.671 r  gemv_core/w_mem_reg_704_767_24_26/RAMB/O
                         net (fo=1, routed)           1.120    12.791    gemv_core/w_mem_reg_704_767_24_26_n_1
    SLICE_X51Y69         LUT6 (Prop_lut6_I0_O)        0.124    12.915 r  gemv_core/acc[0]_i_186/O
                         net (fo=1, routed)           0.947    13.861    gemv_core/acc[0]_i_186_n_0
    SLICE_X48Y70         LUT6 (Prop_lut6_I1_O)        0.124    13.985 r  gemv_core/acc[0]_i_129/O
                         net (fo=18, routed)          0.950    14.935    gemv_core/B[1]
    SLICE_X42Y69         LUT6 (Prop_lut6_I3_O)        0.124    15.059 r  gemv_core/acc[31]_i_241/O
                         net (fo=1, routed)           0.466    15.525    gemv_core/acc[31]_i_241_n_0
    SLICE_X45Y70         CARRY4 (Prop_carry4_DI[1]_CO[3])
                                                      0.507    16.032 r  gemv_core/acc_reg[31]_i_149/CO[3]
                         net (fo=1, routed)           0.000    16.032    gemv_core/acc_reg[31]_i_149_n_0
    SLICE_X45Y71         CARRY4 (Prop_carry4_CI_O[1])
                                                      0.334    16.366 r  gemv_core/acc_reg[31]_i_147/O[1]
                         net (fo=3, routed)           0.830    17.196    gemv_core/acc_reg[31]_i_147_n_6
    SLICE_X43Y71         LUT6 (Prop_lut6_I5_O)        0.303    17.499 r  gemv_core/acc[31]_i_106/O
                         net (fo=1, routed)           0.000    17.499    gemv_core/acc[31]_i_106_n_0
    SLICE_X43Y71         CARRY4 (Prop_carry4_S[1]_CO[3])
                                                      0.550    18.049 r  gemv_core/acc_reg[31]_i_71/CO[3]
                         net (fo=1, routed)           0.000    18.049    gemv_core/acc_reg[31]_i_71_n_0
    SLICE_X43Y72         CARRY4 (Prop_carry4_CI_O[1])
                                                      0.334    18.383 r  gemv_core/acc_reg[31]_i_53/O[1]
                         net (fo=2, routed)           0.576    18.959    gemv_core/dot40[13]
    SLICE_X41Y72         LUT2 (Prop_lut2_I0_O)        0.303    19.262 r  gemv_core/acc[31]_i_56/O
                         net (fo=1, routed)           0.000    19.262    gemv_core/acc[31]_i_56_n_0
    SLICE_X41Y72         CARRY4 (Prop_carry4_S[1]_O[3])
                                                      0.640    19.902 r  gemv_core/acc_reg[31]_i_42/O[3]
                         net (fo=4, routed)           0.863    20.765    gemv_core/acc_reg[31]_i_42_n_4
    SLICE_X41Y66         LUT2 (Prop_lut2_I0_O)        0.306    21.071 r  gemv_core/acc[31]_i_47/O
                         net (fo=1, routed)           0.000    21.071    gemv_core/acc[31]_i_47_n_0
    SLICE_X41Y66         CARRY4 (Prop_carry4_S[3]_CO[3])
                                                      0.401    21.472 r  gemv_core/acc_reg[31]_i_23/CO[3]
                         net (fo=1, routed)           0.000    21.472    gemv_core/acc_reg[31]_i_23_n_0
    SLICE_X41Y67         CARRY4 (Prop_carry4_CI_O[0])
                                                      0.222    21.694 r  gemv_core/acc_reg[31]_i_22/O[0]
                         net (fo=3, routed)           0.766    22.460    gemv_core/C[16]
    SLICE_X40Y66         LUT2 (Prop_lut2_I0_O)        0.299    22.759 r  gemv_core/acc[31]_i_24/O
                         net (fo=1, routed)           0.000    22.759    gemv_core/acc[31]_i_24_n_0
    SLICE_X40Y66         CARRY4 (Prop_carry4_S[1]_CO[2])
                                                      0.570    23.329 r  gemv_core/acc_reg[31]_i_13/CO[2]
                         net (fo=14, routed)          0.626    23.955    gemv_core/acc_reg[31]_i_13_n_1
    SLICE_X39Y66         LUT2 (Prop_lut2_I1_O)        0.313    24.268 r  gemv_core/acc[20]_i_7/O
                         net (fo=1, routed)           0.000    24.268    gemv_core/acc[20]_i_7_n_0
    SLICE_X39Y66         CARRY4 (Prop_carry4_S[0]_CO[3])
                                                      0.532    24.800 r  gemv_core/acc_reg[20]_i_2/CO[3]
                         net (fo=1, routed)           0.000    24.800    gemv_core/acc_reg[20]_i_2_n_0
    SLICE_X39Y67         CARRY4 (Prop_carry4_CI_CO[3])
                                                      0.114    24.914 r  gemv_core/acc_reg[24]_i_2/CO[3]
                         net (fo=1, routed)           0.000    24.914    gemv_core/acc_reg[24]_i_2_n_0
    SLICE_X39Y68         CARRY4 (Prop_carry4_CI_O[3])
                                                      0.313    25.227 r  gemv_core/acc_reg[31]_i_3/O[3]
                         net (fo=1, routed)           0.300    25.527    gemv_core/acc0__13[31]
    SLICE_X39Y69         LUT6 (Prop_lut6_I0_O)        0.306    25.833 r  gemv_core/acc[31]_i_2/O
                         net (fo=1, routed)           0.000    25.833    gemv_core/acc[31]_i_2_n_0
    SLICE_X39Y69         FDRE                                         r  gemv_core/acc_reg[31]/D
  -------------------------------------------------------------------    -------------------

                         (clock main_crg_clkout0 rise edge)
                                                     10.000    10.000 r  
    E3                                                0.000    10.000 r  clk100 (IN)
                         net (fo=0)                   0.000    10.000    clk100
    E3                   IBUF (Prop_ibuf_I_O)         1.411    11.411 r  clk100_IBUF_inst/O
                         net (fo=1, routed)           1.920    13.331    clk100_IBUF
    BUFGCTRL_X0Y16       BUFG (Prop_bufg_I_O)         0.091    13.422 r  clk100_IBUF_BUFG_inst/O
                         net (fo=9, routed)           1.705    15.127    main_crg_clkin
    PLLE2_ADV_X0Y0       PLLE2_ADV (Prop_plle2_adv_CLKIN1_CLKOUT0)
                                                      0.083    15.210 r  PLLE2_ADV/CLKOUT0
                         net (fo=1, routed)           1.918    17.128    main_crg_clkout0
    BUFGCTRL_X0Y14       BUFG (Prop_bufg_I_O)         0.091    17.219 r  BUFG_replica_1/O
                         net (fo=5, routed)           0.133    17.352    main_crg_clkout_buf0_repN_1
    BUFGCTRL_X0Y15       BUFG (Prop_bufg_I_O)         0.091    17.443 r  BUFG_replica/O
                         net (fo=4, routed)           0.147    17.590    main_crg_clkout_buf0_repN
    BUFGCTRL_X0Y0        BUFG (Prop_bufg_I_O)         0.091    17.681 r  BUFG/O
                         net (fo=6673, routed)        1.504    19.186    gemv_core/main_crg_clkout_buf0
    SLICE_X39Y69         FDRE                                         r  gemv_core/acc_reg[31]/C
                         clock pessimism              0.424    19.610    
                         clock uncertainty           -0.057    19.553    
    SLICE_X39Y69         FDRE (Setup_fdre_C_D)        0.032    19.585    gemv_core/acc_reg[31]
  -------------------------------------------------------------------
                         required time                         19.585    
                         arrival time                         -25.833    
  -------------------------------------------------------------------
                         slack                                 -6.248    

Slack (VIOLATED) :        -6.147ns  (required time - arrival time)
  Source:                 gemv_core/row_reg[1]/C
                            (rising edge-triggered cell FDRE clocked by main_crg_clkout0  {rise@0.000ns fall@5.000ns period=10.000ns})
  Destination:            gemv_core/acc_reg[28]/D
                            (rising edge-triggered cell FDRE clocked by main_crg_clkout0  {rise@0.000ns fall@5.000ns period=10.000ns})
  Path Group:             main_crg_clkout0
  Path Type:              Setup (Max at Slow Process Corner)
  Requirement:            10.000ns  (main_crg_clkout0 rise@10.000ns - main_crg_clkout0 rise@0.000ns)
  Data Path Delay:        16.258ns  (logic 7.325ns (45.056%)  route 8.933ns (54.944%))
  Logic Levels:           22  (CARRY4=11 LUT2=4 LUT4=1 LUT6=5 RAMD64E=1)
  Clock Path Skew:        0.136ns (DCD - SCD + CPR)
    Destination Clock Delay (DCD):    9.186ns = ( 19.186 - 10.000 ) 
    Source Clock Delay      (SCD):    9.474ns
    Clock Pessimism Removal (CPR):    0.424ns
  Clock Uncertainty:      0.057ns  ((TSJ^2 + DJ^2)^1/2) / 2 + PE
    Total System Jitter     (TSJ):    0.071ns
    Discrete Jitter          (DJ):    0.089ns
    Phase Error              (PE):    0.000ns

    Location             Delay type                Incr(ns)  Path(ns)    Netlist Resource(s)
  -------------------------------------------------------------------    -------------------
                         (clock main_crg_clkout0 rise edge)
                                                      0.000     0.000 r  
    E3                                                0.000     0.000 r  clk100 (IN)
                         net (fo=0)                   0.000     0.000    clk100
    E3                   IBUF (Prop_ibuf_I_O)         1.482     1.482 r  clk100_IBUF_inst/O
                         net (fo=1, routed)           2.025     3.506    clk100_IBUF
    BUFGCTRL_X0Y16       BUFG (Prop_bufg_I_O)         0.096     3.602 r  clk100_IBUF_BUFG_inst/O
                         net (fo=9, routed)           1.832     5.435    main_crg_clkin
    PLLE2_ADV_X0Y0       PLLE2_ADV (Prop_plle2_adv_CLKIN1_CLKOUT0)
                                                      0.088     5.523 r  PLLE2_ADV/CLKOUT0
                         net (fo=1, routed)           2.012     7.535    main_crg_clkout0
    BUFGCTRL_X0Y14       BUFG (Prop_bufg_I_O)         0.096     7.631 r  BUFG_replica_1/O
                         net (fo=5, routed)           0.140     7.771    main_crg_clkout_buf0_repN_1
    BUFGCTRL_X0Y15       BUFG (Prop_bufg_I_O)         0.096     7.867 r  BUFG_replica/O
                         net (fo=4, routed)           1.606     9.474    gemv_core/main_crg_clkout_buf0_repN_alias
    SLICE_X53Y72         FDRE                                         r  gemv_core/row_reg[1]/C
  -------------------------------------------------------------------    -------------------
    SLICE_X53Y72         FDRE (Prop_fdre_C_Q)         0.456     9.930 r  gemv_core/row_reg[1]/Q
                         net (fo=141, routed)         0.595    10.524    gemv_core/row[1]
    SLICE_X53Y72         LUT4 (Prop_lut4_I1_O)        0.124    10.648 r  gemv_core/w_mem_reg_0_63_0_2_i_3/O
                         net (fo=144, routed)         0.898    11.547    gemv_core/w_mem_reg_704_767_24_26/ADDRB4
    SLICE_X50Y72         RAMD64E (Prop_ramd64e_RADR4_O)
                                                      0.124    11.671 r  gemv_core/w_mem_reg_704_767_24_26/RAMB/O
                         net (fo=1, routed)           1.120    12.791    gemv_core/w_mem_reg_704_767_24_26_n_1
    SLICE_X51Y69         LUT6 (Prop_lut6_I0_O)        0.124    12.915 r  gemv_core/acc[0]_i_186/O
                         net (fo=1, routed)           0.947    13.861    gemv_core/acc[0]_i_186_n_0
    SLICE_X48Y70         LUT6 (Prop_lut6_I1_O)        0.124    13.985 r  gemv_core/acc[0]_i_129/O
                         net (fo=18, routed)          0.950    14.935    gemv_core/B[1]
    SLICE_X42Y69         LUT6 (Prop_lut6_I3_O)        0.124    15.059 r  gemv_core/acc[31]_i_241/O
                         net (fo=1, routed)           0.466    15.525    gemv_core/acc[31]_i_241_n_0
    SLICE_X45Y70         CARRY4 (Prop_carry4_DI[1]_CO[3])
                                                      0.507    16.032 r  gemv_core/acc_reg[31]_i_149/CO[3]
                         net (fo=1, routed)           0.000    16.032    gemv_core/acc_reg[31]_i_149_n_0
    SLICE_X45Y71         CARRY4 (Prop_carry4_CI_O[1])
                                                      0.334    16.366 r  gemv_core/acc_reg[31]_i_147/O[1]
                         net (fo=3, routed)           0.830    17.196    gemv_core/acc_reg[31]_i_147_n_6
    SLICE_X43Y71         LUT6 (Prop_lut6_I5_O)        0.303    17.499 r  gemv_core/acc[31]_i_106/O
                         net (fo=1, routed)           0.000    17.499    gemv_core/acc[31]_i_106_n_0
    SLICE_X43Y71         CARRY4 (Prop_carry4_S[1]_CO[3])
                                                      0.550    18.049 r  gemv_core/acc_reg[31]_i_71/CO[3]
                         net (fo=1, routed)           0.000    18.049    gemv_core/acc_reg[31]_i_71_n_0
    SLICE_X43Y72         CARRY4 (Prop_carry4_CI_O[1])
                                                      0.334    18.383 r  gemv_core/acc_reg[31]_i_53/O[1]
                         net (fo=2, routed)           0.576    18.959    gemv_core/dot40[13]
    SLICE_X41Y72         LUT2 (Prop_lut2_I0_O)        0.303    19.262 r  gemv_core/acc[31]_i_56/O
                         net (fo=1, routed)           0.000    19.262    gemv_core/acc[31]_i_56_n_0
    SLICE_X41Y72         CARRY4 (Prop_carry4_S[1]_O[3])
                                                      0.640    19.902 r  gemv_core/acc_reg[31]_i_42/O[3]
                         net (fo=4, routed)           0.863    20.765    gemv_core/acc_reg[31]_i_42_n_4
    SLICE_X41Y66         LUT2 (Prop_lut2_I0_O)        0.306    21.071 r  gemv_core/acc[31]_i_47/O
                         net (fo=1, routed)           0.000    21.071    gemv_core/acc[31]_i_47_n_0
    SLICE_X41Y66         CARRY4 (Prop_carry4_S[3]_CO[3])
                                                      0.401    21.472 r  gemv_core/acc_reg[31]_i_23/CO[3]
                         net (fo=1, routed)           0.000    21.472    gemv_core/acc_reg[31]_i_23_n_0
    SLICE_X41Y67         CARRY4 (Prop_carry4_CI_O[0])
                                                      0.222    21.694 r  gemv_core/acc_reg[31]_i_22/O[0]
                         net (fo=3, routed)           0.766    22.460    gemv_core/C[16]
    SLICE_X40Y66         LUT2 (Prop_lut2_I0_O)        0.299    22.759 r  gemv_core/acc[31]_i_24/O
                         net (fo=1, routed)           0.000    22.759    gemv_core/acc[31]_i_24_n_0
    SLICE_X40Y66         CARRY4 (Prop_carry4_S[1]_CO[2])
                                                      0.570    23.329 r  gemv_core/acc_reg[31]_i_13/CO[2]
                         net (fo=14, routed)          0.626    23.955    gemv_core/acc_reg[31]_i_13_n_1
    SLICE_X39Y66         LUT2 (Prop_lut2_I1_O)        0.313    24.268 r  gemv_core/acc[20]_i_7/O
                         net (fo=1, routed)           0.000    24.268    gemv_core/acc[20]_i_7_n_0
    SLICE_X39Y66         CARRY4 (Prop_carry4_S[0]_CO[3])
                                                      0.532    24.800 r  gemv_core/acc_reg[20]_i_2/CO[3]
                         net (fo=1, routed)           0.000    24.800    gemv_core/acc_reg[20]_i_2_n_0
    SLICE_X39Y67         CARRY4 (Prop_carry4_CI_CO[3])
                                                      0.114    24.914 r  gemv_core/acc_reg[24]_i_2/CO[3]
                         net (fo=1, routed)           0.000    24.914    gemv_core/acc_reg[24]_i_2_n_0
    SLICE_X39Y68         CARRY4 (Prop_carry4_CI_O[0])
                                                      0.222    25.136 r  gemv_core/acc_reg[31]_i_3/O[0]
                         net (fo=1, routed)           0.296    25.432    gemv_core/acc0__13[28]
    SLICE_X39Y69         LUT6 (Prop_lut6_I0_O)        0.299    25.731 r  gemv_core/acc[28]_i_1/O
                         net (fo=1, routed)           0.000    25.731    gemv_core/acc[28]_i_1_n_0
    SLICE_X39Y69         FDRE                                         r  gemv_core/acc_reg[28]/D
  -------------------------------------------------------------------    -------------------

                         (clock main_crg_clkout0 rise edge)
                                                     10.000    10.000 r  
    E3                                                0.000    10.000 r  clk100 (IN)
                         net (fo=0)                   0.000    10.000    clk100
    E3                   IBUF (Prop_ibuf_I_O)         1.411    11.411 r  clk100_IBUF_inst/O
                         net (fo=1, routed)           1.920    13.331    clk100_IBUF
    BUFGCTRL_X0Y16       BUFG (Prop_bufg_I_O)         0.091    13.422 r  clk100_IBUF_BUFG_inst/O
                         net (fo=9, routed)           1.705    15.127    main_crg_clkin
    PLLE2_ADV_X0Y0       PLLE2_ADV (Prop_plle2_adv_CLKIN1_CLKOUT0)
                                                      0.083    15.210 r  PLLE2_ADV/CLKOUT0
                         net (fo=1, routed)           1.918    17.128    main_crg_clkout0
    BUFGCTRL_X0Y14       BUFG (Prop_bufg_I_O)         0.091    17.219 r  BUFG_replica_1/O
                         net (fo=5, routed)           0.133    17.352    main_crg_clkout_buf0_repN_1
    BUFGCTRL_X0Y15       BUFG (Prop_bufg_I_O)         0.091    17.443 r  BUFG_replica/O
                         net (fo=4, routed)           0.147    17.590    main_crg_clkout_buf0_repN
    BUFGCTRL_X0Y0        BUFG (Prop_bufg_I_O)         0.091    17.681 r  BUFG/O
                         net (fo=6673, routed)        1.504    19.186    gemv_core/main_crg_clkout_buf0
    SLICE_X39Y69         FDRE                                         r  gemv_core/acc_reg[28]/C
                         clock pessimism              0.424    19.610    
                         clock uncertainty           -0.057    19.553    
    SLICE_X39Y69         FDRE (Setup_fdre_C_D)        0.031    19.584    gemv_core/acc_reg[28]
  -------------------------------------------------------------------
                         required time                         19.584    
                         arrival time                         -25.731    
  -------------------------------------------------------------------
                         slack                                 -6.147    

Slack (VIOLATED) :        -6.137ns  (required time - arrival time)
  Source:                 gemv_core/row_reg[1]/C
                            (rising edge-triggered cell FDRE clocked by main_crg_clkout0  {rise@0.000ns fall@5.000ns period=10.000ns})
  Destination:            gemv_core/acc_reg[27]/D
                            (rising edge-triggered cell FDRE clocked by main_crg_clkout0  {rise@0.000ns fall@5.000ns period=10.000ns})
  Path Group:             main_crg_clkout0
  Path Type:              Setup (Max at Slow Process Corner)
  Requirement:            10.000ns  (main_crg_clkout0 rise@10.000ns - main_crg_clkout0 rise@0.000ns)
  Data Path Delay:        16.300ns  (logic 7.309ns (44.840%)  route 8.991ns (55.160%))
  Logic Levels:           21  (CARRY4=10 LUT2=4 LUT4=1 LUT6=5 RAMD64E=1)
  Clock Path Skew:        0.139ns (DCD - SCD + CPR)
    Destination Clock Delay (DCD):    9.189ns = ( 19.189 - 10.000 ) 
    Source Clock Delay      (SCD):    9.474ns
    Clock Pessimism Removal (CPR):    0.424ns
  Clock Uncertainty:      0.057ns  ((TSJ^2 + DJ^2)^1/2) / 2 + PE
    Total System Jitter     (TSJ):    0.071ns
    Discrete Jitter          (DJ):    0.089ns
    Phase Error              (PE):    0.000ns

    Location             Delay type                Incr(ns)  Path(ns)    Netlist Resource(s)
  -------------------------------------------------------------------    -------------------
                         (clock main_crg_clkout0 rise edge)
                                                      0.000     0.000 r  
    E3                                                0.000     0.000 r  clk100 (IN)
                         net (fo=0)                   0.000     0.000    clk100
    E3                   IBUF (Prop_ibuf_I_O)         1.482     1.482 r  clk100_IBUF_inst/O
                         net (fo=1, routed)           2.025     3.506    clk100_IBUF
    BUFGCTRL_X0Y16       BUFG (Prop_bufg_I_O)         0.096     3.602 r  clk100_IBUF_BUFG_inst/O
                         net (fo=9, routed)           1.832     5.435    main_crg_clkin
    PLLE2_ADV_X0Y0       PLLE2_ADV (Prop_plle2_adv_CLKIN1_CLKOUT0)
                                                      0.088     5.523 r  PLLE2_ADV/CLKOUT0
                         net (fo=1, routed)           2.012     7.535    main_crg_clkout0
    BUFGCTRL_X0Y14       BUFG (Prop_bufg_I_O)         0.096     7.631 r  BUFG_replica_1/O
                         net (fo=5, routed)           0.140     7.771    main_crg_clkout_buf0_repN_1
    BUFGCTRL_X0Y15       BUFG (Prop_bufg_I_O)         0.096     7.867 r  BUFG_replica/O
                         net (fo=4, routed)           1.606     9.474    gemv_core/main_crg_clkout_buf0_repN_alias
    SLICE_X53Y72         FDRE                                         r  gemv_core/row_reg[1]/C
  -------------------------------------------------------------------    -------------------
    SLICE_X53Y72         FDRE (Prop_fdre_C_Q)         0.456     9.930 r  gemv_core/row_reg[1]/Q
                         net (fo=141, routed)         0.595    10.524    gemv_core/row[1]
    SLICE_X53Y72         LUT4 (Prop_lut4_I1_O)        0.124    10.648 r  gemv_core/w_mem_reg_0_63_0_2_i_3/O
                         net (fo=144, routed)         0.898    11.547    gemv_core/w_mem_reg_704_767_24_26/ADDRB4
    SLICE_X50Y72         RAMD64E (Prop_ramd64e_RADR4_O)
                                                      0.124    11.671 r  gemv_core/w_mem_reg_704_767_24_26/RAMB/O
                         net (fo=1, routed)           1.120    12.791    gemv_core/w_mem_reg_704_767_24_26_n_1
    SLICE_X51Y69         LUT6 (Prop_lut6_I0_O)        0.124    12.915 r  gemv_core/acc[0]_i_186/O
                         net (fo=1, routed)           0.947    13.861    gemv_core/acc[0]_i_186_n_0
    SLICE_X48Y70         LUT6 (Prop_lut6_I1_O)        0.124    13.985 r  gemv_core/acc[0]_i_129/O
                         net (fo=18, routed)          0.950    14.935    gemv_core/B[1]
    SLICE_X42Y69         LUT6 (Prop_lut6_I3_O)        0.124    15.059 r  gemv_core/acc[31]_i_241/O
                         net (fo=1, routed)           0.466    15.525    gemv_core/acc[31]_i_241_n_0
    SLICE_X45Y70         CARRY4 (Prop_carry4_DI[1]_CO[3])
                                                      0.507    16.032 r  gemv_core/acc_reg[31]_i_149/CO[3]
                         net (fo=1, routed)           0.000    16.032    gemv_core/acc_reg[31]_i_149_n_0
    SLICE_X45Y71         CARRY4 (Prop_carry4_CI_O[1])
                                                      0.334    16.366 r  gemv_core/acc_reg[31]_i_147/O[1]
                         net (fo=3, routed)           0.830    17.196    gemv_core/acc_reg[31]_i_147_n_6
    SLICE_X43Y71         LUT6 (Prop_lut6_I5_O)        0.303    17.499 r  gemv_core/acc[31]_i_106/O
                         net (fo=1, routed)           0.000    17.499    gemv_core/acc[31]_i_106_n_0
    SLICE_X43Y71         CARRY4 (Prop_carry4_S[1]_CO[3])
                                                      0.550    18.049 r  gemv_core/acc_reg[31]_i_71/CO[3]
                         net (fo=1, routed)           0.000    18.049    gemv_core/acc_reg[31]_i_71_n_0
    SLICE_X43Y72         CARRY4 (Prop_carry4_CI_O[1])
                                                      0.334    18.383 r  gemv_core/acc_reg[31]_i_53/O[1]
                         net (fo=2, routed)           0.576    18.959    gemv_core/dot40[13]
    SLICE_X41Y72         LUT2 (Prop_lut2_I0_O)        0.303    19.262 r  gemv_core/acc[31]_i_56/O
                         net (fo=1, routed)           0.000    19.262    gemv_core/acc[31]_i_56_n_0
    SLICE_X41Y72         CARRY4 (Prop_carry4_S[1]_O[3])
                                                      0.640    19.902 r  gemv_core/acc_reg[31]_i_42/O[3]
                         net (fo=4, routed)           0.863    20.765    gemv_core/acc_reg[31]_i_42_n_4
    SLICE_X41Y66         LUT2 (Prop_lut2_I0_O)        0.306    21.071 r  gemv_core/acc[31]_i_47/O
                         net (fo=1, routed)           0.000    21.071    gemv_core/acc[31]_i_47_n_0
    SLICE_X41Y66         CARRY4 (Prop_carry4_S[3]_CO[3])
                                                      0.401    21.472 r  gemv_core/acc_reg[31]_i_23/CO[3]
                         net (fo=1, routed)           0.000    21.472    gemv_core/acc_reg[31]_i_23_n_0
    SLICE_X41Y67         CARRY4 (Prop_carry4_CI_O[0])
                                                      0.222    21.694 r  gemv_core/acc_reg[31]_i_22/O[0]
                         net (fo=3, routed)           0.766    22.460    gemv_core/C[16]
    SLICE_X40Y66         LUT2 (Prop_lut2_I0_O)        0.299    22.759 r  gemv_core/acc[31]_i_24/O
                         net (fo=1, routed)           0.000    22.759    gemv_core/acc[31]_i_24_n_0
    SLICE_X40Y66         CARRY4 (Prop_carry4_S[1]_CO[2])
                                                      0.570    23.329 r  gemv_core/acc_reg[31]_i_13/CO[2]
                         net (fo=14, routed)          0.626    23.955    gemv_core/acc_reg[31]_i_13_n_1
    SLICE_X39Y66         LUT2 (Prop_lut2_I1_O)        0.313    24.268 r  gemv_core/acc[20]_i_7/O
                         net (fo=1, routed)           0.000    24.268    gemv_core/acc[20]_i_7_n_0
    SLICE_X39Y66         CARRY4 (Prop_carry4_S[0]_CO[3])
                                                      0.532    24.800 r  gemv_core/acc_reg[20]_i_2/CO[3]
                         net (fo=1, routed)           0.000    24.800    gemv_core/acc_reg[20]_i_2_n_0
    SLICE_X39Y67         CARRY4 (Prop_carry4_CI_O[3])
                                                      0.313    25.113 r  gemv_core/acc_reg[24]_i_2/O[3]
                         net (fo=1, routed)           0.354    25.468    gemv_core/acc0__13[27]
    SLICE_X38Y67         LUT6 (Prop_lut6_I0_O)        0.306    25.774 r  gemv_core/acc[27]_i_1/O
                         net (fo=1, routed)           0.000    25.774    gemv_core/acc[27]_i_1_n_0
    SLICE_X38Y67         FDRE                                         r  gemv_core/acc_reg[27]/D
  -------------------------------------------------------------------    -------------------

                         (clock main_crg_clkout0 rise edge)
                                                     10.000    10.000 r  
    E3                                                0.000    10.000 r  clk100 (IN)
                         net (fo=0)                   0.000    10.000    clk100
    E3                   IBUF (Prop_ibuf_I_O)         1.411    11.411 r  clk100_IBUF_inst/O
                         net (fo=1, routed)           1.920    13.331    clk100_IBUF
    BUFGCTRL_X0Y16       BUFG (Prop_bufg_I_O)         0.091    13.422 r  clk100_IBUF_BUFG_inst/O
                         net (fo=9, routed)           1.705    15.127    main_crg_clkin
    PLLE2_ADV_X0Y0       PLLE2_ADV (Prop_plle2_adv_CLKIN1_CLKOUT0)
                                                      0.083    15.210 r  PLLE2_ADV/CLKOUT0
                         net (fo=1, routed)           1.918    17.128    main_crg_clkout0
    BUFGCTRL_X0Y14       BUFG (Prop_bufg_I_O)         0.091    17.219 r  BUFG_replica_1/O
                         net (fo=5, routed)           0.133    17.352    main_crg_clkout_buf0_repN_1
    BUFGCTRL_X0Y15       BUFG (Prop_bufg_I_O)         0.091    17.443 r  BUFG_replica/O
                         net (fo=4, routed)           0.147    17.590    main_crg_clkout_buf0_repN
    BUFGCTRL_X0Y0        BUFG (Prop_bufg_I_O)         0.091    17.681 r  BUFG/O
                         net (fo=6673, routed)        1.507    19.189    gemv_core/main_crg_clkout_buf0
    SLICE_X38Y67         FDRE                                         r  gemv_core/acc_reg[27]/C
                         clock pessimism              0.424    19.613    
                         clock uncertainty           -0.057    19.556    
    SLICE_X38Y67         FDRE (Setup_fdre_C_D)        0.081    19.637    gemv_core/acc_reg[27]
  -------------------------------------------------------------------
                         required time                         19.637    
                         arrival time                         -25.774    
  -------------------------------------------------------------------
                         slack                                 -6.137    

Slack (VIOLATED) :        -6.133ns  (required time - arrival time)
  Source:                 gemv_core/row_reg[1]/C
                            (rising edge-triggered cell FDRE clocked by main_crg_clkout0  {rise@0.000ns fall@5.000ns period=10.000ns})
  Destination:            gemv_core/acc_reg[30]/D
                            (rising edge-triggered cell FDRE clocked by main_crg_clkout0  {rise@0.000ns fall@5.000ns period=10.000ns})
  Path Group:             main_crg_clkout0
  Path Type:              Setup (Max at Slow Process Corner)
  Requirement:            10.000ns  (main_crg_clkout0 rise@10.000ns - main_crg_clkout0 rise@0.000ns)
  Data Path Delay:        16.292ns  (logic 7.345ns (45.082%)  route 8.947ns (54.918%))
  Logic Levels:           22  (CARRY4=11 LUT2=4 LUT4=1 LUT6=5 RAMD64E=1)
  Clock Path Skew:        0.139ns (DCD - SCD + CPR)
    Destination Clock Delay (DCD):    9.189ns = ( 19.189 - 10.000 ) 
    Source Clock Delay      (SCD):    9.474ns
    Clock Pessimism Removal (CPR):    0.424ns
  Clock Uncertainty:      0.057ns  ((TSJ^2 + DJ^2)^1/2) / 2 + PE
    Total System Jitter     (TSJ):    0.071ns
    Discrete Jitter          (DJ):    0.089ns
    Phase Error              (PE):    0.000ns

    Location             Delay type                Incr(ns)  Path(ns)    Netlist Resource(s)
  -------------------------------------------------------------------    -------------------
                         (clock main_crg_clkout0 rise edge)
                                                      0.000     0.000 r  
    E3                                                0.000     0.000 r  clk100 (IN)
                         net (fo=0)                   0.000     0.000    clk100
    E3                   IBUF (Prop_ibuf_I_O)         1.482     1.482 r  clk100_IBUF_inst/O
                         net (fo=1, routed)           2.025     3.506    clk100_IBUF
    BUFGCTRL_X0Y16       BUFG (Prop_bufg_I_O)         0.096     3.602 r  clk100_IBUF_BUFG_inst/O
                         net (fo=9, routed)           1.832     5.435    main_crg_clkin
    PLLE2_ADV_X0Y0       PLLE2_ADV (Prop_plle2_adv_CLKIN1_CLKOUT0)
                                                      0.088     5.523 r  PLLE2_ADV/CLKOUT0
                         net (fo=1, routed)           2.012     7.535    main_crg_clkout0
    BUFGCTRL_X0Y14       BUFG (Prop_bufg_I_O)         0.096     7.631 r  BUFG_replica_1/O
                         net (fo=5, routed)           0.140     7.771    main_crg_clkout_buf0_repN_1
    BUFGCTRL_X0Y15       BUFG (Prop_bufg_I_O)         0.096     7.867 r  BUFG_replica/O
                         net (fo=4, routed)           1.606     9.474    gemv_core/main_crg_clkout_buf0_repN_alias
    SLICE_X53Y72         FDRE                                         r  gemv_core/row_reg[1]/C
  -------------------------------------------------------------------    -------------------
    SLICE_X53Y72         FDRE (Prop_fdre_C_Q)         0.456     9.930 r  gemv_core/row_reg[1]/Q
                         net (fo=141, routed)         0.595    10.524    gemv_core/row[1]
    SLICE_X53Y72         LUT4 (Prop_lut4_I1_O)        0.124    10.648 r  gemv_core/w_mem_reg_0_63_0_2_i_3/O
                         net (fo=144, routed)         0.898    11.547    gemv_core/w_mem_reg_704_767_24_26/ADDRB4
    SLICE_X50Y72         RAMD64E (Prop_ramd64e_RADR4_O)
                                                      0.124    11.671 r  gemv_core/w_mem_reg_704_767_24_26/RAMB/O
                         net (fo=1, routed)           1.120    12.791    gemv_core/w_mem_reg_704_767_24_26_n_1
    SLICE_X51Y69         LUT6 (Prop_lut6_I0_O)        0.124    12.915 r  gemv_core/acc[0]_i_186/O
                         net (fo=1, routed)           0.947    13.861    gemv_core/acc[0]_i_186_n_0
    SLICE_X48Y70         LUT6 (Prop_lut6_I1_O)        0.124    13.985 r  gemv_core/acc[0]_i_129/O
                         net (fo=18, routed)          0.950    14.935    gemv_core/B[1]
    SLICE_X42Y69         LUT6 (Prop_lut6_I3_O)        0.124    15.059 r  gemv_core/acc[31]_i_241/O
                         net (fo=1, routed)           0.466    15.525    gemv_core/acc[31]_i_241_n_0
    SLICE_X45Y70         CARRY4 (Prop_carry4_DI[1]_CO[3])
                                                      0.507    16.032 r  gemv_core/acc_reg[31]_i_149/CO[3]
                         net (fo=1, routed)           0.000    16.032    gemv_core/acc_reg[31]_i_149_n_0
    SLICE_X45Y71         CARRY4 (Prop_carry4_CI_O[1])
                                                      0.334    16.366 r  gemv_core/acc_reg[31]_i_147/O[1]
                         net (fo=3, routed)           0.830    17.196    gemv_core/acc_reg[31]_i_147_n_6
    SLICE_X43Y71         LUT6 (Prop_lut6_I5_O)        0.303    17.499 r  gemv_core/acc[31]_i_106/O
                         net (fo=1, routed)           0.000    17.499    gemv_core/acc[31]_i_106_n_0
    SLICE_X43Y71         CARRY4 (Prop_carry4_S[1]_CO[3])
                                                      0.550    18.049 r  gemv_core/acc_reg[31]_i_71/CO[3]
                         net (fo=1, routed)           0.000    18.049    gemv_core/acc_reg[31]_i_71_n_0
    SLICE_X43Y72         CARRY4 (Prop_carry4_CI_O[1])
                                                      0.334    18.383 r  gemv_core/acc_reg[31]_i_53/O[1]
                         net (fo=2, routed)           0.576    18.959    gemv_core/dot40[13]
    SLICE_X41Y72         LUT2 (Prop_lut2_I0_O)        0.303    19.262 r  gemv_core/acc[31]_i_56/O
                         net (fo=1, routed)           0.000    19.262    gemv_core/acc[31]_i_56_n_0
    SLICE_X41Y72         CARRY4 (Prop_carry4_S[1]_O[3])
                                                      0.640    19.902 r  gemv_core/acc_reg[31]_i_42/O[3]
                         net (fo=4, routed)           0.863    20.765    gemv_core/acc_reg[31]_i_42_n_4
    SLICE_X41Y66         LUT2 (Prop_lut2_I0_O)        0.306    21.071 r  gemv_core/acc[31]_i_47/O
                         net (fo=1, routed)           0.000    21.071    gemv_core/acc[31]_i_47_n_0
    SLICE_X41Y66         CARRY4 (Prop_carry4_S[3]_CO[3])
                                                      0.401    21.472 r  gemv_core/acc_reg[31]_i_23/CO[3]
                         net (fo=1, routed)           0.000    21.472    gemv_core/acc_reg[31]_i_23_n_0
    SLICE_X41Y67         CARRY4 (Prop_carry4_CI_O[0])
                                                      0.222    21.694 r  gemv_core/acc_reg[31]_i_22/O[0]
                         net (fo=3, routed)           0.766    22.460    gemv_core/C[16]
    SLICE_X40Y66         LUT2 (Prop_lut2_I0_O)        0.299    22.759 r  gemv_core/acc[31]_i_24/O
                         net (fo=1, routed)           0.000    22.759    gemv_core/acc[31]_i_24_n_0
    SLICE_X40Y66         CARRY4 (Prop_carry4_S[1]_CO[2])
                                                      0.570    23.329 r  gemv_core/acc_reg[31]_i_13/CO[2]
                         net (fo=14, routed)          0.626    23.955    gemv_core/acc_reg[31]_i_13_n_1
    SLICE_X39Y66         LUT2 (Prop_lut2_I1_O)        0.313    24.268 r  gemv_core/acc[20]_i_7/O
                         net (fo=1, routed)           0.000    24.268    gemv_core/acc[20]_i_7_n_0
    SLICE_X39Y66         CARRY4 (Prop_carry4_S[0]_CO[3])
                                                      0.532    24.800 r  gemv_core/acc_reg[20]_i_2/CO[3]
                         net (fo=1, routed)           0.000    24.800    gemv_core/acc_reg[20]_i_2_n_0
    SLICE_X39Y67         CARRY4 (Prop_carry4_CI_CO[3])
                                                      0.114    24.914 r  gemv_core/acc_reg[24]_i_2/CO[3]
                         net (fo=1, routed)           0.000    24.914    gemv_core/acc_reg[24]_i_2_n_0
    SLICE_X39Y68         CARRY4 (Prop_carry4_CI_O[2])
                                                      0.239    25.153 r  gemv_core/acc_reg[31]_i_3/O[2]
                         net (fo=1, routed)           0.311    25.464    gemv_core/acc0__13[30]
    SLICE_X38Y67         LUT6 (Prop_lut6_I0_O)        0.302    25.766 r  gemv_core/acc[30]_i_1/O
                         net (fo=1, routed)           0.000    25.766    gemv_core/acc[30]_i_1_n_0
    SLICE_X38Y67         FDRE                                         r  gemv_core/acc_reg[30]/D
  -------------------------------------------------------------------    -------------------

                         (clock main_crg_clkout0 rise edge)
                                                     10.000    10.000 r  
    E3                                                0.000    10.000 r  clk100 (IN)
                         net (fo=0)                   0.000    10.000    clk100
    E3                   IBUF (Prop_ibuf_I_O)         1.411    11.411 r  clk100_IBUF_inst/O
                         net (fo=1, routed)           1.920    13.331    clk100_IBUF
    BUFGCTRL_X0Y16       BUFG (Prop_bufg_I_O)         0.091    13.422 r  clk100_IBUF_BUFG_inst/O
                         net (fo=9, routed)           1.705    15.127    main_crg_clkin
    PLLE2_ADV_X0Y0       PLLE2_ADV (Prop_plle2_adv_CLKIN1_CLKOUT0)
                                                      0.083    15.210 r  PLLE2_ADV/CLKOUT0
                         net (fo=1, routed)           1.918    17.128    main_crg_clkout0
    BUFGCTRL_X0Y14       BUFG (Prop_bufg_I_O)         0.091    17.219 r  BUFG_replica_1/O
                         net (fo=5, routed)           0.133    17.352    main_crg_clkout_buf0_repN_1
    BUFGCTRL_X0Y15       BUFG (Prop_bufg_I_O)         0.091    17.443 r  BUFG_replica/O
                         net (fo=4, routed)           0.147    17.590    main_crg_clkout_buf0_repN
    BUFGCTRL_X0Y0        BUFG (Prop_bufg_I_O)         0.091    17.681 r  BUFG/O
                         net (fo=6673, routed)        1.507    19.189    gemv_core/main_crg_clkout_buf0
    SLICE_X38Y67         FDRE                                         r  gemv_core/acc_reg[30]/C
                         clock pessimism              0.424    19.613    
                         clock uncertainty           -0.057    19.556    
    SLICE_X38Y67         FDRE (Setup_fdre_C_D)        0.077    19.633    gemv_core/acc_reg[30]
  -------------------------------------------------------------------
                         required time                         19.633    
                         arrival time                         -25.766    
  -------------------------------------------------------------------
                         slack                                 -6.133    

Slack (VIOLATED) :        -6.109ns  (required time - arrival time)
  Source:                 gemv_core/row_reg[1]/C
                            (rising edge-triggered cell FDRE clocked by main_crg_clkout0  {rise@0.000ns fall@5.000ns period=10.000ns})
  Destination:            gemv_core/acc_reg[25]/D
                            (rising edge-triggered cell FDRE clocked by main_crg_clkout0  {rise@0.000ns fall@5.000ns period=10.000ns})
  Path Group:             main_crg_clkout0
  Path Type:              Setup (Max at Slow Process Corner)
  Requirement:            10.000ns  (main_crg_clkout0 rise@10.000ns - main_crg_clkout0 rise@0.000ns)
  Data Path Delay:        16.271ns  (logic 7.327ns (45.032%)  route 8.944ns (54.968%))
  Logic Levels:           21  (CARRY4=10 LUT2=4 LUT4=1 LUT6=5 RAMD64E=1)
  Clock Path Skew:        0.137ns (DCD - SCD + CPR)
    Destination Clock Delay (DCD):    9.187ns = ( 19.187 - 10.000 ) 
    Source Clock Delay      (SCD):    9.474ns
    Clock Pessimism Removal (CPR):    0.424ns
  Clock Uncertainty:      0.057ns  ((TSJ^2 + DJ^2)^1/2) / 2 + PE
    Total System Jitter     (TSJ):    0.071ns
    Discrete Jitter          (DJ):    0.089ns
    Phase Error              (PE):    0.000ns

    Location             Delay type                Incr(ns)  Path(ns)    Netlist Resource(s)
  -------------------------------------------------------------------    -------------------
                         (clock main_crg_clkout0 rise edge)
                                                      0.000     0.000 r  
    E3                                                0.000     0.000 r  clk100 (IN)
                         net (fo=0)                   0.000     0.000    clk100
    E3                   IBUF (Prop_ibuf_I_O)         1.482     1.482 r  clk100_IBUF_inst/O
                         net (fo=1, routed)           2.025     3.506    clk100_IBUF
    BUFGCTRL_X0Y16       BUFG (Prop_bufg_I_O)         0.096     3.602 r  clk100_IBUF_BUFG_inst/O
                         net (fo=9, routed)           1.832     5.435    main_crg_clkin
    PLLE2_ADV_X0Y0       PLLE2_ADV (Prop_plle2_adv_CLKIN1_CLKOUT0)
                                                      0.088     5.523 r  PLLE2_ADV/CLKOUT0
                         net (fo=1, routed)           2.012     7.535    main_crg_clkout0
    BUFGCTRL_X0Y14       BUFG (Prop_bufg_I_O)         0.096     7.631 r  BUFG_replica_1/O
                         net (fo=5, routed)           0.140     7.771    main_crg_clkout_buf0_repN_1
    BUFGCTRL_X0Y15       BUFG (Prop_bufg_I_O)         0.096     7.867 r  BUFG_replica/O
                         net (fo=4, routed)           1.606     9.474    gemv_core/main_crg_clkout_buf0_repN_alias
    SLICE_X53Y72         FDRE                                         r  gemv_core/row_reg[1]/C
  -------------------------------------------------------------------    -------------------
    SLICE_X53Y72         FDRE (Prop_fdre_C_Q)         0.456     9.930 r  gemv_core/row_reg[1]/Q
                         net (fo=141, routed)         0.595    10.524    gemv_core/row[1]
    SLICE_X53Y72         LUT4 (Prop_lut4_I1_O)        0.124    10.648 r  gemv_core/w_mem_reg_0_63_0_2_i_3/O
                         net (fo=144, routed)         0.898    11.547    gemv_core/w_mem_reg_704_767_24_26/ADDRB4
    SLICE_X50Y72         RAMD64E (Prop_ramd64e_RADR4_O)
                                                      0.124    11.671 r  gemv_core/w_mem_reg_704_767_24_26/RAMB/O
                         net (fo=1, routed)           1.120    12.791    gemv_core/w_mem_reg_704_767_24_26_n_1
    SLICE_X51Y69         LUT6 (Prop_lut6_I0_O)        0.124    12.915 r  gemv_core/acc[0]_i_186/O
                         net (fo=1, routed)           0.947    13.861    gemv_core/acc[0]_i_186_n_0
    SLICE_X48Y70         LUT6 (Prop_lut6_I1_O)        0.124    13.985 r  gemv_core/acc[0]_i_129/O
                         net (fo=18, routed)          0.950    14.935    gemv_core/B[1]
    SLICE_X42Y69         LUT6 (Prop_lut6_I3_O)        0.124    15.059 r  gemv_core/acc[31]_i_241/O
                         net (fo=1, routed)           0.466    15.525    gemv_core/acc[31]_i_241_n_0
    SLICE_X45Y70         CARRY4 (Prop_carry4_DI[1]_CO[3])
                                                      0.507    16.032 r  gemv_core/acc_reg[31]_i_149/CO[3]
                         net (fo=1, routed)           0.000    16.032    gemv_core/acc_reg[31]_i_149_n_0
    SLICE_X45Y71         CARRY4 (Prop_carry4_CI_O[1])
                                                      0.334    16.366 r  gemv_core/acc_reg[31]_i_147/O[1]
                         net (fo=3, routed)           0.830    17.196    gemv_core/acc_reg[31]_i_147_n_6
    SLICE_X43Y71         LUT6 (Prop_lut6_I5_O)        0.303    17.499 r  gemv_core/acc[31]_i_106/O
                         net (fo=1, routed)           0.000    17.499    gemv_core/acc[31]_i_106_n_0
    SLICE_X43Y71         CARRY4 (Prop_carry4_S[1]_CO[3])
                                                      0.550    18.049 r  gemv_core/acc_reg[31]_i_71/CO[3]
                         net (fo=1, routed)           0.000    18.049    gemv_core/acc_reg[31]_i_71_n_0
    SLICE_X43Y72         CARRY4 (Prop_carry4_CI_O[1])
                                                      0.334    18.383 r  gemv_core/acc_reg[31]_i_53/O[1]
                         net (fo=2, routed)           0.576    18.959    gemv_core/dot40[13]
    SLICE_X41Y72         LUT2 (Prop_lut2_I0_O)        0.303    19.262 r  gemv_core/acc[31]_i_56/O
                         net (fo=1, routed)           0.000    19.262    gemv_core/acc[31]_i_56_n_0
    SLICE_X41Y72         CARRY4 (Prop_carry4_S[1]_O[3])
                                                      0.640    19.902 r  gemv_core/acc_reg[31]_i_42/O[3]
                         net (fo=4, routed)           0.863    20.765    gemv_core/acc_reg[31]_i_42_n_4
    SLICE_X41Y66         LUT2 (Prop_lut2_I0_O)        0.306    21.071 r  gemv_core/acc[31]_i_47/O
                         net (fo=1, routed)           0.000    21.071    gemv_core/acc[31]_i_47_n_0
    SLICE_X41Y66         CARRY4 (Prop_carry4_S[3]_CO[3])
                                                      0.401    21.472 r  gemv_core/acc_reg[31]_i_23/CO[3]
                         net (fo=1, routed)           0.000    21.472    gemv_core/acc_reg[31]_i_23_n_0
    SLICE_X41Y67         CARRY4 (Prop_carry4_CI_O[0])
                                                      0.222    21.694 r  gemv_core/acc_reg[31]_i_22/O[0]
                         net (fo=3, routed)           0.766    22.460    gemv_core/C[16]
    SLICE_X40Y66         LUT2 (Prop_lut2_I0_O)        0.299    22.759 r  gemv_core/acc[31]_i_24/O
                         net (fo=1, routed)           0.000    22.759    gemv_core/acc[31]_i_24_n_0
    SLICE_X40Y66         CARRY4 (Prop_carry4_S[1]_CO[2])
                                                      0.570    23.329 r  gemv_core/acc_reg[31]_i_13/CO[2]
                         net (fo=14, routed)          0.626    23.955    gemv_core/acc_reg[31]_i_13_n_1
    SLICE_X39Y66         LUT2 (Prop_lut2_I1_O)        0.313    24.268 r  gemv_core/acc[20]_i_7/O
                         net (fo=1, routed)           0.000    24.268    gemv_core/acc[20]_i_7_n_0
    SLICE_X39Y66         CARRY4 (Prop_carry4_S[0]_CO[3])
                                                      0.532    24.800 r  gemv_core/acc_reg[20]_i_2/CO[3]
                         net (fo=1, routed)           0.000    24.800    gemv_core/acc_reg[20]_i_2_n_0
    SLICE_X39Y67         CARRY4 (Prop_carry4_CI_O[1])
                                                      0.334    25.134 r  gemv_core/acc_reg[24]_i_2/O[1]
                         net (fo=1, routed)           0.307    25.441    gemv_core/acc0__13[25]
    SLICE_X38Y68         LUT6 (Prop_lut6_I0_O)        0.303    25.744 r  gemv_core/acc[25]_i_1/O
                         net (fo=1, routed)           0.000    25.744    gemv_core/acc[25]_i_1_n_0
    SLICE_X38Y68         FDRE                                         r  gemv_core/acc_reg[25]/D
  -------------------------------------------------------------------    -------------------

                         (clock main_crg_clkout0 rise edge)
                                                     10.000    10.000 r  
    E3                                                0.000    10.000 r  clk100 (IN)
                         net (fo=0)                   0.000    10.000    clk100
    E3                   IBUF (Prop_ibuf_I_O)         1.411    11.411 r  clk100_IBUF_inst/O
                         net (fo=1, routed)           1.920    13.331    clk100_IBUF
    BUFGCTRL_X0Y16       BUFG (Prop_bufg_I_O)         0.091    13.422 r  clk100_IBUF_BUFG_inst/O
                         net (fo=9, routed)           1.705    15.127    main_crg_clkin
    PLLE2_ADV_X0Y0       PLLE2_ADV (Prop_plle2_adv_CLKIN1_CLKOUT0)
                                                      0.083    15.210 r  PLLE2_ADV/CLKOUT0
                         net (fo=1, routed)           1.918    17.128    main_crg_clkout0
    BUFGCTRL_X0Y14       BUFG (Prop_bufg_I_O)         0.091    17.219 r  BUFG_replica_1/O
                         net (fo=5, routed)           0.133    17.352    main_crg_clkout_buf0_repN_1
    BUFGCTRL_X0Y15       BUFG (Prop_bufg_I_O)         0.091    17.443 r  BUFG_replica/O
                         net (fo=4, routed)           0.147    17.590    main_crg_clkout_buf0_repN
    BUFGCTRL_X0Y0        BUFG (Prop_bufg_I_O)         0.091    17.681 r  BUFG/O
                         net (fo=6673, routed)        1.505    19.187    gemv_core/main_crg_clkout_buf0
    SLICE_X38Y68         FDRE                                         r  gemv_core/acc_reg[25]/C
                         clock pessimism              0.424    19.611    
                         clock uncertainty           -0.057    19.554    
    SLICE_X38Y68         FDRE (Setup_fdre_C_D)        0.081    19.635    gemv_core/acc_reg[25]
  -------------------------------------------------------------------
                         required time                         19.635    
                         arrival time                         -25.744    
  -------------------------------------------------------------------
                         slack                                 -6.109    

Slack (VIOLATED) :        -6.060ns  (required time - arrival time)
  Source:                 gemv_core/row_reg[1]/C
                            (rising edge-triggered cell FDRE clocked by main_crg_clkout0  {rise@0.000ns fall@5.000ns period=10.000ns})
  Destination:            gemv_core/acc_reg[26]/D
                            (rising edge-triggered cell FDRE clocked by main_crg_clkout0  {rise@0.000ns fall@5.000ns period=10.000ns})
  Path Group:             main_crg_clkout0
  Path Type:              Setup (Max at Slow Process Corner)
  Requirement:            10.000ns  (main_crg_clkout0 rise@10.000ns - main_crg_clkout0 rise@0.000ns)
  Data Path Delay:        16.221ns  (logic 7.231ns (44.577%)  route 8.990ns (55.423%))
  Logic Levels:           21  (CARRY4=10 LUT2=4 LUT4=1 LUT6=5 RAMD64E=1)
  Clock Path Skew:        0.139ns (DCD - SCD + CPR)
    Destination Clock Delay (DCD):    9.189ns = ( 19.189 - 10.000 ) 
    Source Clock Delay      (SCD):    9.474ns
    Clock Pessimism Removal (CPR):    0.424ns
  Clock Uncertainty:      0.057ns  ((TSJ^2 + DJ^2)^1/2) / 2 + PE
    Total System Jitter     (TSJ):    0.071ns
    Discrete Jitter          (DJ):    0.089ns
    Phase Error              (PE):    0.000ns

    Location             Delay type                Incr(ns)  Path(ns)    Netlist Resource(s)
  -------------------------------------------------------------------    -------------------
                         (clock main_crg_clkout0 rise edge)
                                                      0.000     0.000 r  
    E3                                                0.000     0.000 r  clk100 (IN)
                         net (fo=0)                   0.000     0.000    clk100
    E3                   IBUF (Prop_ibuf_I_O)         1.482     1.482 r  clk100_IBUF_inst/O
                         net (fo=1, routed)           2.025     3.506    clk100_IBUF
    BUFGCTRL_X0Y16       BUFG (Prop_bufg_I_O)         0.096     3.602 r  clk100_IBUF_BUFG_inst/O
                         net (fo=9, routed)           1.832     5.435    main_crg_clkin
    PLLE2_ADV_X0Y0       PLLE2_ADV (Prop_plle2_adv_CLKIN1_CLKOUT0)
                                                      0.088     5.523 r  PLLE2_ADV/CLKOUT0
                         net (fo=1, routed)           2.012     7.535    main_crg_clkout0
    BUFGCTRL_X0Y14       BUFG (Prop_bufg_I_O)         0.096     7.631 r  BUFG_replica_1/O
                         net (fo=5, routed)           0.140     7.771    main_crg_clkout_buf0_repN_1
    BUFGCTRL_X0Y15       BUFG (Prop_bufg_I_O)         0.096     7.867 r  BUFG_replica/O
                         net (fo=4, routed)           1.606     9.474    gemv_core/main_crg_clkout_buf0_repN_alias
    SLICE_X53Y72         FDRE                                         r  gemv_core/row_reg[1]/C
  -------------------------------------------------------------------    -------------------
    SLICE_X53Y72         FDRE (Prop_fdre_C_Q)         0.456     9.930 r  gemv_core/row_reg[1]/Q
                         net (fo=141, routed)         0.595    10.524    gemv_core/row[1]
    SLICE_X53Y72         LUT4 (Prop_lut4_I1_O)        0.124    10.648 r  gemv_core/w_mem_reg_0_63_0_2_i_3/O
                         net (fo=144, routed)         0.898    11.547    gemv_core/w_mem_reg_704_767_24_26/ADDRB4
    SLICE_X50Y72         RAMD64E (Prop_ramd64e_RADR4_O)
                                                      0.124    11.671 r  gemv_core/w_mem_reg_704_767_24_26/RAMB/O
                         net (fo=1, routed)           1.120    12.791    gemv_core/w_mem_reg_704_767_24_26_n_1
    SLICE_X51Y69         LUT6 (Prop_lut6_I0_O)        0.124    12.915 r  gemv_core/acc[0]_i_186/O
                         net (fo=1, routed)           0.947    13.861    gemv_core/acc[0]_i_186_n_0
    SLICE_X48Y70         LUT6 (Prop_lut6_I1_O)        0.124    13.985 r  gemv_core/acc[0]_i_129/O
                         net (fo=18, routed)          0.950    14.935    gemv_core/B[1]
    SLICE_X42Y69         LUT6 (Prop_lut6_I3_O)        0.124    15.059 r  gemv_core/acc[31]_i_241/O
                         net (fo=1, routed)           0.466    15.525    gemv_core/acc[31]_i_241_n_0
    SLICE_X45Y70         CARRY4 (Prop_carry4_DI[1]_CO[3])
                                                      0.507    16.032 r  gemv_core/acc_reg[31]_i_149/CO[3]
                         net (fo=1, routed)           0.000    16.032    gemv_core/acc_reg[31]_i_149_n_0
    SLICE_X45Y71         CARRY4 (Prop_carry4_CI_O[1])
                                                      0.334    16.366 r  gemv_core/acc_reg[31]_i_147/O[1]
                         net (fo=3, routed)           0.830    17.196    gemv_core/acc_reg[31]_i_147_n_6
    SLICE_X43Y71         LUT6 (Prop_lut6_I5_O)        0.303    17.499 r  gemv_core/acc[31]_i_106/O
                         net (fo=1, routed)           0.000    17.499    gemv_core/acc[31]_i_106_n_0
    SLICE_X43Y71         CARRY4 (Prop_carry4_S[1]_CO[3])
                                                      0.550    18.049 r  gemv_core/acc_reg[31]_i_71/CO[3]
                         net (fo=1, routed)           0.000    18.049    gemv_core/acc_reg[31]_i_71_n_0
    SLICE_X43Y72         CARRY4 (Prop_carry4_CI_O[1])
                                                      0.334    18.383 r  gemv_core/acc_reg[31]_i_53/O[1]
                         net (fo=2, routed)           0.576    18.959    gemv_core/dot40[13]
    SLICE_X41Y72         LUT2 (Prop_lut2_I0_O)        0.303    19.262 r  gemv_core/acc[31]_i_56/O
                         net (fo=1, routed)           0.000    19.262    gemv_core/acc[31]_i_56_n_0
    SLICE_X41Y72         CARRY4 (Prop_carry4_S[1]_O[3])
                                                      0.640    19.902 r  gemv_core/acc_reg[31]_i_42/O[3]
                         net (fo=4, routed)           0.863    20.765    gemv_core/acc_reg[31]_i_42_n_4
    SLICE_X41Y66         LUT2 (Prop_lut2_I0_O)        0.306    21.071 r  gemv_core/acc[31]_i_47/O
                         net (fo=1, routed)           0.000    21.071    gemv_core/acc[31]_i_47_n_0
    SLICE_X41Y66         CARRY4 (Prop_carry4_S[3]_CO[3])
                                                      0.401    21.472 r  gemv_core/acc_reg[31]_i_23/CO[3]
                         net (fo=1, routed)           0.000    21.472    gemv_core/acc_reg[31]_i_23_n_0
    SLICE_X41Y67         CARRY4 (Prop_carry4_CI_O[0])
                                                      0.222    21.694 r  gemv_core/acc_reg[31]_i_22/O[0]
                         net (fo=3, routed)           0.766    22.460    gemv_core/C[16]
    SLICE_X40Y66         LUT2 (Prop_lut2_I0_O)        0.299    22.759 r  gemv_core/acc[31]_i_24/O
                         net (fo=1, routed)           0.000    22.759    gemv_core/acc[31]_i_24_n_0
    SLICE_X40Y66         CARRY4 (Prop_carry4_S[1]_CO[2])
                                                      0.570    23.329 r  gemv_core/acc_reg[31]_i_13/CO[2]
                         net (fo=14, routed)          0.626    23.955    gemv_core/acc_reg[31]_i_13_n_1
    SLICE_X39Y66         LUT2 (Prop_lut2_I1_O)        0.313    24.268 r  gemv_core/acc[20]_i_7/O
                         net (fo=1, routed)           0.000    24.268    gemv_core/acc[20]_i_7_n_0
    SLICE_X39Y66         CARRY4 (Prop_carry4_S[0]_CO[3])
                                                      0.532    24.800 r  gemv_core/acc_reg[20]_i_2/CO[3]
                         net (fo=1, routed)           0.000    24.800    gemv_core/acc_reg[20]_i_2_n_0
    SLICE_X39Y67         CARRY4 (Prop_carry4_CI_O[2])
                                                      0.239    25.039 r  gemv_core/acc_reg[24]_i_2/O[2]
                         net (fo=1, routed)           0.353    25.393    gemv_core/acc0__13[26]
    SLICE_X38Y67         LUT6 (Prop_lut6_I0_O)        0.302    25.695 r  gemv_core/acc[26]_i_1/O
                         net (fo=1, routed)           0.000    25.695    gemv_core/acc[26]_i_1_n_0
    SLICE_X38Y67         FDRE                                         r  gemv_core/acc_reg[26]/D
  -------------------------------------------------------------------    -------------------

                         (clock main_crg_clkout0 rise edge)
                                                     10.000    10.000 r  
    E3                                                0.000    10.000 r  clk100 (IN)
                         net (fo=0)                   0.000    10.000    clk100
    E3                   IBUF (Prop_ibuf_I_O)         1.411    11.411 r  clk100_IBUF_inst/O
                         net (fo=1, routed)           1.920    13.331    clk100_IBUF
    BUFGCTRL_X0Y16       BUFG (Prop_bufg_I_O)         0.091    13.422 r  clk100_IBUF_BUFG_inst/O
                         net (fo=9, routed)           1.705    15.127    main_crg_clkin
    PLLE2_ADV_X0Y0       PLLE2_ADV (Prop_plle2_adv_CLKIN1_CLKOUT0)
                                                      0.083    15.210 r  PLLE2_ADV/CLKOUT0
                         net (fo=1, routed)           1.918    17.128    main_crg_clkout0
    BUFGCTRL_X0Y14       BUFG (Prop_bufg_I_O)         0.091    17.219 r  BUFG_replica_1/O
                         net (fo=5, routed)           0.133    17.352    main_crg_clkout_buf0_repN_1
    BUFGCTRL_X0Y15       BUFG (Prop_bufg_I_O)         0.091    17.443 r  BUFG_replica/O
                         net (fo=4, routed)           0.147    17.590    main_crg_clkout_buf0_repN
    BUFGCTRL_X0Y0        BUFG (Prop_bufg_I_O)         0.091    17.681 r  BUFG/O
                         net (fo=6673, routed)        1.507    19.189    gemv_core/main_crg_clkout_buf0
    SLICE_X38Y67         FDRE                                         r  gemv_core/acc_reg[26]/C
                         clock pessimism              0.424    19.613    
                         clock uncertainty           -0.057    19.556    
    SLICE_X38Y67         FDRE (Setup_fdre_C_D)        0.079    19.635    gemv_core/acc_reg[26]
  -------------------------------------------------------------------
                         required time                         19.635    
                         arrival time                         -25.695    
  -------------------------------------------------------------------
                         slack                                 -6.060    

Slack (VIOLATED) :        -6.050ns  (required time - arrival time)
  Source:                 gemv_core/row_reg[1]/C
                            (rising edge-triggered cell FDRE clocked by main_crg_clkout0  {rise@0.000ns fall@5.000ns period=10.000ns})
  Destination:            gemv_core/acc_reg[24]/D
                            (rising edge-triggered cell FDRE clocked by main_crg_clkout0  {rise@0.000ns fall@5.000ns period=10.000ns})
  Path Group:             main_crg_clkout0
  Path Type:              Setup (Max at Slow Process Corner)
  Requirement:            10.000ns  (main_crg_clkout0 rise@10.000ns - main_crg_clkout0 rise@0.000ns)
  Data Path Delay:        16.211ns  (logic 7.211ns (44.481%)  route 9.000ns (55.519%))
  Logic Levels:           21  (CARRY4=10 LUT2=4 LUT4=1 LUT6=5 RAMD64E=1)
  Clock Path Skew:        0.139ns (DCD - SCD + CPR)
    Destination Clock Delay (DCD):    9.189ns = ( 19.189 - 10.000 ) 
    Source Clock Delay      (SCD):    9.474ns
    Clock Pessimism Removal (CPR):    0.424ns
  Clock Uncertainty:      0.057ns  ((TSJ^2 + DJ^2)^1/2) / 2 + PE
    Total System Jitter     (TSJ):    0.071ns
    Discrete Jitter          (DJ):    0.089ns
    Phase Error              (PE):    0.000ns

    Location             Delay type                Incr(ns)  Path(ns)    Netlist Resource(s)
  -------------------------------------------------------------------    -------------------
                         (clock main_crg_clkout0 rise edge)
                                                      0.000     0.000 r  
    E3                                                0.000     0.000 r  clk100 (IN)
                         net (fo=0)                   0.000     0.000    clk100
    E3                   IBUF (Prop_ibuf_I_O)         1.482     1.482 r  clk100_IBUF_inst/O
                         net (fo=1, routed)           2.025     3.506    clk100_IBUF
    BUFGCTRL_X0Y16       BUFG (Prop_bufg_I_O)         0.096     3.602 r  clk100_IBUF_BUFG_inst/O
                         net (fo=9, routed)           1.832     5.435    main_crg_clkin
    PLLE2_ADV_X0Y0       PLLE2_ADV (Prop_plle2_adv_CLKIN1_CLKOUT0)
                                                      0.088     5.523 r  PLLE2_ADV/CLKOUT0
                         net (fo=1, routed)           2.012     7.535    main_crg_clkout0
    BUFGCTRL_X0Y14       BUFG (Prop_bufg_I_O)         0.096     7.631 r  BUFG_replica_1/O
                         net (fo=5, routed)           0.140     7.771    main_crg_clkout_buf0_repN_1
    BUFGCTRL_X0Y15       BUFG (Prop_bufg_I_O)         0.096     7.867 r  BUFG_replica/O
                         net (fo=4, routed)           1.606     9.474    gemv_core/main_crg_clkout_buf0_repN_alias
    SLICE_X53Y72         FDRE                                         r  gemv_core/row_reg[1]/C
  -------------------------------------------------------------------    -------------------
    SLICE_X53Y72         FDRE (Prop_fdre_C_Q)         0.456     9.930 r  gemv_core/row_reg[1]/Q
                         net (fo=141, routed)         0.595    10.524    gemv_core/row[1]
    SLICE_X53Y72         LUT4 (Prop_lut4_I1_O)        0.124    10.648 r  gemv_core/w_mem_reg_0_63_0_2_i_3/O
                         net (fo=144, routed)         0.898    11.547    gemv_core/w_mem_reg_704_767_24_26/ADDRB4
    SLICE_X50Y72         RAMD64E (Prop_ramd64e_RADR4_O)
                                                      0.124    11.671 r  gemv_core/w_mem_reg_704_767_24_26/RAMB/O
                         net (fo=1, routed)           1.120    12.791    gemv_core/w_mem_reg_704_767_24_26_n_1
    SLICE_X51Y69         LUT6 (Prop_lut6_I0_O)        0.124    12.915 r  gemv_core/acc[0]_i_186/O
                         net (fo=1, routed)           0.947    13.861    gemv_core/acc[0]_i_186_n_0
    SLICE_X48Y70         LUT6 (Prop_lut6_I1_O)        0.124    13.985 r  gemv_core/acc[0]_i_129/O
                         net (fo=18, routed)          0.950    14.935    gemv_core/B[1]
    SLICE_X42Y69         LUT6 (Prop_lut6_I3_O)        0.124    15.059 r  gemv_core/acc[31]_i_241/O
                         net (fo=1, routed)           0.466    15.525    gemv_core/acc[31]_i_241_n_0
    SLICE_X45Y70         CARRY4 (Prop_carry4_DI[1]_CO[3])
                                                      0.507    16.032 r  gemv_core/acc_reg[31]_i_149/CO[3]
                         net (fo=1, routed)           0.000    16.032    gemv_core/acc_reg[31]_i_149_n_0
    SLICE_X45Y71         CARRY4 (Prop_carry4_CI_O[1])
                                                      0.334    16.366 r  gemv_core/acc_reg[31]_i_147/O[1]
                         net (fo=3, routed)           0.830    17.196    gemv_core/acc_reg[31]_i_147_n_6
    SLICE_X43Y71         LUT6 (Prop_lut6_I5_O)        0.303    17.499 r  gemv_core/acc[31]_i_106/O
                         net (fo=1, routed)           0.000    17.499    gemv_core/acc[31]_i_106_n_0
    SLICE_X43Y71         CARRY4 (Prop_carry4_S[1]_CO[3])
                                                      0.550    18.049 r  gemv_core/acc_reg[31]_i_71/CO[3]
                         net (fo=1, routed)           0.000    18.049    gemv_core/acc_reg[31]_i_71_n_0
    SLICE_X43Y72         CARRY4 (Prop_carry4_CI_O[1])
                                                      0.334    18.383 r  gemv_core/acc_reg[31]_i_53/O[1]
                         net (fo=2, routed)           0.576    18.959    gemv_core/dot40[13]
    SLICE_X41Y72         LUT2 (Prop_lut2_I0_O)        0.303    19.262 r  gemv_core/acc[31]_i_56/O
                         net (fo=1, routed)           0.000    19.262    gemv_core/acc[31]_i_56_n_0
    SLICE_X41Y72         CARRY4 (Prop_carry4_S[1]_O[3])
                                                      0.640    19.902 r  gemv_core/acc_reg[31]_i_42/O[3]
                         net (fo=4, routed)           0.863    20.765    gemv_core/acc_reg[31]_i_42_n_4
    SLICE_X41Y66         LUT2 (Prop_lut2_I0_O)        0.306    21.071 r  gemv_core/acc[31]_i_47/O
                         net (fo=1, routed)           0.000    21.071    gemv_core/acc[31]_i_47_n_0
    SLICE_X41Y66         CARRY4 (Prop_carry4_S[3]_CO[3])
                                                      0.401    21.472 r  gemv_core/acc_reg[31]_i_23/CO[3]
                         net (fo=1, routed)           0.000    21.472    gemv_core/acc_reg[31]_i_23_n_0
    SLICE_X41Y67         CARRY4 (Prop_carry4_CI_O[0])
                                                      0.222    21.694 r  gemv_core/acc_reg[31]_i_22/O[0]
                         net (fo=3, routed)           0.766    22.460    gemv_core/C[16]
    SLICE_X40Y66         LUT2 (Prop_lut2_I0_O)        0.299    22.759 r  gemv_core/acc[31]_i_24/O
                         net (fo=1, routed)           0.000    22.759    gemv_core/acc[31]_i_24_n_0
    SLICE_X40Y66         CARRY4 (Prop_carry4_S[1]_CO[2])
                                                      0.570    23.329 r  gemv_core/acc_reg[31]_i_13/CO[2]
                         net (fo=14, routed)          0.626    23.955    gemv_core/acc_reg[31]_i_13_n_1
    SLICE_X39Y66         LUT2 (Prop_lut2_I1_O)        0.313    24.268 r  gemv_core/acc[20]_i_7/O
                         net (fo=1, routed)           0.000    24.268    gemv_core/acc[20]_i_7_n_0
    SLICE_X39Y66         CARRY4 (Prop_carry4_S[0]_CO[3])
                                                      0.532    24.800 r  gemv_core/acc_reg[20]_i_2/CO[3]
                         net (fo=1, routed)           0.000    24.800    gemv_core/acc_reg[20]_i_2_n_0
    SLICE_X39Y67         CARRY4 (Prop_carry4_CI_O[0])
                                                      0.222    25.022 r  gemv_core/acc_reg[24]_i_2/O[0]
                         net (fo=1, routed)           0.364    25.386    gemv_core/acc0__13[24]
    SLICE_X38Y67         LUT6 (Prop_lut6_I0_O)        0.299    25.685 r  gemv_core/acc[24]_i_1/O
                         net (fo=1, routed)           0.000    25.685    gemv_core/acc[24]_i_1_n_0
    SLICE_X38Y67         FDRE                                         r  gemv_core/acc_reg[24]/D
  -------------------------------------------------------------------    -------------------

                         (clock main_crg_clkout0 rise edge)
                                                     10.000    10.000 r  
    E3                                                0.000    10.000 r  clk100 (IN)
                         net (fo=0)                   0.000    10.000    clk100
    E3                   IBUF (Prop_ibuf_I_O)         1.411    11.411 r  clk100_IBUF_inst/O
                         net (fo=1, routed)           1.920    13.331    clk100_IBUF
    BUFGCTRL_X0Y16       BUFG (Prop_bufg_I_O)         0.091    13.422 r  clk100_IBUF_BUFG_inst/O
                         net (fo=9, routed)           1.705    15.127    main_crg_clkin
    PLLE2_ADV_X0Y0       PLLE2_ADV (Prop_plle2_adv_CLKIN1_CLKOUT0)
                                                      0.083    15.210 r  PLLE2_ADV/CLKOUT0
                         net (fo=1, routed)           1.918    17.128    main_crg_clkout0
    BUFGCTRL_X0Y14       BUFG (Prop_bufg_I_O)         0.091    17.219 r  BUFG_replica_1/O
                         net (fo=5, routed)           0.133    17.352    main_crg_clkout_buf0_repN_1
    BUFGCTRL_X0Y15       BUFG (Prop_bufg_I_O)         0.091    17.443 r  BUFG_replica/O
                         net (fo=4, routed)           0.147    17.590    main_crg_clkout_buf0_repN
    BUFGCTRL_X0Y0        BUFG (Prop_bufg_I_O)         0.091    17.681 r  BUFG/O
                         net (fo=6673, routed)        1.507    19.189    gemv_core/main_crg_clkout_buf0
    SLICE_X38Y67         FDRE                                         r  gemv_core/acc_reg[24]/C
                         clock pessimism              0.424    19.613    
                         clock uncertainty           -0.057    19.556    
    SLICE_X38Y67         FDRE (Setup_fdre_C_D)        0.079    19.635    gemv_core/acc_reg[24]
  -------------------------------------------------------------------
                         required time                         19.635    
                         arrival time                         -25.685    
  -------------------------------------------------------------------
                         slack                                 -6.050    

Slack (VIOLATED) :        -5.974ns  (required time - arrival time)
  Source:                 gemv_core/row_reg[1]/C
                            (rising edge-triggered cell FDRE clocked by main_crg_clkout0  {rise@0.000ns fall@5.000ns period=10.000ns})
  Destination:            gemv_core/acc_reg[23]/D
                            (rising edge-triggered cell FDRE clocked by main_crg_clkout0  {rise@0.000ns fall@5.000ns period=10.000ns})
  Path Group:             main_crg_clkout0
  Path Type:              Setup (Max at Slow Process Corner)
  Requirement:            10.000ns  (main_crg_clkout0 rise@10.000ns - main_crg_clkout0 rise@0.000ns)
  Data Path Delay:        16.136ns  (logic 7.070ns (43.814%)  route 9.066ns (56.186%))
  Logic Levels:           20  (CARRY4=9 LUT2=4 LUT4=1 LUT6=5 RAMD64E=1)
  Clock Path Skew:        0.140ns (DCD - SCD + CPR)
    Destination Clock Delay (DCD):    9.190ns = ( 19.190 - 10.000 ) 
    Source Clock Delay      (SCD):    9.474ns
    Clock Pessimism Removal (CPR):    0.424ns
  Clock Uncertainty:      0.057ns  ((TSJ^2 + DJ^2)^1/2) / 2 + PE
    Total System Jitter     (TSJ):    0.071ns
    Discrete Jitter          (DJ):    0.089ns
    Phase Error              (PE):    0.000ns

    Location             Delay type                Incr(ns)  Path(ns)    Netlist Resource(s)
  -------------------------------------------------------------------    -------------------
                         (clock main_crg_clkout0 rise edge)
                                                      0.000     0.000 r  
    E3                                                0.000     0.000 r  clk100 (IN)
                         net (fo=0)                   0.000     0.000    clk100
    E3                   IBUF (Prop_ibuf_I_O)         1.482     1.482 r  clk100_IBUF_inst/O
                         net (fo=1, routed)           2.025     3.506    clk100_IBUF
    BUFGCTRL_X0Y16       BUFG (Prop_bufg_I_O)         0.096     3.602 r  clk100_IBUF_BUFG_inst/O
                         net (fo=9, routed)           1.832     5.435    main_crg_clkin
    PLLE2_ADV_X0Y0       PLLE2_ADV (Prop_plle2_adv_CLKIN1_CLKOUT0)
                                                      0.088     5.523 r  PLLE2_ADV/CLKOUT0
                         net (fo=1, routed)           2.012     7.535    main_crg_clkout0
    BUFGCTRL_X0Y14       BUFG (Prop_bufg_I_O)         0.096     7.631 r  BUFG_replica_1/O
                         net (fo=5, routed)           0.140     7.771    main_crg_clkout_buf0_repN_1
    BUFGCTRL_X0Y15       BUFG (Prop_bufg_I_O)         0.096     7.867 r  BUFG_replica/O
                         net (fo=4, routed)           1.606     9.474    gemv_core/main_crg_clkout_buf0_repN_alias
    SLICE_X53Y72         FDRE                                         r  gemv_core/row_reg[1]/C
  -------------------------------------------------------------------    -------------------
    SLICE_X53Y72         FDRE (Prop_fdre_C_Q)         0.456     9.930 r  gemv_core/row_reg[1]/Q
                         net (fo=141, routed)         0.595    10.524    gemv_core/row[1]
    SLICE_X53Y72         LUT4 (Prop_lut4_I1_O)        0.124    10.648 r  gemv_core/w_mem_reg_0_63_0_2_i_3/O
                         net (fo=144, routed)         0.898    11.547    gemv_core/w_mem_reg_704_767_24_26/ADDRB4
    SLICE_X50Y72         RAMD64E (Prop_ramd64e_RADR4_O)
                                                      0.124    11.671 r  gemv_core/w_mem_reg_704_767_24_26/RAMB/O
                         net (fo=1, routed)           1.120    12.791    gemv_core/w_mem_reg_704_767_24_26_n_1
    SLICE_X51Y69         LUT6 (Prop_lut6_I0_O)        0.124    12.915 r  gemv_core/acc[0]_i_186/O
                         net (fo=1, routed)           0.947    13.861    gemv_core/acc[0]_i_186_n_0
    SLICE_X48Y70         LUT6 (Prop_lut6_I1_O)        0.124    13.985 r  gemv_core/acc[0]_i_129/O
                         net (fo=18, routed)          0.950    14.935    gemv_core/B[1]
    SLICE_X42Y69         LUT6 (Prop_lut6_I3_O)        0.124    15.059 r  gemv_core/acc[31]_i_241/O
                         net (fo=1, routed)           0.466    15.525    gemv_core/acc[31]_i_241_n_0
    SLICE_X45Y70         CARRY4 (Prop_carry4_DI[1]_CO[3])
                                                      0.507    16.032 r  gemv_core/acc_reg[31]_i_149/CO[3]
                         net (fo=1, routed)           0.000    16.032    gemv_core/acc_reg[31]_i_149_n_0
    SLICE_X45Y71         CARRY4 (Prop_carry4_CI_O[1])
                                                      0.334    16.366 r  gemv_core/acc_reg[31]_i_147/O[1]
                         net (fo=3, routed)           0.830    17.196    gemv_core/acc_reg[31]_i_147_n_6
    SLICE_X43Y71         LUT6 (Prop_lut6_I5_O)        0.303    17.499 r  gemv_core/acc[31]_i_106/O
                         net (fo=1, routed)           0.000    17.499    gemv_core/acc[31]_i_106_n_0
    SLICE_X43Y71         CARRY4 (Prop_carry4_S[1]_CO[3])
                                                      0.550    18.049 r  gemv_core/acc_reg[31]_i_71/CO[3]
                         net (fo=1, routed)           0.000    18.049    gemv_core/acc_reg[31]_i_71_n_0
    SLICE_X43Y72         CARRY4 (Prop_carry4_CI_O[1])
                                                      0.334    18.383 r  gemv_core/acc_reg[31]_i_53/O[1]
                         net (fo=2, routed)           0.576    18.959    gemv_core/dot40[13]
    SLICE_X41Y72         LUT2 (Prop_lut2_I0_O)        0.303    19.262 r  gemv_core/acc[31]_i_56/O
                         net (fo=1, routed)           0.000    19.262    gemv_core/acc[31]_i_56_n_0
    SLICE_X41Y72         CARRY4 (Prop_carry4_S[1]_O[3])
                                                      0.640    19.902 r  gemv_core/acc_reg[31]_i_42/O[3]
                         net (fo=4, routed)           0.863    20.765    gemv_core/acc_reg[31]_i_42_n_4
    SLICE_X41Y66         LUT2 (Prop_lut2_I0_O)        0.306    21.071 r  gemv_core/acc[31]_i_47/O
                         net (fo=1, routed)           0.000    21.071    gemv_core/acc[31]_i_47_n_0
    SLICE_X41Y66         CARRY4 (Prop_carry4_S[3]_CO[3])
                                                      0.401    21.472 r  gemv_core/acc_reg[31]_i_23/CO[3]
                         net (fo=1, routed)           0.000    21.472    gemv_core/acc_reg[31]_i_23_n_0
    SLICE_X41Y67         CARRY4 (Prop_carry4_CI_O[0])
                                                      0.222    21.694 r  gemv_core/acc_reg[31]_i_22/O[0]
                         net (fo=3, routed)           0.766    22.460    gemv_core/C[16]
    SLICE_X40Y66         LUT2 (Prop_lut2_I0_O)        0.299    22.759 r  gemv_core/acc[31]_i_24/O
                         net (fo=1, routed)           0.000    22.759    gemv_core/acc[31]_i_24_n_0
    SLICE_X40Y66         CARRY4 (Prop_carry4_S[1]_CO[2])
                                                      0.570    23.329 r  gemv_core/acc_reg[31]_i_13/CO[2]
                         net (fo=14, routed)          0.626    23.955    gemv_core/acc_reg[31]_i_13_n_1
    SLICE_X39Y66         LUT2 (Prop_lut2_I1_O)        0.313    24.268 r  gemv_core/acc[20]_i_7/O
                         net (fo=1, routed)           0.000    24.268    gemv_core/acc[20]_i_7_n_0
    SLICE_X39Y66         CARRY4 (Prop_carry4_S[0]_O[3])
                                                      0.606    24.874 r  gemv_core/acc_reg[20]_i_2/O[3]
                         net (fo=1, routed)           0.430    25.304    gemv_core/acc0__13[23]
    SLICE_X38Y66         LUT6 (Prop_lut6_I0_O)        0.306    25.610 r  gemv_core/acc[23]_i_1/O
                         net (fo=1, routed)           0.000    25.610    gemv_core/acc[23]_i_1_n_0
    SLICE_X38Y66         FDRE                                         r  gemv_core/acc_reg[23]/D
  -------------------------------------------------------------------    -------------------

                         (clock main_crg_clkout0 rise edge)
                                                     10.000    10.000 r  
    E3                                                0.000    10.000 r  clk100 (IN)
                         net (fo=0)                   0.000    10.000    clk100
    E3                   IBUF (Prop_ibuf_I_O)         1.411    11.411 r  clk100_IBUF_inst/O
                         net (fo=1, routed)           1.920    13.331    clk100_IBUF
    BUFGCTRL_X0Y16       BUFG (Prop_bufg_I_O)         0.091    13.422 r  clk100_IBUF_BUFG_inst/O
                         net (fo=9, routed)           1.705    15.127    main_crg_clkin
    PLLE2_ADV_X0Y0       PLLE2_ADV (Prop_plle2_adv_CLKIN1_CLKOUT0)
                                                      0.083    15.210 r  PLLE2_ADV/CLKOUT0
                         net (fo=1, routed)           1.918    17.128    main_crg_clkout0
    BUFGCTRL_X0Y14       BUFG (Prop_bufg_I_O)         0.091    17.219 r  BUFG_replica_1/O
                         net (fo=5, routed)           0.133    17.352    main_crg_clkout_buf0_repN_1
    BUFGCTRL_X0Y15       BUFG (Prop_bufg_I_O)         0.091    17.443 r  BUFG_replica/O
                         net (fo=4, routed)           0.147    17.590    main_crg_clkout_buf0_repN
    BUFGCTRL_X0Y0        BUFG (Prop_bufg_I_O)         0.091    17.681 r  BUFG/O
                         net (fo=6673, routed)        1.508    19.190    gemv_core/main_crg_clkout_buf0
    SLICE_X38Y66         FDRE                                         r  gemv_core/acc_reg[23]/C
                         clock pessimism              0.424    19.614    
                         clock uncertainty           -0.057    19.557    
    SLICE_X38Y66         FDRE (Setup_fdre_C_D)        0.079    19.636    gemv_core/acc_reg[23]
  -------------------------------------------------------------------
                         required time                         19.636    
                         arrival time                         -25.610    
  -------------------------------------------------------------------
                         slack                                 -5.974    

Slack (VIOLATED) :        -5.878ns  (required time - arrival time)
  Source:                 gemv_core/row_reg[1]/C
                            (rising edge-triggered cell FDRE clocked by main_crg_clkout0  {rise@0.000ns fall@5.000ns period=10.000ns})
  Destination:            gemv_core/acc_reg[21]/D
                            (rising edge-triggered cell FDRE clocked by main_crg_clkout0  {rise@0.000ns fall@5.000ns period=10.000ns})
  Path Group:             main_crg_clkout0
  Path Type:              Setup (Max at Slow Process Corner)
  Requirement:            10.000ns  (main_crg_clkout0 rise@10.000ns - main_crg_clkout0 rise@0.000ns)
  Data Path Delay:        16.042ns  (logic 7.196ns (44.856%)  route 8.846ns (55.144%))
  Logic Levels:           21  (CARRY4=10 LUT2=4 LUT4=1 LUT6=5 RAMD64E=1)
  Clock Path Skew:        0.140ns (DCD - SCD + CPR)
    Destination Clock Delay (DCD):    9.190ns = ( 19.190 - 10.000 ) 
    Source Clock Delay      (SCD):    9.474ns
    Clock Pessimism Removal (CPR):    0.424ns
  Clock Uncertainty:      0.057ns  ((TSJ^2 + DJ^2)^1/2) / 2 + PE
    Total System Jitter     (TSJ):    0.071ns
    Discrete Jitter          (DJ):    0.089ns
    Phase Error              (PE):    0.000ns

    Location             Delay type                Incr(ns)  Path(ns)    Netlist Resource(s)
  -------------------------------------------------------------------    -------------------
                         (clock main_crg_clkout0 rise edge)
                                                      0.000     0.000 r  
    E3                                                0.000     0.000 r  clk100 (IN)
                         net (fo=0)                   0.000     0.000    clk100
    E3                   IBUF (Prop_ibuf_I_O)         1.482     1.482 r  clk100_IBUF_inst/O
                         net (fo=1, routed)           2.025     3.506    clk100_IBUF
    BUFGCTRL_X0Y16       BUFG (Prop_bufg_I_O)         0.096     3.602 r  clk100_IBUF_BUFG_inst/O
                         net (fo=9, routed)           1.832     5.435    main_crg_clkin
    PLLE2_ADV_X0Y0       PLLE2_ADV (Prop_plle2_adv_CLKIN1_CLKOUT0)
                                                      0.088     5.523 r  PLLE2_ADV/CLKOUT0
                         net (fo=1, routed)           2.012     7.535    main_crg_clkout0
    BUFGCTRL_X0Y14       BUFG (Prop_bufg_I_O)         0.096     7.631 r  BUFG_replica_1/O
                         net (fo=5, routed)           0.140     7.771    main_crg_clkout_buf0_repN_1
    BUFGCTRL_X0Y15       BUFG (Prop_bufg_I_O)         0.096     7.867 r  BUFG_replica/O
                         net (fo=4, routed)           1.606     9.474    gemv_core/main_crg_clkout_buf0_repN_alias
    SLICE_X53Y72         FDRE                                         r  gemv_core/row_reg[1]/C
  -------------------------------------------------------------------    -------------------
    SLICE_X53Y72         FDRE (Prop_fdre_C_Q)         0.456     9.930 r  gemv_core/row_reg[1]/Q
                         net (fo=141, routed)         0.595    10.524    gemv_core/row[1]
    SLICE_X53Y72         LUT4 (Prop_lut4_I1_O)        0.124    10.648 r  gemv_core/w_mem_reg_0_63_0_2_i_3/O
                         net (fo=144, routed)         0.898    11.547    gemv_core/w_mem_reg_704_767_24_26/ADDRB4
    SLICE_X50Y72         RAMD64E (Prop_ramd64e_RADR4_O)
                                                      0.124    11.671 r  gemv_core/w_mem_reg_704_767_24_26/RAMB/O
                         net (fo=1, routed)           1.120    12.791    gemv_core/w_mem_reg_704_767_24_26_n_1
    SLICE_X51Y69         LUT6 (Prop_lut6_I0_O)        0.124    12.915 r  gemv_core/acc[0]_i_186/O
                         net (fo=1, routed)           0.947    13.861    gemv_core/acc[0]_i_186_n_0
    SLICE_X48Y70         LUT6 (Prop_lut6_I1_O)        0.124    13.985 r  gemv_core/acc[0]_i_129/O
                         net (fo=18, routed)          0.950    14.935    gemv_core/B[1]
    SLICE_X42Y69         LUT6 (Prop_lut6_I3_O)        0.124    15.059 r  gemv_core/acc[31]_i_241/O
                         net (fo=1, routed)           0.466    15.525    gemv_core/acc[31]_i_241_n_0
    SLICE_X45Y70         CARRY4 (Prop_carry4_DI[1]_CO[3])
                                                      0.507    16.032 r  gemv_core/acc_reg[31]_i_149/CO[3]
                         net (fo=1, routed)           0.000    16.032    gemv_core/acc_reg[31]_i_149_n_0
    SLICE_X45Y71         CARRY4 (Prop_carry4_CI_O[1])
                                                      0.334    16.366 r  gemv_core/acc_reg[31]_i_147/O[1]
                         net (fo=3, routed)           0.830    17.196    gemv_core/acc_reg[31]_i_147_n_6
    SLICE_X43Y71         LUT6 (Prop_lut6_I5_O)        0.303    17.499 r  gemv_core/acc[31]_i_106/O
                         net (fo=1, routed)           0.000    17.499    gemv_core/acc[31]_i_106_n_0
    SLICE_X43Y71         CARRY4 (Prop_carry4_S[1]_CO[3])
                                                      0.550    18.049 r  gemv_core/acc_reg[31]_i_71/CO[3]
                         net (fo=1, routed)           0.000    18.049    gemv_core/acc_reg[31]_i_71_n_0
    SLICE_X43Y72         CARRY4 (Prop_carry4_CI_O[1])
                                                      0.334    18.383 r  gemv_core/acc_reg[31]_i_53/O[1]
                         net (fo=2, routed)           0.576    18.959    gemv_core/dot40[13]
    SLICE_X41Y72         LUT2 (Prop_lut2_I0_O)        0.303    19.262 r  gemv_core/acc[31]_i_56/O
                         net (fo=1, routed)           0.000    19.262    gemv_core/acc[31]_i_56_n_0
    SLICE_X41Y72         CARRY4 (Prop_carry4_S[1]_O[3])
                                                      0.640    19.902 r  gemv_core/acc_reg[31]_i_42/O[3]
                         net (fo=4, routed)           0.863    20.765    gemv_core/acc_reg[31]_i_42_n_4
    SLICE_X41Y66         LUT2 (Prop_lut2_I0_O)        0.306    21.071 r  gemv_core/acc[31]_i_47/O
                         net (fo=1, routed)           0.000    21.071    gemv_core/acc[31]_i_47_n_0
    SLICE_X41Y66         CARRY4 (Prop_carry4_S[3]_CO[3])
                                                      0.401    21.472 r  gemv_core/acc_reg[31]_i_23/CO[3]
                         net (fo=1, routed)           0.000    21.472    gemv_core/acc_reg[31]_i_23_n_0
    SLICE_X41Y67         CARRY4 (Prop_carry4_CI_O[0])
                                                      0.222    21.694 r  gemv_core/acc_reg[31]_i_22/O[0]
                         net (fo=3, routed)           0.766    22.460    gemv_core/C[16]
    SLICE_X40Y66         LUT2 (Prop_lut2_I0_O)        0.299    22.759 r  gemv_core/acc[31]_i_24/O
                         net (fo=1, routed)           0.000    22.759    gemv_core/acc[31]_i_24_n_0
    SLICE_X40Y66         CARRY4 (Prop_carry4_S[1]_CO[2])
                                                      0.570    23.329 r  gemv_core/acc_reg[31]_i_13/CO[2]
                         net (fo=14, routed)          0.481    23.810    gemv_core/acc_reg[31]_i_13_n_1
    SLICE_X39Y65         LUT2 (Prop_lut2_I1_O)        0.313    24.123 r  gemv_core/acc[16]_i_4/O
                         net (fo=1, routed)           0.000    24.123    gemv_core/acc[16]_i_4_n_0
    SLICE_X39Y65         CARRY4 (Prop_carry4_S[3]_CO[3])
                                                      0.401    24.524 r  gemv_core/acc_reg[16]_i_2/CO[3]
                         net (fo=1, routed)           0.000    24.524    gemv_core/acc_reg[16]_i_2_n_0
    SLICE_X39Y66         CARRY4 (Prop_carry4_CI_O[1])
                                                      0.334    24.858 r  gemv_core/acc_reg[20]_i_2/O[1]
                         net (fo=1, routed)           0.355    25.213    gemv_core/acc0__13[21]
    SLICE_X38Y66         LUT6 (Prop_lut6_I0_O)        0.303    25.516 r  gemv_core/acc[21]_i_1/O
                         net (fo=1, routed)           0.000    25.516    gemv_core/acc[21]_i_1_n_0
    SLICE_X38Y66         FDRE                                         r  gemv_core/acc_reg[21]/D
  -------------------------------------------------------------------    -------------------

                         (clock main_crg_clkout0 rise edge)
                                                     10.000    10.000 r  
    E3                                                0.000    10.000 r  clk100 (IN)
                         net (fo=0)                   0.000    10.000    clk100
    E3                   IBUF (Prop_ibuf_I_O)         1.411    11.411 r  clk100_IBUF_inst/O
                         net (fo=1, routed)           1.920    13.331    clk100_IBUF
    BUFGCTRL_X0Y16       BUFG (Prop_bufg_I_O)         0.091    13.422 r  clk100_IBUF_BUFG_inst/O
                         net (fo=9, routed)           1.705    15.127    main_crg_clkin
    PLLE2_ADV_X0Y0       PLLE2_ADV (Prop_plle2_adv_CLKIN1_CLKOUT0)
                                                      0.083    15.210 r  PLLE2_ADV/CLKOUT0
                         net (fo=1, routed)           1.918    17.128    main_crg_clkout0
    BUFGCTRL_X0Y14       BUFG (Prop_bufg_I_O)         0.091    17.219 r  BUFG_replica_1/O
                         net (fo=5, routed)           0.133    17.352    main_crg_clkout_buf0_repN_1
    BUFGCTRL_X0Y15       BUFG (Prop_bufg_I_O)         0.091    17.443 r  BUFG_replica/O
                         net (fo=4, routed)           0.147    17.590    main_crg_clkout_buf0_repN
    BUFGCTRL_X0Y0        BUFG (Prop_bufg_I_O)         0.091    17.681 r  BUFG/O
                         net (fo=6673, routed)        1.508    19.190    gemv_core/main_crg_clkout_buf0
    SLICE_X38Y66         FDRE                                         r  gemv_core/acc_reg[21]/C
                         clock pessimism              0.424    19.614    
                         clock uncertainty           -0.057    19.557    
    SLICE_X38Y66         FDRE (Setup_fdre_C_D)        0.081    19.638    gemv_core/acc_reg[21]
  -------------------------------------------------------------------
                         required time                         19.638    
                         arrival time                         -25.516    
  -------------------------------------------------------------------
                         slack                                 -5.878    





Min Delay Paths
--------------------------------------------------------------------------------------
Slack (MET) :             0.026ns  (arrival time - required time)
  Source:                 main_basesoc_sdram_phaseinjector0_wrdata_storage_reg[12]/C
                            (rising edge-triggered cell FDRE clocked by main_crg_clkout0  {rise@0.000ns fall@5.000ns period=10.000ns})
  Destination:            builder_interface4_bank_bus_dat_r_reg[12]/D
                            (rising edge-triggered cell FDRE clocked by main_crg_clkout0  {rise@0.000ns fall@5.000ns period=10.000ns})
  Path Group:             main_crg_clkout0
  Path Type:              Hold (Min at Fast Process Corner)
  Requirement:            0.000ns  (main_crg_clkout0 rise@0.000ns - main_crg_clkout0 rise@0.000ns)
  Data Path Delay:        0.347ns  (logic 0.186ns (53.637%)  route 0.161ns (46.363%))
  Logic Levels:           1  (LUT6=1)
  Clock Path Skew:        0.200ns (DCD - SCD - CPR)
    Destination Clock Delay (DCD):    3.842ns
    Source Clock Delay      (SCD):    3.045ns
    Clock Pessimism Removal (CPR):    0.596ns

    Location             Delay type                Incr(ns)  Path(ns)    Netlist Resource(s)
  -------------------------------------------------------------------    -------------------
                         (clock main_crg_clkout0 rise edge)
                                                      0.000     0.000 r  
    E3                                                0.000     0.000 r  clk100 (IN)
                         net (fo=0)                   0.000     0.000    clk100
    E3                   IBUF (Prop_ibuf_I_O)         0.250     0.250 r  clk100_IBUF_inst/O
                         net (fo=1, routed)           0.644     0.894    clk100_IBUF
    BUFGCTRL_X0Y16       BUFG (Prop_bufg_I_O)         0.026     0.920 r  clk100_IBUF_BUFG_inst/O
                         net (fo=9, routed)           0.629     1.549    main_crg_clkin
    PLLE2_ADV_X0Y0       PLLE2_ADV (Prop_plle2_adv_CLKIN1_CLKOUT0)
                                                      0.050     1.599 r  PLLE2_ADV/CLKOUT0
                         net (fo=1, routed)           0.663     2.262    main_crg_clkout0
    BUFGCTRL_X0Y14       BUFG (Prop_bufg_I_O)         0.026     2.288 r  BUFG_replica_1/O
                         net (fo=5, routed)           0.030     2.318    main_crg_clkout_buf0_repN_1
    BUFGCTRL_X0Y15       BUFG (Prop_bufg_I_O)         0.026     2.344 r  BUFG_replica/O
                         net (fo=4, routed)           0.042     2.386    main_crg_clkout_buf0_repN
    BUFGCTRL_X0Y0        BUFG (Prop_bufg_I_O)         0.026     2.412 r  BUFG/O
                         net (fo=6673, routed)        0.633     3.045    main_crg_clkout_buf0
    SLICE_X71Y49         FDRE                                         r  main_basesoc_sdram_phaseinjector0_wrdata_storage_reg[12]/C
  -------------------------------------------------------------------    -------------------
    SLICE_X71Y49         FDRE (Prop_fdre_C_Q)         0.141     3.186 r  main_basesoc_sdram_phaseinjector0_wrdata_storage_reg[12]/Q
                         net (fo=2, routed)           0.161     3.347    main_basesoc_sdram_phaseinjector0_wrdata_storage[12]
    SLICE_X70Y51         LUT6 (Prop_lut6_I4_O)        0.045     3.392 r  builder_interface4_bank_bus_dat_r[12]_i_1/O
                         net (fo=1, routed)           0.000     3.392    builder_interface4_bank_bus_dat_r[12]_i_1_n_0
    SLICE_X70Y51         FDRE                                         r  builder_interface4_bank_bus_dat_r_reg[12]/D
  -------------------------------------------------------------------    -------------------

                         (clock main_crg_clkout0 rise edge)
                                                      0.000     0.000 r  
    E3                                                0.000     0.000 r  clk100 (IN)
                         net (fo=0)                   0.000     0.000    clk100
    E3                   IBUF (Prop_ibuf_I_O)         0.438     0.438 r  clk100_IBUF_inst/O
                         net (fo=1, routed)           0.699     1.136    clk100_IBUF
    BUFGCTRL_X0Y16       BUFG (Prop_bufg_I_O)         0.029     1.165 r  clk100_IBUF_BUFG_inst/O
                         net (fo=9, routed)           0.903     2.068    main_crg_clkin
    PLLE2_ADV_X0Y0       PLLE2_ADV (Prop_plle2_adv_CLKIN1_CLKOUT0)
                                                      0.053     2.121 r  PLLE2_ADV/CLKOUT0
                         net (fo=1, routed)           0.716     2.837    main_crg_clkout0
    BUFGCTRL_X0Y14       BUFG (Prop_bufg_I_O)         0.029     2.866 r  BUFG_replica_1/O
                         net (fo=5, routed)           0.033     2.899    main_crg_clkout_buf0_repN_1
    BUFGCTRL_X0Y15       BUFG (Prop_bufg_I_O)         0.029     2.928 r  BUFG_replica/O
                         net (fo=4, routed)           0.046     2.974    main_crg_clkout_buf0_repN
    BUFGCTRL_X0Y0        BUFG (Prop_bufg_I_O)         0.029     3.003 r  BUFG/O
                         net (fo=6673, routed)        0.839     3.842    main_crg_clkout_buf0
    SLICE_X70Y51         FDRE                                         r  builder_interface4_bank_bus_dat_r_reg[12]/C
                         clock pessimism             -0.596     3.245    
    SLICE_X70Y51         FDRE (Hold_fdre_C_D)         0.120     3.365    builder_interface4_bank_bus_dat_r_reg[12]
  -------------------------------------------------------------------
                         required time                         -3.365    
                         arrival time                           3.392    
  -------------------------------------------------------------------
                         slack                                  0.026    

Slack (MET) :             0.045ns  (arrival time - required time)
  Source:                 gemv_core/row_reg[5]/C
                            (rising edge-triggered cell FDRE clocked by main_crg_clkout0  {rise@0.000ns fall@5.000ns period=10.000ns})
  Destination:            gemv_core/y_mem_reg_0_63_24_26/RAMA/WADR5
                            (rising edge-triggered cell RAMD64E clocked by main_crg_clkout0  {rise@0.000ns fall@5.000ns period=10.000ns})
  Path Group:             main_crg_clkout0
  Path Type:              Hold (Min at Fast Process Corner)
  Requirement:            0.000ns  (main_crg_clkout0 rise@0.000ns - main_crg_clkout0 rise@0.000ns)
  Data Path Delay:        0.558ns  (logic 0.141ns (25.254%)  route 0.417ns (74.746%))
  Logic Levels:           0  
  Clock Path Skew:        0.343ns (DCD - SCD - CPR)
    Destination Clock Delay (DCD):    3.823ns
    Source Clock Delay      (SCD):    2.895ns
    Clock Pessimism Removal (CPR):    0.584ns

    Location             Delay type                Incr(ns)  Path(ns)    Netlist Resource(s)
  -------------------------------------------------------------------    -------------------
                         (clock main_crg_clkout0 rise edge)
                                                      0.000     0.000 r  
    E3                                                0.000     0.000 r  clk100 (IN)
                         net (fo=0)                   0.000     0.000    clk100
    E3                   IBUF (Prop_ibuf_I_O)         0.250     0.250 r  clk100_IBUF_inst/O
                         net (fo=1, routed)           0.644     0.894    clk100_IBUF
    BUFGCTRL_X0Y16       BUFG (Prop_bufg_I_O)         0.026     0.920 r  clk100_IBUF_BUFG_inst/O
                         net (fo=9, routed)           0.629     1.549    main_crg_clkin
    PLLE2_ADV_X0Y0       PLLE2_ADV (Prop_plle2_adv_CLKIN1_CLKOUT0)
                                                      0.050     1.599 r  PLLE2_ADV/CLKOUT0
                         net (fo=1, routed)           0.663     2.262    main_crg_clkout0
    BUFGCTRL_X0Y14       BUFG (Prop_bufg_I_O)         0.026     2.288 r  BUFG_replica_1/O
                         net (fo=5, routed)           0.030     2.318    main_crg_clkout_buf0_repN_1
    BUFGCTRL_X0Y15       BUFG (Prop_bufg_I_O)         0.026     2.344 r  BUFG_replica/O
                         net (fo=4, routed)           0.552     2.895    gemv_core/main_crg_clkout_buf0_repN_alias
    SLICE_X53Y72         FDRE                                         r  gemv_core/row_reg[5]/C
  -------------------------------------------------------------------    -------------------
    SLICE_X53Y72         FDRE (Prop_fdre_C_Q)         0.141     3.036 r  gemv_core/row_reg[5]/Q
                         net (fo=92, routed)          0.417     3.454    gemv_core/y_mem_reg_0_63_24_26/ADDRD5
    SLICE_X60Y76         RAMD64E                                      r  gemv_core/y_mem_reg_0_63_24_26/RAMA/WADR5
  -------------------------------------------------------------------    -------------------

                         (clock main_crg_clkout0 rise edge)
                                                      0.000     0.000 r  
    E3                                                0.000     0.000 r  clk100 (IN)
                         net (fo=0)                   0.000     0.000    clk100
    E3                   IBUF (Prop_ibuf_I_O)         0.438     0.438 r  clk100_IBUF_inst/O
                         net (fo=1, routed)           0.699     1.136    clk100_IBUF
    BUFGCTRL_X0Y16       BUFG (Prop_bufg_I_O)         0.029     1.165 r  clk100_IBUF_BUFG_inst/O
                         net (fo=9, routed)           0.903     2.068    main_crg_clkin
    PLLE2_ADV_X0Y0       PLLE2_ADV (Prop_plle2_adv_CLKIN1_CLKOUT0)
                                                      0.053     2.121 r  PLLE2_ADV/CLKOUT0
                         net (fo=1, routed)           0.716     2.837    main_crg_clkout0
    BUFGCTRL_X0Y14       BUFG (Prop_bufg_I_O)         0.029     2.866 r  BUFG_replica_1/O
                         net (fo=5, routed)           0.033     2.899    main_crg_clkout_buf0_repN_1
    BUFGCTRL_X0Y15       BUFG (Prop_bufg_I_O)         0.029     2.928 r  BUFG_replica/O
                         net (fo=4, routed)           0.046     2.974    main_crg_clkout_buf0_repN
    BUFGCTRL_X0Y0        BUFG (Prop_bufg_I_O)         0.029     3.003 r  BUFG/O
                         net (fo=6673, routed)        0.820     3.823    gemv_core/y_mem_reg_0_63_24_26/WCLK
    SLICE_X60Y76         RAMD64E                                      r  gemv_core/y_mem_reg_0_63_24_26/RAMA/CLK
                         clock pessimism             -0.584     3.238    
    SLICE_X60Y76         RAMD64E (Hold_ramd64e_CLK_WADR5)
                                                      0.170     3.408    gemv_core/y_mem_reg_0_63_24_26/RAMA
  -------------------------------------------------------------------
                         required time                         -3.408    
                         arrival time                           3.454    
  -------------------------------------------------------------------
                         slack                                  0.045    

Slack (MET) :             0.045ns  (arrival time - required time)
  Source:                 gemv_core/row_reg[5]/C
                            (rising edge-triggered cell FDRE clocked by main_crg_clkout0  {rise@0.000ns fall@5.000ns period=10.000ns})
  Destination:            gemv_core/y_mem_reg_0_63_24_26/RAMB/WADR5
                            (rising edge-triggered cell RAMD64E clocked by main_crg_clkout0  {rise@0.000ns fall@5.000ns period=10.000ns})
  Path Group:             main_crg_clkout0
  Path Type:              Hold (Min at Fast Process Corner)
  Requirement:            0.000ns  (main_crg_clkout0 rise@0.000ns - main_crg_clkout0 rise@0.000ns)
  Data Path Delay:        0.558ns  (logic 0.141ns (25.254%)  route 0.417ns (74.746%))
  Logic Levels:           0  
  Clock Path Skew:        0.343ns (DCD - SCD - CPR)
    Destination Clock Delay (DCD):    3.823ns
    Source Clock Delay      (SCD):    2.895ns
    Clock Pessimism Removal (CPR):    0.584ns

    Location             Delay type                Incr(ns)  Path(ns)    Netlist Resource(s)
  -------------------------------------------------------------------    -------------------
                         (clock main_crg_clkout0 rise edge)
                                                      0.000     0.000 r  
    E3                                                0.000     0.000 r  clk100 (IN)
                         net (fo=0)                   0.000     0.000    clk100
    E3                   IBUF (Prop_ibuf_I_O)         0.250     0.250 r  clk100_IBUF_inst/O
                         net (fo=1, routed)           0.644     0.894    clk100_IBUF
    BUFGCTRL_X0Y16       BUFG (Prop_bufg_I_O)         0.026     0.920 r  clk100_IBUF_BUFG_inst/O
                         net (fo=9, routed)           0.629     1.549    main_crg_clkin
    PLLE2_ADV_X0Y0       PLLE2_ADV (Prop_plle2_adv_CLKIN1_CLKOUT0)
                                                      0.050     1.599 r  PLLE2_ADV/CLKOUT0
                         net (fo=1, routed)           0.663     2.262    main_crg_clkout0
    BUFGCTRL_X0Y14       BUFG (Prop_bufg_I_O)         0.026     2.288 r  BUFG_replica_1/O
                         net (fo=5, routed)           0.030     2.318    main_crg_clkout_buf0_repN_1
    BUFGCTRL_X0Y15       BUFG (Prop_bufg_I_O)         0.026     2.344 r  BUFG_replica/O
                         net (fo=4, routed)           0.552     2.895    gemv_core/main_crg_clkout_buf0_repN_alias
    SLICE_X53Y72         FDRE                                         r  gemv_core/row_reg[5]/C
  -------------------------------------------------------------------    -------------------
    SLICE_X53Y72         FDRE (Prop_fdre_C_Q)         0.141     3.036 r  gemv_core/row_reg[5]/Q
                         net (fo=92, routed)          0.417     3.454    gemv_core/y_mem_reg_0_63_24_26/ADDRD5
    SLICE_X60Y76         RAMD64E                                      r  gemv_core/y_mem_reg_0_63_24_26/RAMB/WADR5
  -------------------------------------------------------------------    -------------------

                         (clock main_crg_clkout0 rise edge)
                                                      0.000     0.000 r  
    E3                                                0.000     0.000 r  clk100 (IN)
                         net (fo=0)                   0.000     0.000    clk100
    E3                   IBUF (Prop_ibuf_I_O)         0.438     0.438 r  clk100_IBUF_inst/O
                         net (fo=1, routed)           0.699     1.136    clk100_IBUF
    BUFGCTRL_X0Y16       BUFG (Prop_bufg_I_O)         0.029     1.165 r  clk100_IBUF_BUFG_inst/O
                         net (fo=9, routed)           0.903     2.068    main_crg_clkin
    PLLE2_ADV_X0Y0       PLLE2_ADV (Prop_plle2_adv_CLKIN1_CLKOUT0)
                                                      0.053     2.121 r  PLLE2_ADV/CLKOUT0
                         net (fo=1, routed)           0.716     2.837    main_crg_clkout0
    BUFGCTRL_X0Y14       BUFG (Prop_bufg_I_O)         0.029     2.866 r  BUFG_replica_1/O
                         net (fo=5, routed)           0.033     2.899    main_crg_clkout_buf0_repN_1
    BUFGCTRL_X0Y15       BUFG (Prop_bufg_I_O)         0.029     2.928 r  BUFG_replica/O
                         net (fo=4, routed)           0.046     2.974    main_crg_clkout_buf0_repN
    BUFGCTRL_X0Y0        BUFG (Prop_bufg_I_O)         0.029     3.003 r  BUFG/O
                         net (fo=6673, routed)        0.820     3.823    gemv_core/y_mem_reg_0_63_24_26/WCLK
    SLICE_X60Y76         RAMD64E                                      r  gemv_core/y_mem_reg_0_63_24_26/RAMB/CLK
                         clock pessimism             -0.584     3.238    
    SLICE_X60Y76         RAMD64E (Hold_ramd64e_CLK_WADR5)
                                                      0.170     3.408    gemv_core/y_mem_reg_0_63_24_26/RAMB
  -------------------------------------------------------------------
                         required time                         -3.408    
                         arrival time                           3.454    
  -------------------------------------------------------------------
                         slack                                  0.045    

Slack (MET) :             0.045ns  (arrival time - required time)
  Source:                 gemv_core/row_reg[5]/C
                            (rising edge-triggered cell FDRE clocked by main_crg_clkout0  {rise@0.000ns fall@5.000ns period=10.000ns})
  Destination:            gemv_core/y_mem_reg_0_63_24_26/RAMC/WADR5
                            (rising edge-triggered cell RAMD64E clocked by main_crg_clkout0  {rise@0.000ns fall@5.000ns period=10.000ns})
  Path Group:             main_crg_clkout0
  Path Type:              Hold (Min at Fast Process Corner)
  Requirement:            0.000ns  (main_crg_clkout0 rise@0.000ns - main_crg_clkout0 rise@0.000ns)
  Data Path Delay:        0.558ns  (logic 0.141ns (25.254%)  route 0.417ns (74.746%))
  Logic Levels:           0  
  Clock Path Skew:        0.343ns (DCD - SCD - CPR)
    Destination Clock Delay (DCD):    3.823ns
    Source Clock Delay      (SCD):    2.895ns
    Clock Pessimism Removal (CPR):    0.584ns

    Location             Delay type                Incr(ns)  Path(ns)    Netlist Resource(s)
  -------------------------------------------------------------------    -------------------
                         (clock main_crg_clkout0 rise edge)
                                                      0.000     0.000 r  
    E3                                                0.000     0.000 r  clk100 (IN)
                         net (fo=0)                   0.000     0.000    clk100
    E3                   IBUF (Prop_ibuf_I_O)         0.250     0.250 r  clk100_IBUF_inst/O
                         net (fo=1, routed)           0.644     0.894    clk100_IBUF
    BUFGCTRL_X0Y16       BUFG (Prop_bufg_I_O)         0.026     0.920 r  clk100_IBUF_BUFG_inst/O
                         net (fo=9, routed)           0.629     1.549    main_crg_clkin
    PLLE2_ADV_X0Y0       PLLE2_ADV (Prop_plle2_adv_CLKIN1_CLKOUT0)
                                                      0.050     1.599 r  PLLE2_ADV/CLKOUT0
                         net (fo=1, routed)           0.663     2.262    main_crg_clkout0
    BUFGCTRL_X0Y14       BUFG (Prop_bufg_I_O)         0.026     2.288 r  BUFG_replica_1/O
                         net (fo=5, routed)           0.030     2.318    main_crg_clkout_buf0_repN_1
    BUFGCTRL_X0Y15       BUFG (Prop_bufg_I_O)         0.026     2.344 r  BUFG_replica/O
                         net (fo=4, routed)           0.552     2.895    gemv_core/main_crg_clkout_buf0_repN_alias
    SLICE_X53Y72         FDRE                                         r  gemv_core/row_reg[5]/C
  -------------------------------------------------------------------    -------------------
    SLICE_X53Y72         FDRE (Prop_fdre_C_Q)         0.141     3.036 r  gemv_core/row_reg[5]/Q
                         net (fo=92, routed)          0.417     3.454    gemv_core/y_mem_reg_0_63_24_26/ADDRD5
    SLICE_X60Y76         RAMD64E                                      r  gemv_core/y_mem_reg_0_63_24_26/RAMC/WADR5
  -------------------------------------------------------------------    -------------------

                         (clock main_crg_clkout0 rise edge)
                                                      0.000     0.000 r  
    E3                                                0.000     0.000 r  clk100 (IN)
                         net (fo=0)                   0.000     0.000    clk100
    E3                   IBUF (Prop_ibuf_I_O)         0.438     0.438 r  clk100_IBUF_inst/O
                         net (fo=1, routed)           0.699     1.136    clk100_IBUF
    BUFGCTRL_X0Y16       BUFG (Prop_bufg_I_O)         0.029     1.165 r  clk100_IBUF_BUFG_inst/O
                         net (fo=9, routed)           0.903     2.068    main_crg_clkin
    PLLE2_ADV_X0Y0       PLLE2_ADV (Prop_plle2_adv_CLKIN1_CLKOUT0)
                                                      0.053     2.121 r  PLLE2_ADV/CLKOUT0
                         net (fo=1, routed)           0.716     2.837    main_crg_clkout0
    BUFGCTRL_X0Y14       BUFG (Prop_bufg_I_O)         0.029     2.866 r  BUFG_replica_1/O
                         net (fo=5, routed)           0.033     2.899    main_crg_clkout_buf0_repN_1
    BUFGCTRL_X0Y15       BUFG (Prop_bufg_I_O)         0.029     2.928 r  BUFG_replica/O
                         net (fo=4, routed)           0.046     2.974    main_crg_clkout_buf0_repN
    BUFGCTRL_X0Y0        BUFG (Prop_bufg_I_O)         0.029     3.003 r  BUFG/O
                         net (fo=6673, routed)        0.820     3.823    gemv_core/y_mem_reg_0_63_24_26/WCLK
    SLICE_X60Y76         RAMD64E                                      r  gemv_core/y_mem_reg_0_63_24_26/RAMC/CLK
                         clock pessimism             -0.584     3.238    
    SLICE_X60Y76         RAMD64E (Hold_ramd64e_CLK_WADR5)
                                                      0.170     3.408    gemv_core/y_mem_reg_0_63_24_26/RAMC
  -------------------------------------------------------------------
                         required time                         -3.408    
                         arrival time                           3.454    
  -------------------------------------------------------------------
                         slack                                  0.045    

Slack (MET) :             0.045ns  (arrival time - required time)
  Source:                 gemv_core/row_reg[5]/C
                            (rising edge-triggered cell FDRE clocked by main_crg_clkout0  {rise@0.000ns fall@5.000ns period=10.000ns})
  Destination:            gemv_core/y_mem_reg_0_63_24_26/RAMD/WADR5
                            (rising edge-triggered cell RAMD64E clocked by main_crg_clkout0  {rise@0.000ns fall@5.000ns period=10.000ns})
  Path Group:             main_crg_clkout0
  Path Type:              Hold (Min at Fast Process Corner)
  Requirement:            0.000ns  (main_crg_clkout0 rise@0.000ns - main_crg_clkout0 rise@0.000ns)
  Data Path Delay:        0.558ns  (logic 0.141ns (25.254%)  route 0.417ns (74.746%))
  Logic Levels:           0  
  Clock Path Skew:        0.343ns (DCD - SCD - CPR)
    Destination Clock Delay (DCD):    3.823ns
    Source Clock Delay      (SCD):    2.895ns
    Clock Pessimism Removal (CPR):    0.584ns

    Location             Delay type                Incr(ns)  Path(ns)    Netlist Resource(s)
  -------------------------------------------------------------------    -------------------
                         (clock main_crg_clkout0 rise edge)
                                                      0.000     0.000 r  
    E3                                                0.000     0.000 r  clk100 (IN)
                         net (fo=0)                   0.000     0.000    clk100
    E3                   IBUF (Prop_ibuf_I_O)         0.250     0.250 r  clk100_IBUF_inst/O
                         net (fo=1, routed)           0.644     0.894    clk100_IBUF
    BUFGCTRL_X0Y16       BUFG (Prop_bufg_I_O)         0.026     0.920 r  clk100_IBUF_BUFG_inst/O
                         net (fo=9, routed)           0.629     1.549    main_crg_clkin
    PLLE2_ADV_X0Y0       PLLE2_ADV (Prop_plle2_adv_CLKIN1_CLKOUT0)
                                                      0.050     1.599 r  PLLE2_ADV/CLKOUT0
                         net (fo=1, routed)           0.663     2.262    main_crg_clkout0
    BUFGCTRL_X0Y14       BUFG (Prop_bufg_I_O)         0.026     2.288 r  BUFG_replica_1/O
                         net (fo=5, routed)           0.030     2.318    main_crg_clkout_buf0_repN_1
    BUFGCTRL_X0Y15       BUFG (Prop_bufg_I_O)         0.026     2.344 r  BUFG_replica/O
                         net (fo=4, routed)           0.552     2.895    gemv_core/main_crg_clkout_buf0_repN_alias
    SLICE_X53Y72         FDRE                                         r  gemv_core/row_reg[5]/C
  -------------------------------------------------------------------    -------------------
    SLICE_X53Y72         FDRE (Prop_fdre_C_Q)         0.141     3.036 r  gemv_core/row_reg[5]/Q
                         net (fo=92, routed)          0.417     3.454    gemv_core/y_mem_reg_0_63_24_26/ADDRD5
    SLICE_X60Y76         RAMD64E                                      r  gemv_core/y_mem_reg_0_63_24_26/RAMD/WADR5
  -------------------------------------------------------------------    -------------------

                         (clock main_crg_clkout0 rise edge)
                                                      0.000     0.000 r  
    E3                                                0.000     0.000 r  clk100 (IN)
                         net (fo=0)                   0.000     0.000    clk100
    E3                   IBUF (Prop_ibuf_I_O)         0.438     0.438 r  clk100_IBUF_inst/O
                         net (fo=1, routed)           0.699     1.136    clk100_IBUF
    BUFGCTRL_X0Y16       BUFG (Prop_bufg_I_O)         0.029     1.165 r  clk100_IBUF_BUFG_inst/O
                         net (fo=9, routed)           0.903     2.068    main_crg_clkin
    PLLE2_ADV_X0Y0       PLLE2_ADV (Prop_plle2_adv_CLKIN1_CLKOUT0)
                                                      0.053     2.121 r  PLLE2_ADV/CLKOUT0
                         net (fo=1, routed)           0.716     2.837    main_crg_clkout0
    BUFGCTRL_X0Y14       BUFG (Prop_bufg_I_O)         0.029     2.866 r  BUFG_replica_1/O
                         net (fo=5, routed)           0.033     2.899    main_crg_clkout_buf0_repN_1
    BUFGCTRL_X0Y15       BUFG (Prop_bufg_I_O)         0.029     2.928 r  BUFG_replica/O
                         net (fo=4, routed)           0.046     2.974    main_crg_clkout_buf0_repN
    BUFGCTRL_X0Y0        BUFG (Prop_bufg_I_O)         0.029     3.003 r  BUFG/O
                         net (fo=6673, routed)        0.820     3.823    gemv_core/y_mem_reg_0_63_24_26/WCLK
    SLICE_X60Y76         RAMD64E                                      r  gemv_core/y_mem_reg_0_63_24_26/RAMD/CLK
                         clock pessimism             -0.584     3.238    
    SLICE_X60Y76         RAMD64E (Hold_ramd64e_CLK_WADR5)
                                                      0.170     3.408    gemv_core/y_mem_reg_0_63_24_26/RAMD
  -------------------------------------------------------------------
                         required time                         -3.408    
                         arrival time                           3.454    
  -------------------------------------------------------------------
                         slack                                  0.045    

Slack (MET) :             0.046ns  (arrival time - required time)
  Source:                 main_basesoc_sdram_bankmachine7_produce_reg[0]/C
                            (rising edge-triggered cell FDRE clocked by main_crg_clkout0  {rise@0.000ns fall@5.000ns period=10.000ns})
  Destination:            storage_9_reg_0_7_18_21/RAMA/WADR0
                            (rising edge-triggered cell RAMD32 clocked by main_crg_clkout0  {rise@0.000ns fall@5.000ns period=10.000ns})
  Path Group:             main_crg_clkout0
  Path Type:              Hold (Min at Fast Process Corner)
  Requirement:            0.000ns  (main_crg_clkout0 rise@0.000ns - main_crg_clkout0 rise@0.000ns)
  Data Path Delay:        0.369ns  (logic 0.141ns (38.165%)  route 0.228ns (61.835%))
  Logic Levels:           0  
  Clock Path Skew:        0.013ns (DCD - SCD - CPR)
    Destination Clock Delay (DCD):    3.876ns
    Source Clock Delay      (SCD):    3.012ns
    Clock Pessimism Removal (CPR):    0.850ns

    Location             Delay type                Incr(ns)  Path(ns)    Netlist Resource(s)
  -------------------------------------------------------------------    -------------------
                         (clock main_crg_clkout0 rise edge)
                                                      0.000     0.000 r  
    E3                                                0.000     0.000 r  clk100 (IN)
                         net (fo=0)                   0.000     0.000    clk100
    E3                   IBUF (Prop_ibuf_I_O)         0.250     0.250 r  clk100_IBUF_inst/O
                         net (fo=1, routed)           0.644     0.894    clk100_IBUF
    BUFGCTRL_X0Y16       BUFG (Prop_bufg_I_O)         0.026     0.920 r  clk100_IBUF_BUFG_inst/O
                         net (fo=9, routed)           0.629     1.549    main_crg_clkin
    PLLE2_ADV_X0Y0       PLLE2_ADV (Prop_plle2_adv_CLKIN1_CLKOUT0)
                                                      0.050     1.599 r  PLLE2_ADV/CLKOUT0
                         net (fo=1, routed)           0.663     2.262    main_crg_clkout0
    BUFGCTRL_X0Y14       BUFG (Prop_bufg_I_O)         0.026     2.288 r  BUFG_replica_1/O
                         net (fo=5, routed)           0.030     2.318    main_crg_clkout_buf0_repN_1
    BUFGCTRL_X0Y15       BUFG (Prop_bufg_I_O)         0.026     2.344 r  BUFG_replica/O
                         net (fo=4, routed)           0.042     2.386    main_crg_clkout_buf0_repN
    BUFGCTRL_X0Y0        BUFG (Prop_bufg_I_O)         0.026     2.412 r  BUFG/O
                         net (fo=6673, routed)        0.601     3.012    main_crg_clkout_buf0
    SLICE_X81Y52         FDRE                                         r  main_basesoc_sdram_bankmachine7_produce_reg[0]/C
  -------------------------------------------------------------------    -------------------
    SLICE_X81Y52         FDRE (Prop_fdre_C_Q)         0.141     3.153 r  main_basesoc_sdram_bankmachine7_produce_reg[0]/Q
                         net (fo=35, routed)          0.228     3.382    storage_9_reg_0_7_18_21/ADDRD0
    SLICE_X80Y52         RAMD32                                       r  storage_9_reg_0_7_18_21/RAMA/WADR0
  -------------------------------------------------------------------    -------------------

                         (clock main_crg_clkout0 rise edge)
                                                      0.000     0.000 r  
    E3                                                0.000     0.000 r  clk100 (IN)
                         net (fo=0)                   0.000     0.000    clk100
    E3                   IBUF (Prop_ibuf_I_O)         0.438     0.438 r  clk100_IBUF_inst/O
                         net (fo=1, routed)           0.699     1.136    clk100_IBUF
    BUFGCTRL_X0Y16       BUFG (Prop_bufg_I_O)         0.029     1.165 r  clk100_IBUF_BUFG_inst/O
                         net (fo=9, routed)           0.903     2.068    main_crg_clkin
    PLLE2_ADV_X0Y0       PLLE2_ADV (Prop_plle2_adv_CLKIN1_CLKOUT0)
                                                      0.053     2.121 r  PLLE2_ADV/CLKOUT0
                         net (fo=1, routed)           0.716     2.837    main_crg_clkout0
    BUFGCTRL_X0Y14       BUFG (Prop_bufg_I_O)         0.029     2.866 r  BUFG_replica_1/O
                         net (fo=5, routed)           0.033     2.899    main_crg_clkout_buf0_repN_1
    BUFGCTRL_X0Y15       BUFG (Prop_bufg_I_O)         0.029     2.928 r  BUFG_replica/O
                         net (fo=4, routed)           0.046     2.974    main_crg_clkout_buf0_repN
    BUFGCTRL_X0Y0        BUFG (Prop_bufg_I_O)         0.029     3.003 r  BUFG/O
                         net (fo=6673, routed)        0.873     3.876    storage_9_reg_0_7_18_21/WCLK
    SLICE_X80Y52         RAMD32                                       r  storage_9_reg_0_7_18_21/RAMA/CLK
                         clock pessimism             -0.850     3.025    
    SLICE_X80Y52         RAMD32 (Hold_ramd32_CLK_WADR0)
                                                      0.310     3.335    storage_9_reg_0_7_18_21/RAMA
  -------------------------------------------------------------------
                         required time                         -3.335    
                         arrival time                           3.382    
  -------------------------------------------------------------------
                         slack                                  0.046    

Slack (MET) :             0.046ns  (arrival time - required time)
  Source:                 main_basesoc_sdram_bankmachine7_produce_reg[0]/C
                            (rising edge-triggered cell FDRE clocked by main_crg_clkout0  {rise@0.000ns fall@5.000ns period=10.000ns})
  Destination:            storage_9_reg_0_7_18_21/RAMA_D1/WADR0
                            (rising edge-triggered cell RAMD32 clocked by main_crg_clkout0  {rise@0.000ns fall@5.000ns period=10.000ns})
  Path Group:             main_crg_clkout0
  Path Type:              Hold (Min at Fast Process Corner)
  Requirement:            0.000ns  (main_crg_clkout0 rise@0.000ns - main_crg_clkout0 rise@0.000ns)
  Data Path Delay:        0.369ns  (logic 0.141ns (38.165%)  route 0.228ns (61.835%))
  Logic Levels:           0  
  Clock Path Skew:        0.013ns (DCD - SCD - CPR)
    Destination Clock Delay (DCD):    3.876ns
    Source Clock Delay      (SCD):    3.012ns
    Clock Pessimism Removal (CPR):    0.850ns

    Location             Delay type                Incr(ns)  Path(ns)    Netlist Resource(s)
  -------------------------------------------------------------------    -------------------
                         (clock main_crg_clkout0 rise edge)
                                                      0.000     0.000 r  
    E3                                                0.000     0.000 r  clk100 (IN)
                         net (fo=0)                   0.000     0.000    clk100
    E3                   IBUF (Prop_ibuf_I_O)         0.250     0.250 r  clk100_IBUF_inst/O
                         net (fo=1, routed)           0.644     0.894    clk100_IBUF
    BUFGCTRL_X0Y16       BUFG (Prop_bufg_I_O)         0.026     0.920 r  clk100_IBUF_BUFG_inst/O
                         net (fo=9, routed)           0.629     1.549    main_crg_clkin
    PLLE2_ADV_X0Y0       PLLE2_ADV (Prop_plle2_adv_CLKIN1_CLKOUT0)
                                                      0.050     1.599 r  PLLE2_ADV/CLKOUT0
                         net (fo=1, routed)           0.663     2.262    main_crg_clkout0
    BUFGCTRL_X0Y14       BUFG (Prop_bufg_I_O)         0.026     2.288 r  BUFG_replica_1/O
                         net (fo=5, routed)           0.030     2.318    main_crg_clkout_buf0_repN_1
    BUFGCTRL_X0Y15       BUFG (Prop_bufg_I_O)         0.026     2.344 r  BUFG_replica/O
                         net (fo=4, routed)           0.042     2.386    main_crg_clkout_buf0_repN
    BUFGCTRL_X0Y0        BUFG (Prop_bufg_I_O)         0.026     2.412 r  BUFG/O
                         net (fo=6673, routed)        0.601     3.012    main_crg_clkout_buf0
    SLICE_X81Y52         FDRE                                         r  main_basesoc_sdram_bankmachine7_produce_reg[0]/C
  -------------------------------------------------------------------    -------------------
    SLICE_X81Y52         FDRE (Prop_fdre_C_Q)         0.141     3.153 r  main_basesoc_sdram_bankmachine7_produce_reg[0]/Q
                         net (fo=35, routed)          0.228     3.382    storage_9_reg_0_7_18_21/ADDRD0
    SLICE_X80Y52         RAMD32                                       r  storage_9_reg_0_7_18_21/RAMA_D1/WADR0
  -------------------------------------------------------------------    -------------------

                         (clock main_crg_clkout0 rise edge)
                                                      0.000     0.000 r  
    E3                                                0.000     0.000 r  clk100 (IN)
                         net (fo=0)                   0.000     0.000    clk100
    E3                   IBUF (Prop_ibuf_I_O)         0.438     0.438 r  clk100_IBUF_inst/O
                         net (fo=1, routed)           0.699     1.136    clk100_IBUF
    BUFGCTRL_X0Y16       BUFG (Prop_bufg_I_O)         0.029     1.165 r  clk100_IBUF_BUFG_inst/O
                         net (fo=9, routed)           0.903     2.068    main_crg_clkin
    PLLE2_ADV_X0Y0       PLLE2_ADV (Prop_plle2_adv_CLKIN1_CLKOUT0)
                                                      0.053     2.121 r  PLLE2_ADV/CLKOUT0
                         net (fo=1, routed)           0.716     2.837    main_crg_clkout0
    BUFGCTRL_X0Y14       BUFG (Prop_bufg_I_O)         0.029     2.866 r  BUFG_replica_1/O
                         net (fo=5, routed)           0.033     2.899    main_crg_clkout_buf0_repN_1
    BUFGCTRL_X0Y15       BUFG (Prop_bufg_I_O)         0.029     2.928 r  BUFG_replica/O
                         net (fo=4, routed)           0.046     2.974    main_crg_clkout_buf0_repN
    BUFGCTRL_X0Y0        BUFG (Prop_bufg_I_O)         0.029     3.003 r  BUFG/O
                         net (fo=6673, routed)        0.873     3.876    storage_9_reg_0_7_18_21/WCLK
    SLICE_X80Y52         RAMD32                                       r  storage_9_reg_0_7_18_21/RAMA_D1/CLK
                         clock pessimism             -0.850     3.025    
    SLICE_X80Y52         RAMD32 (Hold_ramd32_CLK_WADR0)
                                                      0.310     3.335    storage_9_reg_0_7_18_21/RAMA_D1
  -------------------------------------------------------------------
                         required time                         -3.335    
                         arrival time                           3.382    
  -------------------------------------------------------------------
                         slack                                  0.046    

Slack (MET) :             0.046ns  (arrival time - required time)
  Source:                 main_basesoc_sdram_bankmachine7_produce_reg[0]/C
                            (rising edge-triggered cell FDRE clocked by main_crg_clkout0  {rise@0.000ns fall@5.000ns period=10.000ns})
  Destination:            storage_9_reg_0_7_18_21/RAMB/WADR0
                            (rising edge-triggered cell RAMD32 clocked by main_crg_clkout0  {rise@0.000ns fall@5.000ns period=10.000ns})
  Path Group:             main_crg_clkout0
  Path Type:              Hold (Min at Fast Process Corner)
  Requirement:            0.000ns  (main_crg_clkout0 rise@0.000ns - main_crg_clkout0 rise@0.000ns)
  Data Path Delay:        0.369ns  (logic 0.141ns (38.165%)  route 0.228ns (61.835%))
  Logic Levels:           0  
  Clock Path Skew:        0.013ns (DCD - SCD - CPR)
    Destination Clock Delay (DCD):    3.876ns
    Source Clock Delay      (SCD):    3.012ns
    Clock Pessimism Removal (CPR):    0.850ns

    Location             Delay type                Incr(ns)  Path(ns)    Netlist Resource(s)
  -------------------------------------------------------------------    -------------------
                         (clock main_crg_clkout0 rise edge)
                                                      0.000     0.000 r  
    E3                                                0.000     0.000 r  clk100 (IN)
                         net (fo=0)                   0.000     0.000    clk100
    E3                   IBUF (Prop_ibuf_I_O)         0.250     0.250 r  clk100_IBUF_inst/O
                         net (fo=1, routed)           0.644     0.894    clk100_IBUF
    BUFGCTRL_X0Y16       BUFG (Prop_bufg_I_O)         0.026     0.920 r  clk100_IBUF_BUFG_inst/O
                         net (fo=9, routed)           0.629     1.549    main_crg_clkin
    PLLE2_ADV_X0Y0       PLLE2_ADV (Prop_plle2_adv_CLKIN1_CLKOUT0)
                                                      0.050     1.599 r  PLLE2_ADV/CLKOUT0
                         net (fo=1, routed)           0.663     2.262    main_crg_clkout0
    BUFGCTRL_X0Y14       BUFG (Prop_bufg_I_O)         0.026     2.288 r  BUFG_replica_1/O
                         net (fo=5, routed)           0.030     2.318    main_crg_clkout_buf0_repN_1
    BUFGCTRL_X0Y15       BUFG (Prop_bufg_I_O)         0.026     2.344 r  BUFG_replica/O
                         net (fo=4, routed)           0.042     2.386    main_crg_clkout_buf0_repN
    BUFGCTRL_X0Y0        BUFG (Prop_bufg_I_O)         0.026     2.412 r  BUFG/O
                         net (fo=6673, routed)        0.601     3.012    main_crg_clkout_buf0
    SLICE_X81Y52         FDRE                                         r  main_basesoc_sdram_bankmachine7_produce_reg[0]/C
  -------------------------------------------------------------------    -------------------
    SLICE_X81Y52         FDRE (Prop_fdre_C_Q)         0.141     3.153 r  main_basesoc_sdram_bankmachine7_produce_reg[0]/Q
                         net (fo=35, routed)          0.228     3.382    storage_9_reg_0_7_18_21/ADDRD0
    SLICE_X80Y52         RAMD32                                       r  storage_9_reg_0_7_18_21/RAMB/WADR0
  -------------------------------------------------------------------    -------------------

                         (clock main_crg_clkout0 rise edge)
                                                      0.000     0.000 r  
    E3                                                0.000     0.000 r  clk100 (IN)
                         net (fo=0)                   0.000     0.000    clk100
    E3                   IBUF (Prop_ibuf_I_O)         0.438     0.438 r  clk100_IBUF_inst/O
                         net (fo=1, routed)           0.699     1.136    clk100_IBUF
    BUFGCTRL_X0Y16       BUFG (Prop_bufg_I_O)         0.029     1.165 r  clk100_IBUF_BUFG_inst/O
                         net (fo=9, routed)           0.903     2.068    main_crg_clkin
    PLLE2_ADV_X0Y0       PLLE2_ADV (Prop_plle2_adv_CLKIN1_CLKOUT0)
                                                      0.053     2.121 r  PLLE2_ADV/CLKOUT0
                         net (fo=1, routed)           0.716     2.837    main_crg_clkout0
    BUFGCTRL_X0Y14       BUFG (Prop_bufg_I_O)         0.029     2.866 r  BUFG_replica_1/O
                         net (fo=5, routed)           0.033     2.899    main_crg_clkout_buf0_repN_1
    BUFGCTRL_X0Y15       BUFG (Prop_bufg_I_O)         0.029     2.928 r  BUFG_replica/O
                         net (fo=4, routed)           0.046     2.974    main_crg_clkout_buf0_repN
    BUFGCTRL_X0Y0        BUFG (Prop_bufg_I_O)         0.029     3.003 r  BUFG/O
                         net (fo=6673, routed)        0.873     3.876    storage_9_reg_0_7_18_21/WCLK
    SLICE_X80Y52         RAMD32                                       r  storage_9_reg_0_7_18_21/RAMB/CLK
                         clock pessimism             -0.850     3.025    
    SLICE_X80Y52         RAMD32 (Hold_ramd32_CLK_WADR0)
                                                      0.310     3.335    storage_9_reg_0_7_18_21/RAMB
  -------------------------------------------------------------------
                         required time                         -3.335    
                         arrival time                           3.382    
  -------------------------------------------------------------------
                         slack                                  0.046    

Slack (MET) :             0.046ns  (arrival time - required time)
  Source:                 main_basesoc_sdram_bankmachine7_produce_reg[0]/C
                            (rising edge-triggered cell FDRE clocked by main_crg_clkout0  {rise@0.000ns fall@5.000ns period=10.000ns})
  Destination:            storage_9_reg_0_7_18_21/RAMB_D1/WADR0
                            (rising edge-triggered cell RAMD32 clocked by main_crg_clkout0  {rise@0.000ns fall@5.000ns period=10.000ns})
  Path Group:             main_crg_clkout0
  Path Type:              Hold (Min at Fast Process Corner)
  Requirement:            0.000ns  (main_crg_clkout0 rise@0.000ns - main_crg_clkout0 rise@0.000ns)
  Data Path Delay:        0.369ns  (logic 0.141ns (38.165%)  route 0.228ns (61.835%))
  Logic Levels:           0  
  Clock Path Skew:        0.013ns (DCD - SCD - CPR)
    Destination Clock Delay (DCD):    3.876ns
    Source Clock Delay      (SCD):    3.012ns
    Clock Pessimism Removal (CPR):    0.850ns

    Location             Delay type                Incr(ns)  Path(ns)    Netlist Resource(s)
  -------------------------------------------------------------------    -------------------
                         (clock main_crg_clkout0 rise edge)
                                                      0.000     0.000 r  
    E3                                                0.000     0.000 r  clk100 (IN)
                         net (fo=0)                   0.000     0.000    clk100
    E3                   IBUF (Prop_ibuf_I_O)         0.250     0.250 r  clk100_IBUF_inst/O
                         net (fo=1, routed)           0.644     0.894    clk100_IBUF
    BUFGCTRL_X0Y16       BUFG (Prop_bufg_I_O)         0.026     0.920 r  clk100_IBUF_BUFG_inst/O
                         net (fo=9, routed)           0.629     1.549    main_crg_clkin
    PLLE2_ADV_X0Y0       PLLE2_ADV (Prop_plle2_adv_CLKIN1_CLKOUT0)
                                                      0.050     1.599 r  PLLE2_ADV/CLKOUT0
                         net (fo=1, routed)           0.663     2.262    main_crg_clkout0
    BUFGCTRL_X0Y14       BUFG (Prop_bufg_I_O)         0.026     2.288 r  BUFG_replica_1/O
                         net (fo=5, routed)           0.030     2.318    main_crg_clkout_buf0_repN_1
    BUFGCTRL_X0Y15       BUFG (Prop_bufg_I_O)         0.026     2.344 r  BUFG_replica/O
                         net (fo=4, routed)           0.042     2.386    main_crg_clkout_buf0_repN
    BUFGCTRL_X0Y0        BUFG (Prop_bufg_I_O)         0.026     2.412 r  BUFG/O
                         net (fo=6673, routed)        0.601     3.012    main_crg_clkout_buf0
    SLICE_X81Y52         FDRE                                         r  main_basesoc_sdram_bankmachine7_produce_reg[0]/C
  -------------------------------------------------------------------    -------------------
    SLICE_X81Y52         FDRE (Prop_fdre_C_Q)         0.141     3.153 r  main_basesoc_sdram_bankmachine7_produce_reg[0]/Q
                         net (fo=35, routed)          0.228     3.382    storage_9_reg_0_7_18_21/ADDRD0
    SLICE_X80Y52         RAMD32                                       r  storage_9_reg_0_7_18_21/RAMB_D1/WADR0
  -------------------------------------------------------------------    -------------------

                         (clock main_crg_clkout0 rise edge)
                                                      0.000     0.000 r  
    E3                                                0.000     0.000 r  clk100 (IN)
                         net (fo=0)                   0.000     0.000    clk100
    E3                   IBUF (Prop_ibuf_I_O)         0.438     0.438 r  clk100_IBUF_inst/O
                         net (fo=1, routed)           0.699     1.136    clk100_IBUF
    BUFGCTRL_X0Y16       BUFG (Prop_bufg_I_O)         0.029     1.165 r  clk100_IBUF_BUFG_inst/O
                         net (fo=9, routed)           0.903     2.068    main_crg_clkin
    PLLE2_ADV_X0Y0       PLLE2_ADV (Prop_plle2_adv_CLKIN1_CLKOUT0)
                                                      0.053     2.121 r  PLLE2_ADV/CLKOUT0
                         net (fo=1, routed)           0.716     2.837    main_crg_clkout0
    BUFGCTRL_X0Y14       BUFG (Prop_bufg_I_O)         0.029     2.866 r  BUFG_replica_1/O
                         net (fo=5, routed)           0.033     2.899    main_crg_clkout_buf0_repN_1
    BUFGCTRL_X0Y15       BUFG (Prop_bufg_I_O)         0.029     2.928 r  BUFG_replica/O
                         net (fo=4, routed)           0.046     2.974    main_crg_clkout_buf0_repN
    BUFGCTRL_X0Y0        BUFG (Prop_bufg_I_O)         0.029     3.003 r  BUFG/O
                         net (fo=6673, routed)        0.873     3.876    storage_9_reg_0_7_18_21/WCLK
    SLICE_X80Y52         RAMD32                                       r  storage_9_reg_0_7_18_21/RAMB_D1/CLK
                         clock pessimism             -0.850     3.025    
    SLICE_X80Y52         RAMD32 (Hold_ramd32_CLK_WADR0)
                                                      0.310     3.335    storage_9_reg_0_7_18_21/RAMB_D1
  -------------------------------------------------------------------
                         required time                         -3.335    
                         arrival time                           3.382    
  -------------------------------------------------------------------
                         slack                                  0.046    

Slack (MET) :             0.046ns  (arrival time - required time)
  Source:                 main_basesoc_sdram_bankmachine7_produce_reg[0]/C
                            (rising edge-triggered cell FDRE clocked by main_crg_clkout0  {rise@0.000ns fall@5.000ns period=10.000ns})
  Destination:            storage_9_reg_0_7_18_21/RAMC/WADR0
                            (rising edge-triggered cell RAMD32 clocked by main_crg_clkout0  {rise@0.000ns fall@5.000ns period=10.000ns})
  Path Group:             main_crg_clkout0
  Path Type:              Hold (Min at Fast Process Corner)
  Requirement:            0.000ns  (main_crg_clkout0 rise@0.000ns - main_crg_clkout0 rise@0.000ns)
  Data Path Delay:        0.369ns  (logic 0.141ns (38.165%)  route 0.228ns (61.835%))
  Logic Levels:           0  
  Clock Path Skew:        0.013ns (DCD - SCD - CPR)
    Destination Clock Delay (DCD):    3.876ns
    Source Clock Delay      (SCD):    3.012ns
    Clock Pessimism Removal (CPR):    0.850ns

    Location             Delay type                Incr(ns)  Path(ns)    Netlist Resource(s)
  -------------------------------------------------------------------    -------------------
                         (clock main_crg_clkout0 rise edge)
                                                      0.000     0.000 r  
    E3                                                0.000     0.000 r  clk100 (IN)
                         net (fo=0)                   0.000     0.000    clk100
    E3                   IBUF (Prop_ibuf_I_O)         0.250     0.250 r  clk100_IBUF_inst/O
                         net (fo=1, routed)           0.644     0.894    clk100_IBUF
    BUFGCTRL_X0Y16       BUFG (Prop_bufg_I_O)         0.026     0.920 r  clk100_IBUF_BUFG_inst/O
                         net (fo=9, routed)           0.629     1.549    main_crg_clkin
    PLLE2_ADV_X0Y0       PLLE2_ADV (Prop_plle2_adv_CLKIN1_CLKOUT0)
                                                      0.050     1.599 r  PLLE2_ADV/CLKOUT0
                         net (fo=1, routed)           0.663     2.262    main_crg_clkout0
    BUFGCTRL_X0Y14       BUFG (Prop_bufg_I_O)         0.026     2.288 r  BUFG_replica_1/O
                         net (fo=5, routed)           0.030     2.318    main_crg_clkout_buf0_repN_1
    BUFGCTRL_X0Y15       BUFG (Prop_bufg_I_O)         0.026     2.344 r  BUFG_replica/O
                         net (fo=4, routed)           0.042     2.386    main_crg_clkout_buf0_repN
    BUFGCTRL_X0Y0        BUFG (Prop_bufg_I_O)         0.026     2.412 r  BUFG/O
                         net (fo=6673, routed)        0.601     3.012    main_crg_clkout_buf0
    SLICE_X81Y52         FDRE                                         r  main_basesoc_sdram_bankmachine7_produce_reg[0]/C
  -------------------------------------------------------------------    -------------------
    SLICE_X81Y52         FDRE (Prop_fdre_C_Q)         0.141     3.153 r  main_basesoc_sdram_bankmachine7_produce_reg[0]/Q
                         net (fo=35, routed)          0.228     3.382    storage_9_reg_0_7_18_21/ADDRD0
    SLICE_X80Y52         RAMD32                                       r  storage_9_reg_0_7_18_21/RAMC/WADR0
  -------------------------------------------------------------------    -------------------

                         (clock main_crg_clkout0 rise edge)
                                                      0.000     0.000 r  
    E3                                                0.000     0.000 r  clk100 (IN)
                         net (fo=0)                   0.000     0.000    clk100
    E3                   IBUF (Prop_ibuf_I_O)         0.438     0.438 r  clk100_IBUF_inst/O
                         net (fo=1, routed)           0.699     1.136    clk100_IBUF
    BUFGCTRL_X0Y16       BUFG (Prop_bufg_I_O)         0.029     1.165 r  clk100_IBUF_BUFG_inst/O
                         net (fo=9, routed)           0.903     2.068    main_crg_clkin
    PLLE2_ADV_X0Y0       PLLE2_ADV (Prop_plle2_adv_CLKIN1_CLKOUT0)
                                                      0.053     2.121 r  PLLE2_ADV/CLKOUT0
                         net (fo=1, routed)           0.716     2.837    main_crg_clkout0
    BUFGCTRL_X0Y14       BUFG (Prop_bufg_I_O)         0.029     2.866 r  BUFG_replica_1/O
                         net (fo=5, routed)           0.033     2.899    main_crg_clkout_buf0_repN_1
    BUFGCTRL_X0Y15       BUFG (Prop_bufg_I_O)         0.029     2.928 r  BUFG_replica/O
                         net (fo=4, routed)           0.046     2.974    main_crg_clkout_buf0_repN
    BUFGCTRL_X0Y0        BUFG (Prop_bufg_I_O)         0.029     3.003 r  BUFG/O
                         net (fo=6673, routed)        0.873     3.876    storage_9_reg_0_7_18_21/WCLK
    SLICE_X80Y52         RAMD32                                       r  storage_9_reg_0_7_18_21/RAMC/CLK
                         clock pessimism             -0.850     3.025    
    SLICE_X80Y52         RAMD32 (Hold_ramd32_CLK_WADR0)
                                                      0.310     3.335    storage_9_reg_0_7_18_21/RAMC
  -------------------------------------------------------------------
                         required time                         -3.335    
                         arrival time                           3.382    
  -------------------------------------------------------------------
                         slack                                  0.046    





Pulse Width Checks
--------------------------------------------------------------------------------------
Clock Name:         main_crg_clkout0
Waveform(ns):       { 0.000 5.000 }
Period(ns):         10.000
Sources:            { PLLE2_ADV/CLKOUT0 }

Check Type        Corner  Lib Pin             Reference Pin  Required(ns)  Actual(ns)  Slack(ns)  Location        Pin
Min Period        n/a     RAMB18E1/CLKARDCLK  n/a            2.944         10.000      7.056      RAMB18_X0Y8     VexRiscv/RegFilePlugin_regFile_reg_1/CLKARDCLK
Min Period        n/a     RAMB18E1/CLKBWRCLK  n/a            2.944         10.000      7.056      RAMB18_X0Y8     VexRiscv/RegFilePlugin_regFile_reg_1/CLKBWRCLK
Min Period        n/a     RAMB18E1/CLKARDCLK  n/a            2.944         10.000      7.056      RAMB18_X0Y9     VexRiscv/RegFilePlugin_regFile_reg_2/CLKARDCLK
Min Period        n/a     RAMB18E1/CLKBWRCLK  n/a            2.944         10.000      7.056      RAMB18_X0Y9     VexRiscv/RegFilePlugin_regFile_reg_2/CLKBWRCLK
Min Period        n/a     RAMB36E1/CLKARDCLK  n/a            2.944         10.000      7.056      RAMB36_X1Y4     VexRiscv/IBusCachedPlugin_cache/banks_0_reg/CLKARDCLK
Min Period        n/a     RAMB18E1/CLKARDCLK  n/a            2.944         10.000      7.056      RAMB18_X1Y12    VexRiscv/IBusCachedPlugin_cache/ways_0_tags_reg/CLKARDCLK
Min Period        n/a     RAMB18E1/CLKBWRCLK  n/a            2.944         10.000      7.056      RAMB18_X1Y12    VexRiscv/IBusCachedPlugin_cache/ways_0_tags_reg/CLKBWRCLK
Min Period        n/a     RAMB18E1/CLKARDCLK  n/a            2.944         10.000      7.056      RAMB18_X0Y6     VexRiscv/dataCache_1/ways_0_data_symbol0_reg/CLKARDCLK
Min Period        n/a     RAMB18E1/CLKARDCLK  n/a            2.944         10.000      7.056      RAMB18_X0Y10    VexRiscv/dataCache_1/ways_0_data_symbol1_reg/CLKARDCLK
Min Period        n/a     RAMB18E1/CLKARDCLK  n/a            2.944         10.000      7.056      RAMB18_X0Y7     VexRiscv/dataCache_1/ways_0_data_symbol2_reg/CLKARDCLK
Max Period        n/a     PLLE2_ADV/CLKOUT0   n/a            160.000       10.000      150.000    PLLE2_ADV_X0Y0  PLLE2_ADV/CLKOUT0
Low Pulse Width   Slow    RAMD64E/CLK         n/a            1.250         5.000       3.750      SLICE_X56Y69    gemv_core/w_mem_reg_0_63_0_2/RAMA/CLK
Low Pulse Width   Fast    RAMD64E/CLK         n/a            1.250         5.000       3.750      SLICE_X56Y69    gemv_core/w_mem_reg_0_63_0_2/RAMA/CLK
Low Pulse Width   Slow    RAMD64E/CLK         n/a            1.250         5.000       3.750      SLICE_X56Y69    gemv_core/w_mem_reg_0_63_0_2/RAMB/CLK
Low Pulse Width   Fast    RAMD64E/CLK         n/a            1.250         5.000       3.750      SLICE_X56Y69    gemv_core/w_mem_reg_0_63_0_2/RAMB/CLK
Low Pulse Width   Slow    RAMD64E/CLK         n/a            1.250         5.000       3.750      SLICE_X56Y69    gemv_core/w_mem_reg_0_63_0_2/RAMC/CLK
Low Pulse Width   Fast    RAMD64E/CLK         n/a            1.250         5.000       3.750      SLICE_X56Y69    gemv_core/w_mem_reg_0_63_0_2/RAMC/CLK
Low Pulse Width   Slow    RAMD64E/CLK         n/a            1.250         5.000       3.750      SLICE_X56Y69    gemv_core/w_mem_reg_0_63_0_2/RAMD/CLK
Low Pulse Width   Fast    RAMD64E/CLK         n/a            1.250         5.000       3.750      SLICE_X56Y69    gemv_core/w_mem_reg_0_63_0_2/RAMD/CLK
Low Pulse Width   Slow    RAMD64E/CLK         n/a            1.250         5.000       3.750      SLICE_X60Y56    gemv_core/w_mem_reg_0_63_12_14/RAMA/CLK
Low Pulse Width   Fast    RAMD64E/CLK         n/a            1.250         5.000       3.750      SLICE_X60Y56    gemv_core/w_mem_reg_0_63_12_14/RAMA/CLK
High Pulse Width  Slow    RAMD64E/CLK         n/a            1.250         5.000       3.750      SLICE_X56Y69    gemv_core/w_mem_reg_0_63_0_2/RAMA/CLK
High Pulse Width  Fast    RAMD64E/CLK         n/a            1.250         5.000       3.750      SLICE_X56Y69    gemv_core/w_mem_reg_0_63_0_2/RAMA/CLK
High Pulse Width  Slow    RAMD64E/CLK         n/a            1.250         5.000       3.750      SLICE_X56Y69    gemv_core/w_mem_reg_0_63_0_2/RAMB/CLK
High Pulse Width  Fast    RAMD64E/CLK         n/a            1.250         5.000       3.750      SLICE_X56Y69    gemv_core/w_mem_reg_0_63_0_2/RAMB/CLK
High Pulse Width  Slow    RAMD64E/CLK         n/a            1.250         5.000       3.750      SLICE_X56Y69    gemv_core/w_mem_reg_0_63_0_2/RAMC/CLK
High Pulse Width  Fast    RAMD64E/CLK         n/a            1.250         5.000       3.750      SLICE_X56Y69    gemv_core/w_mem_reg_0_63_0_2/RAMC/CLK
High Pulse Width  Slow    RAMD64E/CLK         n/a            1.250         5.000       3.750      SLICE_X56Y69    gemv_core/w_mem_reg_0_63_0_2/RAMD/CLK
High Pulse Width  Fast    RAMD64E/CLK         n/a            1.250         5.000       3.750      SLICE_X56Y69    gemv_core/w_mem_reg_0_63_0_2/RAMD/CLK
High Pulse Width  Slow    RAMD64E/CLK         n/a            1.250         5.000       3.750      SLICE_X60Y56    gemv_core/w_mem_reg_0_63_12_14/RAMA/CLK
High Pulse Width  Fast    RAMD64E/CLK         n/a            1.250         5.000       3.750      SLICE_X60Y56    gemv_core/w_mem_reg_0_63_12_14/RAMA/CLK



---------------------------------------------------------------------------------------------------
From Clock:  main_crg_clkout1
  To Clock:  main_crg_clkout1

Setup :           NA  Failing Endpoints,  Worst Slack           NA  ,  Total Violation           NA
Hold  :           NA  Failing Endpoints,  Worst Slack           NA  ,  Total Violation           NA
PW    :            0  Failing Endpoints,  Worst Slack        2.845ns,  Total Violation        0.000ns
---------------------------------------------------------------------------------------------------


Pulse Width Checks
--------------------------------------------------------------------------------------
Clock Name:         main_crg_clkout1
Waveform(ns):       { 0.000 2.500 }
Period(ns):         5.000
Sources:            { PLLE2_ADV/CLKOUT1 }

Check Type  Corner  Lib Pin            Reference Pin  Required(ns)  Actual(ns)  Slack(ns)  Location        Pin
Min Period  n/a     BUFG/I             n/a            2.155         5.000       2.845      BUFGCTRL_X0Y1   BUFG_1/I
Min Period  n/a     ISERDESE2/CLK      n/a            1.667         5.000       3.333      ILOGIC_X1Y54    ISERDESE2/CLK
Min Period  n/a     ISERDESE2/CLKB     n/a            1.667         5.000       3.333      ILOGIC_X1Y54    ISERDESE2/CLKB
Min Period  n/a     ISERDESE2/CLK      n/a            1.667         5.000       3.333      ILOGIC_X1Y59    ISERDESE2_1/CLK
Min Period  n/a     ISERDESE2/CLKB     n/a            1.667         5.000       3.333      ILOGIC_X1Y59    ISERDESE2_1/CLKB
Min Period  n/a     ISERDESE2/CLK      n/a            1.667         5.000       3.333      ILOGIC_X1Y80    ISERDESE2_10/CLK
Min Period  n/a     ISERDESE2/CLKB     n/a            1.667         5.000       3.333      ILOGIC_X1Y80    ISERDESE2_10/CLKB
Min Period  n/a     ISERDESE2/CLK      n/a            1.667         5.000       3.333      ILOGIC_X1Y84    ISERDESE2_11/CLK
Min Period  n/a     ISERDESE2/CLKB     n/a            1.667         5.000       3.333      ILOGIC_X1Y84    ISERDESE2_11/CLKB
Min Period  n/a     ISERDESE2/CLK      n/a            1.667         5.000       3.333      ILOGIC_X1Y79    ISERDESE2_12/CLK
Max Period  n/a     PLLE2_ADV/CLKOUT1  n/a            160.000       5.000       155.000    PLLE2_ADV_X0Y0  PLLE2_ADV/CLKOUT1



---------------------------------------------------------------------------------------------------
From Clock:  main_crg_clkout2
  To Clock:  main_crg_clkout2

Setup :           NA  Failing Endpoints,  Worst Slack           NA  ,  Total Violation           NA
Hold  :           NA  Failing Endpoints,  Worst Slack           NA  ,  Total Violation           NA
PW    :            0  Failing Endpoints,  Worst Slack        2.845ns,  Total Violation        0.000ns
---------------------------------------------------------------------------------------------------


Pulse Width Checks
--------------------------------------------------------------------------------------
Clock Name:         main_crg_clkout2
Waveform(ns):       { 1.250 3.750 }
Period(ns):         5.000
Sources:            { PLLE2_ADV/CLKOUT2 }

Check Type  Corner  Lib Pin            Reference Pin  Required(ns)  Actual(ns)  Slack(ns)  Location        Pin
Min Period  n/a     BUFG/I             n/a            2.155         5.000       2.845      BUFGCTRL_X0Y3   BUFG_2/I
Min Period  n/a     OSERDESE2/CLK      n/a            1.667         5.000       3.333      OLOGIC_X1Y58    OSERDESE2_23/CLK
Min Period  n/a     OSERDESE2/CLK      n/a            1.667         5.000       3.333      OLOGIC_X1Y82    OSERDESE2_24/CLK
Min Period  n/a     PLLE2_ADV/CLKOUT2  n/a            1.249         5.000       3.751      PLLE2_ADV_X0Y0  PLLE2_ADV/CLKOUT2
Max Period  n/a     PLLE2_ADV/CLKOUT2  n/a            160.000       5.000       155.000    PLLE2_ADV_X0Y0  PLLE2_ADV/CLKOUT2



---------------------------------------------------------------------------------------------------
From Clock:  main_crg_clkout3
  To Clock:  main_crg_clkout3

Setup :            0  Failing Endpoints,  Worst Slack        1.245ns,  Total Violation        0.000ns
Hold  :            0  Failing Endpoints,  Worst Slack        0.131ns,  Total Violation        0.000ns
PW    :            0  Failing Endpoints,  Worst Slack        0.264ns,  Total Violation        0.000ns
---------------------------------------------------------------------------------------------------


Max Delay Paths
--------------------------------------------------------------------------------------
Slack (MET) :             1.245ns  (required time - arrival time)
  Source:                 FDPE_6/C
                            (rising edge-triggered cell FDPE clocked by main_crg_clkout3  {rise@0.000ns fall@2.500ns period=5.000ns})
  Destination:            FDPE_7/D
                            (rising edge-triggered cell FDPE clocked by main_crg_clkout3  {rise@0.000ns fall@2.500ns period=5.000ns})
  Path Group:             main_crg_clkout3
  Path Type:              Setup (Max at Slow Process Corner)
  Requirement:            2.000ns  (MaxDelay Path 2.000ns)
  Data Path Delay:        0.655ns  (logic 0.456ns (69.583%)  route 0.199ns (30.417%))
  Logic Levels:           0  
  Clock Path Skew:        0.000ns (DCD - SCD + CPR)
    Destination Clock Delay (DCD):    8.817ns
    Source Clock Delay      (SCD):    9.348ns
    Clock Pessimism Removal (CPR):    0.531ns
  Clock Uncertainty:      0.053ns  ((TSJ^2 + DJ^2)^1/2) / 2 + PE
    Total System Jitter     (TSJ):    0.071ns
    Discrete Jitter          (DJ):    0.078ns
    Phase Error              (PE):    0.000ns
  Timing Exception:       MaxDelay Path 2.000ns

    Location             Delay type                Incr(ns)  Path(ns)    Netlist Resource(s)
  -------------------------------------------------------------------    -------------------
                         (clock main_crg_clkout3 rise edge)
                                                      0.000     0.000 r  
    E3                                                0.000     0.000 r  clk100 (IN)
                         net (fo=0)                   0.000     0.000    clk100
    E3                   IBUF (Prop_ibuf_I_O)         1.482     1.482 r  clk100_IBUF_inst/O
                         net (fo=1, routed)           2.025     3.506    clk100_IBUF
    BUFGCTRL_X0Y16       BUFG (Prop_bufg_I_O)         0.096     3.602 r  clk100_IBUF_BUFG_inst/O
                         net (fo=9, routed)           1.832     5.435    main_crg_clkin
    PLLE2_ADV_X0Y0       PLLE2_ADV (Prop_plle2_adv_CLKIN1_CLKOUT3)
                                                      0.088     5.523 r  PLLE2_ADV/CLKOUT3
                         net (fo=1, routed)           2.012     7.535    main_crg_clkout3
    BUFGCTRL_X0Y2        BUFG (Prop_bufg_I_O)         0.096     7.631 r  BUFG_3/O
                         net (fo=8, routed)           1.716     9.348    idelay_clk
    SLICE_X86Y71         FDPE                                         r  FDPE_6/C
  -------------------------------------------------------------------    -------------------
    SLICE_X86Y71         FDPE (Prop_fdpe_C_Q)         0.456     9.804 r  FDPE_6/Q
                         net (fo=1, routed)           0.199    10.003    builder_xilinxasyncresetsynchronizerimpl3_rst_meta
    SLICE_X86Y71         FDPE                                         r  FDPE_7/D
  -------------------------------------------------------------------    -------------------

                         max delay                    2.000     2.000    
    E3                                                0.000     2.000 r  clk100 (IN)
                         net (fo=0)                   0.000     2.000    clk100
    E3                   IBUF (Prop_ibuf_I_O)         1.411     3.411 r  clk100_IBUF_inst/O
                         net (fo=1, routed)           1.920     5.331    clk100_IBUF
    BUFGCTRL_X0Y16       BUFG (Prop_bufg_I_O)         0.091     5.422 r  clk100_IBUF_BUFG_inst/O
                         net (fo=9, routed)           1.705     7.127    main_crg_clkin
    PLLE2_ADV_X0Y0       PLLE2_ADV (Prop_plle2_adv_CLKIN1_CLKOUT3)
                                                      0.083     7.210 r  PLLE2_ADV/CLKOUT3
                         net (fo=1, routed)           1.918     9.128    main_crg_clkout3
    BUFGCTRL_X0Y2        BUFG (Prop_bufg_I_O)         0.091     9.219 r  BUFG_3/O
                         net (fo=8, routed)           1.597    10.817    idelay_clk
    SLICE_X86Y71         FDPE                                         r  FDPE_7/C
                         clock pessimism              0.531    11.348    
                         clock uncertainty           -0.053    11.295    
    SLICE_X86Y71         FDPE (Setup_fdpe_C_D)       -0.047    11.248    FDPE_7
  -------------------------------------------------------------------
                         required time                         11.248    
                         arrival time                         -10.003    
  -------------------------------------------------------------------
                         slack                                  1.245    

Slack (MET) :             3.062ns  (required time - arrival time)
  Source:                 main_crg_reset_counter_reg[2]/C
                            (rising edge-triggered cell FDSE clocked by main_crg_clkout3  {rise@0.000ns fall@2.500ns period=5.000ns})
  Destination:            main_crg_ic_reset_reg/D
                            (rising edge-triggered cell FDRE clocked by main_crg_clkout3  {rise@0.000ns fall@2.500ns period=5.000ns})
  Path Group:             main_crg_clkout3
  Path Type:              Setup (Max at Slow Process Corner)
  Requirement:            5.000ns  (main_crg_clkout3 rise@5.000ns - main_crg_clkout3 rise@0.000ns)
  Data Path Delay:        1.890ns  (logic 0.704ns (37.251%)  route 1.186ns (62.749%))
  Logic Levels:           2  (LUT3=1 LUT4=1)
  Clock Path Skew:        -0.024ns (DCD - SCD + CPR)
    Destination Clock Delay (DCD):    8.812ns = ( 13.812 - 5.000 ) 
    Source Clock Delay      (SCD):    9.344ns
    Clock Pessimism Removal (CPR):    0.508ns
  Clock Uncertainty:      0.053ns  ((TSJ^2 + DJ^2)^1/2) / 2 + PE
    Total System Jitter     (TSJ):    0.071ns
    Discrete Jitter          (DJ):    0.078ns
    Phase Error              (PE):    0.000ns

    Location             Delay type                Incr(ns)  Path(ns)    Netlist Resource(s)
  -------------------------------------------------------------------    -------------------
                         (clock main_crg_clkout3 rise edge)
                                                      0.000     0.000 r  
    E3                                                0.000     0.000 r  clk100 (IN)
                         net (fo=0)                   0.000     0.000    clk100
    E3                   IBUF (Prop_ibuf_I_O)         1.482     1.482 r  clk100_IBUF_inst/O
                         net (fo=1, routed)           2.025     3.506    clk100_IBUF
    BUFGCTRL_X0Y16       BUFG (Prop_bufg_I_O)         0.096     3.602 r  clk100_IBUF_BUFG_inst/O
                         net (fo=9, routed)           1.832     5.435    main_crg_clkin
    PLLE2_ADV_X0Y0       PLLE2_ADV (Prop_plle2_adv_CLKIN1_CLKOUT3)
                                                      0.088     5.523 r  PLLE2_ADV/CLKOUT3
                         net (fo=1, routed)           2.012     7.535    main_crg_clkout3
    BUFGCTRL_X0Y2        BUFG (Prop_bufg_I_O)         0.096     7.631 r  BUFG_3/O
                         net (fo=8, routed)           1.712     9.344    idelay_clk
    SLICE_X86Y73         FDSE                                         r  main_crg_reset_counter_reg[2]/C
  -------------------------------------------------------------------    -------------------
    SLICE_X86Y73         FDSE (Prop_fdse_C_Q)         0.456     9.800 r  main_crg_reset_counter_reg[2]/Q
                         net (fo=3, routed)           0.872    10.672    main_crg_reset_counter[2]
    SLICE_X86Y73         LUT4 (Prop_lut4_I2_O)        0.124    10.796 r  main_crg_reset_counter[3]_i_1/O
                         net (fo=5, routed)           0.314    11.109    main_crg_reset_counter[3]_i_1_n_0
    SLICE_X86Y74         LUT3 (Prop_lut3_I0_O)        0.124    11.233 r  main_crg_ic_reset_i_1/O
                         net (fo=1, routed)           0.000    11.233    main_crg_ic_reset_i_1_n_0
    SLICE_X86Y74         FDRE                                         r  main_crg_ic_reset_reg/D
  -------------------------------------------------------------------    -------------------

                         (clock main_crg_clkout3 rise edge)
                                                      5.000     5.000 r  
    E3                                                0.000     5.000 r  clk100 (IN)
                         net (fo=0)                   0.000     5.000    clk100
    E3                   IBUF (Prop_ibuf_I_O)         1.411     6.411 r  clk100_IBUF_inst/O
                         net (fo=1, routed)           1.920     8.331    clk100_IBUF
    BUFGCTRL_X0Y16       BUFG (Prop_bufg_I_O)         0.091     8.422 r  clk100_IBUF_BUFG_inst/O
                         net (fo=9, routed)           1.705    10.127    main_crg_clkin
    PLLE2_ADV_X0Y0       PLLE2_ADV (Prop_plle2_adv_CLKIN1_CLKOUT3)
                                                      0.083    10.210 r  PLLE2_ADV/CLKOUT3
                         net (fo=1, routed)           1.918    12.128    main_crg_clkout3
    BUFGCTRL_X0Y2        BUFG (Prop_bufg_I_O)         0.091    12.219 r  BUFG_3/O
                         net (fo=8, routed)           1.592    13.812    idelay_clk
    SLICE_X86Y74         FDRE                                         r  main_crg_ic_reset_reg/C
                         clock pessimism              0.508    14.320    
                         clock uncertainty           -0.053    14.267    
    SLICE_X86Y74         FDRE (Setup_fdre_C_D)        0.029    14.296    main_crg_ic_reset_reg
  -------------------------------------------------------------------
                         required time                         14.296    
                         arrival time                         -11.233    
  -------------------------------------------------------------------
                         slack                                  3.062    

Slack (MET) :             3.088ns  (required time - arrival time)
  Source:                 main_crg_reset_counter_reg[2]/C
                            (rising edge-triggered cell FDSE clocked by main_crg_clkout3  {rise@0.000ns fall@2.500ns period=5.000ns})
  Destination:            main_crg_reset_counter_reg[0]/CE
                            (rising edge-triggered cell FDSE clocked by main_crg_clkout3  {rise@0.000ns fall@2.500ns period=5.000ns})
  Path Group:             main_crg_clkout3
  Path Type:              Setup (Max at Slow Process Corner)
  Requirement:            5.000ns  (main_crg_clkout3 rise@5.000ns - main_crg_clkout3 rise@0.000ns)
  Data Path Delay:        1.654ns  (logic 0.580ns (35.057%)  route 1.074ns (64.943%))
  Logic Levels:           1  (LUT4=1)
  Clock Path Skew:        0.000ns (DCD - SCD + CPR)
    Destination Clock Delay (DCD):    8.814ns = ( 13.814 - 5.000 ) 
    Source Clock Delay      (SCD):    9.344ns
    Clock Pessimism Removal (CPR):    0.530ns
  Clock Uncertainty:      0.053ns  ((TSJ^2 + DJ^2)^1/2) / 2 + PE
    Total System Jitter     (TSJ):    0.071ns
    Discrete Jitter          (DJ):    0.078ns
    Phase Error              (PE):    0.000ns

    Location             Delay type                Incr(ns)  Path(ns)    Netlist Resource(s)
  -------------------------------------------------------------------    -------------------
                         (clock main_crg_clkout3 rise edge)
                                                      0.000     0.000 r  
    E3                                                0.000     0.000 r  clk100 (IN)
                         net (fo=0)                   0.000     0.000    clk100
    E3                   IBUF (Prop_ibuf_I_O)         1.482     1.482 r  clk100_IBUF_inst/O
                         net (fo=1, routed)           2.025     3.506    clk100_IBUF
    BUFGCTRL_X0Y16       BUFG (Prop_bufg_I_O)         0.096     3.602 r  clk100_IBUF_BUFG_inst/O
                         net (fo=9, routed)           1.832     5.435    main_crg_clkin
    PLLE2_ADV_X0Y0       PLLE2_ADV (Prop_plle2_adv_CLKIN1_CLKOUT3)
                                                      0.088     5.523 r  PLLE2_ADV/CLKOUT3
                         net (fo=1, routed)           2.012     7.535    main_crg_clkout3
    BUFGCTRL_X0Y2        BUFG (Prop_bufg_I_O)         0.096     7.631 r  BUFG_3/O
                         net (fo=8, routed)           1.712     9.344    idelay_clk
    SLICE_X86Y73         FDSE                                         r  main_crg_reset_counter_reg[2]/C
  -------------------------------------------------------------------    -------------------
    SLICE_X86Y73         FDSE (Prop_fdse_C_Q)         0.456     9.800 r  main_crg_reset_counter_reg[2]/Q
                         net (fo=3, routed)           0.872    10.672    main_crg_reset_counter[2]
    SLICE_X86Y73         LUT4 (Prop_lut4_I2_O)        0.124    10.796 r  main_crg_reset_counter[3]_i_1/O
                         net (fo=5, routed)           0.202    10.998    main_crg_reset_counter[3]_i_1_n_0
    SLICE_X86Y73         FDSE                                         r  main_crg_reset_counter_reg[0]/CE
  -------------------------------------------------------------------    -------------------

                         (clock main_crg_clkout3 rise edge)
                                                      5.000     5.000 r  
    E3                                                0.000     5.000 r  clk100 (IN)
                         net (fo=0)                   0.000     5.000    clk100
    E3                   IBUF (Prop_ibuf_I_O)         1.411     6.411 r  clk100_IBUF_inst/O
                         net (fo=1, routed)           1.920     8.331    clk100_IBUF
    BUFGCTRL_X0Y16       BUFG (Prop_bufg_I_O)         0.091     8.422 r  clk100_IBUF_BUFG_inst/O
                         net (fo=9, routed)           1.705    10.127    main_crg_clkin
    PLLE2_ADV_X0Y0       PLLE2_ADV (Prop_plle2_adv_CLKIN1_CLKOUT3)
                                                      0.083    10.210 r  PLLE2_ADV/CLKOUT3
                         net (fo=1, routed)           1.918    12.128    main_crg_clkout3
    BUFGCTRL_X0Y2        BUFG (Prop_bufg_I_O)         0.091    12.219 r  BUFG_3/O
                         net (fo=8, routed)           1.594    13.814    idelay_clk
    SLICE_X86Y73         FDSE                                         r  main_crg_reset_counter_reg[0]/C
                         clock pessimism              0.530    14.344    
                         clock uncertainty           -0.053    14.291    
    SLICE_X86Y73         FDSE (Setup_fdse_C_CE)      -0.205    14.086    main_crg_reset_counter_reg[0]
  -------------------------------------------------------------------
                         required time                         14.086    
                         arrival time                         -10.998    
  -------------------------------------------------------------------
                         slack                                  3.088    

Slack (MET) :             3.088ns  (required time - arrival time)
  Source:                 main_crg_reset_counter_reg[2]/C
                            (rising edge-triggered cell FDSE clocked by main_crg_clkout3  {rise@0.000ns fall@2.500ns period=5.000ns})
  Destination:            main_crg_reset_counter_reg[1]/CE
                            (rising edge-triggered cell FDSE clocked by main_crg_clkout3  {rise@0.000ns fall@2.500ns period=5.000ns})
  Path Group:             main_crg_clkout3
  Path Type:              Setup (Max at Slow Process Corner)
  Requirement:            5.000ns  (main_crg_clkout3 rise@5.000ns - main_crg_clkout3 rise@0.000ns)
  Data Path Delay:        1.654ns  (logic 0.580ns (35.057%)  route 1.074ns (64.943%))
  Logic Levels:           1  (LUT4=1)
  Clock Path Skew:        0.000ns (DCD - SCD + CPR)
    Destination Clock Delay (DCD):    8.814ns = ( 13.814 - 5.000 ) 
    Source Clock Delay      (SCD):    9.344ns
    Clock Pessimism Removal (CPR):    0.530ns
  Clock Uncertainty:      0.053ns  ((TSJ^2 + DJ^2)^1/2) / 2 + PE
    Total System Jitter     (TSJ):    0.071ns
    Discrete Jitter          (DJ):    0.078ns
    Phase Error              (PE):    0.000ns

    Location             Delay type                Incr(ns)  Path(ns)    Netlist Resource(s)
  -------------------------------------------------------------------    -------------------
                         (clock main_crg_clkout3 rise edge)
                                                      0.000     0.000 r  
    E3                                                0.000     0.000 r  clk100 (IN)
                         net (fo=0)                   0.000     0.000    clk100
    E3                   IBUF (Prop_ibuf_I_O)         1.482     1.482 r  clk100_IBUF_inst/O
                         net (fo=1, routed)           2.025     3.506    clk100_IBUF
    BUFGCTRL_X0Y16       BUFG (Prop_bufg_I_O)         0.096     3.602 r  clk100_IBUF_BUFG_inst/O
                         net (fo=9, routed)           1.832     5.435    main_crg_clkin
    PLLE2_ADV_X0Y0       PLLE2_ADV (Prop_plle2_adv_CLKIN1_CLKOUT3)
                                                      0.088     5.523 r  PLLE2_ADV/CLKOUT3
                         net (fo=1, routed)           2.012     7.535    main_crg_clkout3
    BUFGCTRL_X0Y2        BUFG (Prop_bufg_I_O)         0.096     7.631 r  BUFG_3/O
                         net (fo=8, routed)           1.712     9.344    idelay_clk
    SLICE_X86Y73         FDSE                                         r  main_crg_reset_counter_reg[2]/C
  -------------------------------------------------------------------    -------------------
    SLICE_X86Y73         FDSE (Prop_fdse_C_Q)         0.456     9.800 r  main_crg_reset_counter_reg[2]/Q
                         net (fo=3, routed)           0.872    10.672    main_crg_reset_counter[2]
    SLICE_X86Y73         LUT4 (Prop_lut4_I2_O)        0.124    10.796 r  main_crg_reset_counter[3]_i_1/O
                         net (fo=5, routed)           0.202    10.998    main_crg_reset_counter[3]_i_1_n_0
    SLICE_X86Y73         FDSE                                         r  main_crg_reset_counter_reg[1]/CE
  -------------------------------------------------------------------    -------------------

                         (clock main_crg_clkout3 rise edge)
                                                      5.000     5.000 r  
    E3                                                0.000     5.000 r  clk100 (IN)
                         net (fo=0)                   0.000     5.000    clk100
    E3                   IBUF (Prop_ibuf_I_O)         1.411     6.411 r  clk100_IBUF_inst/O
                         net (fo=1, routed)           1.920     8.331    clk100_IBUF
    BUFGCTRL_X0Y16       BUFG (Prop_bufg_I_O)         0.091     8.422 r  clk100_IBUF_BUFG_inst/O
                         net (fo=9, routed)           1.705    10.127    main_crg_clkin
    PLLE2_ADV_X0Y0       PLLE2_ADV (Prop_plle2_adv_CLKIN1_CLKOUT3)
                                                      0.083    10.210 r  PLLE2_ADV/CLKOUT3
                         net (fo=1, routed)           1.918    12.128    main_crg_clkout3
    BUFGCTRL_X0Y2        BUFG (Prop_bufg_I_O)         0.091    12.219 r  BUFG_3/O
                         net (fo=8, routed)           1.594    13.814    idelay_clk
    SLICE_X86Y73         FDSE                                         r  main_crg_reset_counter_reg[1]/C
                         clock pessimism              0.530    14.344    
                         clock uncertainty           -0.053    14.291    
    SLICE_X86Y73         FDSE (Setup_fdse_C_CE)      -0.205    14.086    main_crg_reset_counter_reg[1]
  -------------------------------------------------------------------
                         required time                         14.086    
                         arrival time                         -10.998    
  -------------------------------------------------------------------
                         slack                                  3.088    

Slack (MET) :             3.088ns  (required time - arrival time)
  Source:                 main_crg_reset_counter_reg[2]/C
                            (rising edge-triggered cell FDSE clocked by main_crg_clkout3  {rise@0.000ns fall@2.500ns period=5.000ns})
  Destination:            main_crg_reset_counter_reg[2]/CE
                            (rising edge-triggered cell FDSE clocked by main_crg_clkout3  {rise@0.000ns fall@2.500ns period=5.000ns})
  Path Group:             main_crg_clkout3
  Path Type:              Setup (Max at Slow Process Corner)
  Requirement:            5.000ns  (main_crg_clkout3 rise@5.000ns - main_crg_clkout3 rise@0.000ns)
  Data Path Delay:        1.654ns  (logic 0.580ns (35.057%)  route 1.074ns (64.943%))
  Logic Levels:           1  (LUT4=1)
  Clock Path Skew:        0.000ns (DCD - SCD + CPR)
    Destination Clock Delay (DCD):    8.814ns = ( 13.814 - 5.000 ) 
    Source Clock Delay      (SCD):    9.344ns
    Clock Pessimism Removal (CPR):    0.530ns
  Clock Uncertainty:      0.053ns  ((TSJ^2 + DJ^2)^1/2) / 2 + PE
    Total System Jitter     (TSJ):    0.071ns
    Discrete Jitter          (DJ):    0.078ns
    Phase Error              (PE):    0.000ns

    Location             Delay type                Incr(ns)  Path(ns)    Netlist Resource(s)
  -------------------------------------------------------------------    -------------------
                         (clock main_crg_clkout3 rise edge)
                                                      0.000     0.000 r  
    E3                                                0.000     0.000 r  clk100 (IN)
                         net (fo=0)                   0.000     0.000    clk100
    E3                   IBUF (Prop_ibuf_I_O)         1.482     1.482 r  clk100_IBUF_inst/O
                         net (fo=1, routed)           2.025     3.506    clk100_IBUF
    BUFGCTRL_X0Y16       BUFG (Prop_bufg_I_O)         0.096     3.602 r  clk100_IBUF_BUFG_inst/O
                         net (fo=9, routed)           1.832     5.435    main_crg_clkin
    PLLE2_ADV_X0Y0       PLLE2_ADV (Prop_plle2_adv_CLKIN1_CLKOUT3)
                                                      0.088     5.523 r  PLLE2_ADV/CLKOUT3
                         net (fo=1, routed)           2.012     7.535    main_crg_clkout3
    BUFGCTRL_X0Y2        BUFG (Prop_bufg_I_O)         0.096     7.631 r  BUFG_3/O
                         net (fo=8, routed)           1.712     9.344    idelay_clk
    SLICE_X86Y73         FDSE                                         r  main_crg_reset_counter_reg[2]/C
  -------------------------------------------------------------------    -------------------
    SLICE_X86Y73         FDSE (Prop_fdse_C_Q)         0.456     9.800 r  main_crg_reset_counter_reg[2]/Q
                         net (fo=3, routed)           0.872    10.672    main_crg_reset_counter[2]
    SLICE_X86Y73         LUT4 (Prop_lut4_I2_O)        0.124    10.796 r  main_crg_reset_counter[3]_i_1/O
                         net (fo=5, routed)           0.202    10.998    main_crg_reset_counter[3]_i_1_n_0
    SLICE_X86Y73         FDSE                                         r  main_crg_reset_counter_reg[2]/CE
  -------------------------------------------------------------------    -------------------

                         (clock main_crg_clkout3 rise edge)
                                                      5.000     5.000 r  
    E3                                                0.000     5.000 r  clk100 (IN)
                         net (fo=0)                   0.000     5.000    clk100
    E3                   IBUF (Prop_ibuf_I_O)         1.411     6.411 r  clk100_IBUF_inst/O
                         net (fo=1, routed)           1.920     8.331    clk100_IBUF
    BUFGCTRL_X0Y16       BUFG (Prop_bufg_I_O)         0.091     8.422 r  clk100_IBUF_BUFG_inst/O
                         net (fo=9, routed)           1.705    10.127    main_crg_clkin
    PLLE2_ADV_X0Y0       PLLE2_ADV (Prop_plle2_adv_CLKIN1_CLKOUT3)
                                                      0.083    10.210 r  PLLE2_ADV/CLKOUT3
                         net (fo=1, routed)           1.918    12.128    main_crg_clkout3
    BUFGCTRL_X0Y2        BUFG (Prop_bufg_I_O)         0.091    12.219 r  BUFG_3/O
                         net (fo=8, routed)           1.594    13.814    idelay_clk
    SLICE_X86Y73         FDSE                                         r  main_crg_reset_counter_reg[2]/C
                         clock pessimism              0.530    14.344    
                         clock uncertainty           -0.053    14.291    
    SLICE_X86Y73         FDSE (Setup_fdse_C_CE)      -0.205    14.086    main_crg_reset_counter_reg[2]
  -------------------------------------------------------------------
                         required time                         14.086    
                         arrival time                         -10.998    
  -------------------------------------------------------------------
                         slack                                  3.088    

Slack (MET) :             3.088ns  (required time - arrival time)
  Source:                 main_crg_reset_counter_reg[2]/C
                            (rising edge-triggered cell FDSE clocked by main_crg_clkout3  {rise@0.000ns fall@2.500ns period=5.000ns})
  Destination:            main_crg_reset_counter_reg[3]/CE
                            (rising edge-triggered cell FDSE clocked by main_crg_clkout3  {rise@0.000ns fall@2.500ns period=5.000ns})
  Path Group:             main_crg_clkout3
  Path Type:              Setup (Max at Slow Process Corner)
  Requirement:            5.000ns  (main_crg_clkout3 rise@5.000ns - main_crg_clkout3 rise@0.000ns)
  Data Path Delay:        1.654ns  (logic 0.580ns (35.057%)  route 1.074ns (64.943%))
  Logic Levels:           1  (LUT4=1)
  Clock Path Skew:        0.000ns (DCD - SCD + CPR)
    Destination Clock Delay (DCD):    8.814ns = ( 13.814 - 5.000 ) 
    Source Clock Delay      (SCD):    9.344ns
    Clock Pessimism Removal (CPR):    0.530ns
  Clock Uncertainty:      0.053ns  ((TSJ^2 + DJ^2)^1/2) / 2 + PE
    Total System Jitter     (TSJ):    0.071ns
    Discrete Jitter          (DJ):    0.078ns
    Phase Error              (PE):    0.000ns

    Location             Delay type                Incr(ns)  Path(ns)    Netlist Resource(s)
  -------------------------------------------------------------------    -------------------
                         (clock main_crg_clkout3 rise edge)
                                                      0.000     0.000 r  
    E3                                                0.000     0.000 r  clk100 (IN)
                         net (fo=0)                   0.000     0.000    clk100
    E3                   IBUF (Prop_ibuf_I_O)         1.482     1.482 r  clk100_IBUF_inst/O
                         net (fo=1, routed)           2.025     3.506    clk100_IBUF
    BUFGCTRL_X0Y16       BUFG (Prop_bufg_I_O)         0.096     3.602 r  clk100_IBUF_BUFG_inst/O
                         net (fo=9, routed)           1.832     5.435    main_crg_clkin
    PLLE2_ADV_X0Y0       PLLE2_ADV (Prop_plle2_adv_CLKIN1_CLKOUT3)
                                                      0.088     5.523 r  PLLE2_ADV/CLKOUT3
                         net (fo=1, routed)           2.012     7.535    main_crg_clkout3
    BUFGCTRL_X0Y2        BUFG (Prop_bufg_I_O)         0.096     7.631 r  BUFG_3/O
                         net (fo=8, routed)           1.712     9.344    idelay_clk
    SLICE_X86Y73         FDSE                                         r  main_crg_reset_counter_reg[2]/C
  -------------------------------------------------------------------    -------------------
    SLICE_X86Y73         FDSE (Prop_fdse_C_Q)         0.456     9.800 r  main_crg_reset_counter_reg[2]/Q
                         net (fo=3, routed)           0.872    10.672    main_crg_reset_counter[2]
    SLICE_X86Y73         LUT4 (Prop_lut4_I2_O)        0.124    10.796 r  main_crg_reset_counter[3]_i_1/O
                         net (fo=5, routed)           0.202    10.998    main_crg_reset_counter[3]_i_1_n_0
    SLICE_X86Y73         FDSE                                         r  main_crg_reset_counter_reg[3]/CE
  -------------------------------------------------------------------    -------------------

                         (clock main_crg_clkout3 rise edge)
                                                      5.000     5.000 r  
    E3                                                0.000     5.000 r  clk100 (IN)
                         net (fo=0)                   0.000     5.000    clk100
    E3                   IBUF (Prop_ibuf_I_O)         1.411     6.411 r  clk100_IBUF_inst/O
                         net (fo=1, routed)           1.920     8.331    clk100_IBUF
    BUFGCTRL_X0Y16       BUFG (Prop_bufg_I_O)         0.091     8.422 r  clk100_IBUF_BUFG_inst/O
                         net (fo=9, routed)           1.705    10.127    main_crg_clkin
    PLLE2_ADV_X0Y0       PLLE2_ADV (Prop_plle2_adv_CLKIN1_CLKOUT3)
                                                      0.083    10.210 r  PLLE2_ADV/CLKOUT3
                         net (fo=1, routed)           1.918    12.128    main_crg_clkout3
    BUFGCTRL_X0Y2        BUFG (Prop_bufg_I_O)         0.091    12.219 r  BUFG_3/O
                         net (fo=8, routed)           1.594    13.814    idelay_clk
    SLICE_X86Y73         FDSE                                         r  main_crg_reset_counter_reg[3]/C
                         clock pessimism              0.530    14.344    
                         clock uncertainty           -0.053    14.291    
    SLICE_X86Y73         FDSE (Setup_fdse_C_CE)      -0.205    14.086    main_crg_reset_counter_reg[3]
  -------------------------------------------------------------------
                         required time                         14.086    
                         arrival time                         -10.998    
  -------------------------------------------------------------------
                         slack                                  3.088    

Slack (MET) :             3.159ns  (required time - arrival time)
  Source:                 FDPE_7/C
                            (rising edge-triggered cell FDPE clocked by main_crg_clkout3  {rise@0.000ns fall@2.500ns period=5.000ns})
  Destination:            main_crg_reset_counter_reg[0]/S
                            (rising edge-triggered cell FDSE clocked by main_crg_clkout3  {rise@0.000ns fall@2.500ns period=5.000ns})
  Path Group:             main_crg_clkout3
  Path Type:              Setup (Max at Slow Process Corner)
  Requirement:            5.000ns  (main_crg_clkout3 rise@5.000ns - main_crg_clkout3 rise@0.000ns)
  Data Path Delay:        1.158ns  (logic 0.419ns (36.171%)  route 0.739ns (63.829%))
  Logic Levels:           0  
  Clock Path Skew:        -0.026ns (DCD - SCD + CPR)
    Destination Clock Delay (DCD):    8.814ns = ( 13.814 - 5.000 ) 
    Source Clock Delay      (SCD):    9.348ns
    Clock Pessimism Removal (CPR):    0.508ns
  Clock Uncertainty:      0.053ns  ((TSJ^2 + DJ^2)^1/2) / 2 + PE
    Total System Jitter     (TSJ):    0.071ns
    Discrete Jitter          (DJ):    0.078ns
    Phase Error              (PE):    0.000ns

    Location             Delay type                Incr(ns)  Path(ns)    Netlist Resource(s)
  -------------------------------------------------------------------    -------------------
                         (clock main_crg_clkout3 rise edge)
                                                      0.000     0.000 r  
    E3                                                0.000     0.000 r  clk100 (IN)
                         net (fo=0)                   0.000     0.000    clk100
    E3                   IBUF (Prop_ibuf_I_O)         1.482     1.482 r  clk100_IBUF_inst/O
                         net (fo=1, routed)           2.025     3.506    clk100_IBUF
    BUFGCTRL_X0Y16       BUFG (Prop_bufg_I_O)         0.096     3.602 r  clk100_IBUF_BUFG_inst/O
                         net (fo=9, routed)           1.832     5.435    main_crg_clkin
    PLLE2_ADV_X0Y0       PLLE2_ADV (Prop_plle2_adv_CLKIN1_CLKOUT3)
                                                      0.088     5.523 r  PLLE2_ADV/CLKOUT3
                         net (fo=1, routed)           2.012     7.535    main_crg_clkout3
    BUFGCTRL_X0Y2        BUFG (Prop_bufg_I_O)         0.096     7.631 r  BUFG_3/O
                         net (fo=8, routed)           1.716     9.348    idelay_clk
    SLICE_X86Y71         FDPE                                         r  FDPE_7/C
  -------------------------------------------------------------------    -------------------
    SLICE_X86Y71         FDPE (Prop_fdpe_C_Q)         0.419     9.767 r  FDPE_7/Q
                         net (fo=5, routed)           0.739    10.506    idelay_rst
    SLICE_X86Y73         FDSE                                         r  main_crg_reset_counter_reg[0]/S
  -------------------------------------------------------------------    -------------------

                         (clock main_crg_clkout3 rise edge)
                                                      5.000     5.000 r  
    E3                                                0.000     5.000 r  clk100 (IN)
                         net (fo=0)                   0.000     5.000    clk100
    E3                   IBUF (Prop_ibuf_I_O)         1.411     6.411 r  clk100_IBUF_inst/O
                         net (fo=1, routed)           1.920     8.331    clk100_IBUF
    BUFGCTRL_X0Y16       BUFG (Prop_bufg_I_O)         0.091     8.422 r  clk100_IBUF_BUFG_inst/O
                         net (fo=9, routed)           1.705    10.127    main_crg_clkin
    PLLE2_ADV_X0Y0       PLLE2_ADV (Prop_plle2_adv_CLKIN1_CLKOUT3)
                                                      0.083    10.210 r  PLLE2_ADV/CLKOUT3
                         net (fo=1, routed)           1.918    12.128    main_crg_clkout3
    BUFGCTRL_X0Y2        BUFG (Prop_bufg_I_O)         0.091    12.219 r  BUFG_3/O
                         net (fo=8, routed)           1.594    13.814    idelay_clk
    SLICE_X86Y73         FDSE                                         r  main_crg_reset_counter_reg[0]/C
                         clock pessimism              0.508    14.322    
                         clock uncertainty           -0.053    14.269    
    SLICE_X86Y73         FDSE (Setup_fdse_C_S)       -0.604    13.665    main_crg_reset_counter_reg[0]
  -------------------------------------------------------------------
                         required time                         13.665    
                         arrival time                         -10.506    
  -------------------------------------------------------------------
                         slack                                  3.159    

Slack (MET) :             3.159ns  (required time - arrival time)
  Source:                 FDPE_7/C
                            (rising edge-triggered cell FDPE clocked by main_crg_clkout3  {rise@0.000ns fall@2.500ns period=5.000ns})
  Destination:            main_crg_reset_counter_reg[1]/S
                            (rising edge-triggered cell FDSE clocked by main_crg_clkout3  {rise@0.000ns fall@2.500ns period=5.000ns})
  Path Group:             main_crg_clkout3
  Path Type:              Setup (Max at Slow Process Corner)
  Requirement:            5.000ns  (main_crg_clkout3 rise@5.000ns - main_crg_clkout3 rise@0.000ns)
  Data Path Delay:        1.158ns  (logic 0.419ns (36.171%)  route 0.739ns (63.829%))
  Logic Levels:           0  
  Clock Path Skew:        -0.026ns (DCD - SCD + CPR)
    Destination Clock Delay (DCD):    8.814ns = ( 13.814 - 5.000 ) 
    Source Clock Delay      (SCD):    9.348ns
    Clock Pessimism Removal (CPR):    0.508ns
  Clock Uncertainty:      0.053ns  ((TSJ^2 + DJ^2)^1/2) / 2 + PE
    Total System Jitter     (TSJ):    0.071ns
    Discrete Jitter          (DJ):    0.078ns
    Phase Error              (PE):    0.000ns

    Location             Delay type                Incr(ns)  Path(ns)    Netlist Resource(s)
  -------------------------------------------------------------------    -------------------
                         (clock main_crg_clkout3 rise edge)
                                                      0.000     0.000 r  
    E3                                                0.000     0.000 r  clk100 (IN)
                         net (fo=0)                   0.000     0.000    clk100
    E3                   IBUF (Prop_ibuf_I_O)         1.482     1.482 r  clk100_IBUF_inst/O
                         net (fo=1, routed)           2.025     3.506    clk100_IBUF
    BUFGCTRL_X0Y16       BUFG (Prop_bufg_I_O)         0.096     3.602 r  clk100_IBUF_BUFG_inst/O
                         net (fo=9, routed)           1.832     5.435    main_crg_clkin
    PLLE2_ADV_X0Y0       PLLE2_ADV (Prop_plle2_adv_CLKIN1_CLKOUT3)
                                                      0.088     5.523 r  PLLE2_ADV/CLKOUT3
                         net (fo=1, routed)           2.012     7.535    main_crg_clkout3
    BUFGCTRL_X0Y2        BUFG (Prop_bufg_I_O)         0.096     7.631 r  BUFG_3/O
                         net (fo=8, routed)           1.716     9.348    idelay_clk
    SLICE_X86Y71         FDPE                                         r  FDPE_7/C
  -------------------------------------------------------------------    -------------------
    SLICE_X86Y71         FDPE (Prop_fdpe_C_Q)         0.419     9.767 r  FDPE_7/Q
                         net (fo=5, routed)           0.739    10.506    idelay_rst
    SLICE_X86Y73         FDSE                                         r  main_crg_reset_counter_reg[1]/S
  -------------------------------------------------------------------    -------------------

                         (clock main_crg_clkout3 rise edge)
                                                      5.000     5.000 r  
    E3                                                0.000     5.000 r  clk100 (IN)
                         net (fo=0)                   0.000     5.000    clk100
    E3                   IBUF (Prop_ibuf_I_O)         1.411     6.411 r  clk100_IBUF_inst/O
                         net (fo=1, routed)           1.920     8.331    clk100_IBUF
    BUFGCTRL_X0Y16       BUFG (Prop_bufg_I_O)         0.091     8.422 r  clk100_IBUF_BUFG_inst/O
                         net (fo=9, routed)           1.705    10.127    main_crg_clkin
    PLLE2_ADV_X0Y0       PLLE2_ADV (Prop_plle2_adv_CLKIN1_CLKOUT3)
                                                      0.083    10.210 r  PLLE2_ADV/CLKOUT3
                         net (fo=1, routed)           1.918    12.128    main_crg_clkout3
    BUFGCTRL_X0Y2        BUFG (Prop_bufg_I_O)         0.091    12.219 r  BUFG_3/O
                         net (fo=8, routed)           1.594    13.814    idelay_clk
    SLICE_X86Y73         FDSE                                         r  main_crg_reset_counter_reg[1]/C
                         clock pessimism              0.508    14.322    
                         clock uncertainty           -0.053    14.269    
    SLICE_X86Y73         FDSE (Setup_fdse_C_S)       -0.604    13.665    main_crg_reset_counter_reg[1]
  -------------------------------------------------------------------
                         required time                         13.665    
                         arrival time                         -10.506    
  -------------------------------------------------------------------
                         slack                                  3.159    

Slack (MET) :             3.159ns  (required time - arrival time)
  Source:                 FDPE_7/C
                            (rising edge-triggered cell FDPE clocked by main_crg_clkout3  {rise@0.000ns fall@2.500ns period=5.000ns})
  Destination:            main_crg_reset_counter_reg[2]/S
                            (rising edge-triggered cell FDSE clocked by main_crg_clkout3  {rise@0.000ns fall@2.500ns period=5.000ns})
  Path Group:             main_crg_clkout3
  Path Type:              Setup (Max at Slow Process Corner)
  Requirement:            5.000ns  (main_crg_clkout3 rise@5.000ns - main_crg_clkout3 rise@0.000ns)
  Data Path Delay:        1.158ns  (logic 0.419ns (36.171%)  route 0.739ns (63.829%))
  Logic Levels:           0  
  Clock Path Skew:        -0.026ns (DCD - SCD + CPR)
    Destination Clock Delay (DCD):    8.814ns = ( 13.814 - 5.000 ) 
    Source Clock Delay      (SCD):    9.348ns
    Clock Pessimism Removal (CPR):    0.508ns
  Clock Uncertainty:      0.053ns  ((TSJ^2 + DJ^2)^1/2) / 2 + PE
    Total System Jitter     (TSJ):    0.071ns
    Discrete Jitter          (DJ):    0.078ns
    Phase Error              (PE):    0.000ns

    Location             Delay type                Incr(ns)  Path(ns)    Netlist Resource(s)
  -------------------------------------------------------------------    -------------------
                         (clock main_crg_clkout3 rise edge)
                                                      0.000     0.000 r  
    E3                                                0.000     0.000 r  clk100 (IN)
                         net (fo=0)                   0.000     0.000    clk100
    E3                   IBUF (Prop_ibuf_I_O)         1.482     1.482 r  clk100_IBUF_inst/O
                         net (fo=1, routed)           2.025     3.506    clk100_IBUF
    BUFGCTRL_X0Y16       BUFG (Prop_bufg_I_O)         0.096     3.602 r  clk100_IBUF_BUFG_inst/O
                         net (fo=9, routed)           1.832     5.435    main_crg_clkin
    PLLE2_ADV_X0Y0       PLLE2_ADV (Prop_plle2_adv_CLKIN1_CLKOUT3)
                                                      0.088     5.523 r  PLLE2_ADV/CLKOUT3
                         net (fo=1, routed)           2.012     7.535    main_crg_clkout3
    BUFGCTRL_X0Y2        BUFG (Prop_bufg_I_O)         0.096     7.631 r  BUFG_3/O
                         net (fo=8, routed)           1.716     9.348    idelay_clk
    SLICE_X86Y71         FDPE                                         r  FDPE_7/C
  -------------------------------------------------------------------    -------------------
    SLICE_X86Y71         FDPE (Prop_fdpe_C_Q)         0.419     9.767 r  FDPE_7/Q
                         net (fo=5, routed)           0.739    10.506    idelay_rst
    SLICE_X86Y73         FDSE                                         r  main_crg_reset_counter_reg[2]/S
  -------------------------------------------------------------------    -------------------

                         (clock main_crg_clkout3 rise edge)
                                                      5.000     5.000 r  
    E3                                                0.000     5.000 r  clk100 (IN)
                         net (fo=0)                   0.000     5.000    clk100
    E3                   IBUF (Prop_ibuf_I_O)         1.411     6.411 r  clk100_IBUF_inst/O
                         net (fo=1, routed)           1.920     8.331    clk100_IBUF
    BUFGCTRL_X0Y16       BUFG (Prop_bufg_I_O)         0.091     8.422 r  clk100_IBUF_BUFG_inst/O
                         net (fo=9, routed)           1.705    10.127    main_crg_clkin
    PLLE2_ADV_X0Y0       PLLE2_ADV (Prop_plle2_adv_CLKIN1_CLKOUT3)
                                                      0.083    10.210 r  PLLE2_ADV/CLKOUT3
                         net (fo=1, routed)           1.918    12.128    main_crg_clkout3
    BUFGCTRL_X0Y2        BUFG (Prop_bufg_I_O)         0.091    12.219 r  BUFG_3/O
                         net (fo=8, routed)           1.594    13.814    idelay_clk
    SLICE_X86Y73         FDSE                                         r  main_crg_reset_counter_reg[2]/C
                         clock pessimism              0.508    14.322    
                         clock uncertainty           -0.053    14.269    
    SLICE_X86Y73         FDSE (Setup_fdse_C_S)       -0.604    13.665    main_crg_reset_counter_reg[2]
  -------------------------------------------------------------------
                         required time                         13.665    
                         arrival time                         -10.506    
  -------------------------------------------------------------------
                         slack                                  3.159    

Slack (MET) :             3.159ns  (required time - arrival time)
  Source:                 FDPE_7/C
                            (rising edge-triggered cell FDPE clocked by main_crg_clkout3  {rise@0.000ns fall@2.500ns period=5.000ns})
  Destination:            main_crg_reset_counter_reg[3]/S
                            (rising edge-triggered cell FDSE clocked by main_crg_clkout3  {rise@0.000ns fall@2.500ns period=5.000ns})
  Path Group:             main_crg_clkout3
  Path Type:              Setup (Max at Slow Process Corner)
  Requirement:            5.000ns  (main_crg_clkout3 rise@5.000ns - main_crg_clkout3 rise@0.000ns)
  Data Path Delay:        1.158ns  (logic 0.419ns (36.171%)  route 0.739ns (63.829%))
  Logic Levels:           0  
  Clock Path Skew:        -0.026ns (DCD - SCD + CPR)
    Destination Clock Delay (DCD):    8.814ns = ( 13.814 - 5.000 ) 
    Source Clock Delay      (SCD):    9.348ns
    Clock Pessimism Removal (CPR):    0.508ns
  Clock Uncertainty:      0.053ns  ((TSJ^2 + DJ^2)^1/2) / 2 + PE
    Total System Jitter     (TSJ):    0.071ns
    Discrete Jitter          (DJ):    0.078ns
    Phase Error              (PE):    0.000ns

    Location             Delay type                Incr(ns)  Path(ns)    Netlist Resource(s)
  -------------------------------------------------------------------    -------------------
                         (clock main_crg_clkout3 rise edge)
                                                      0.000     0.000 r  
    E3                                                0.000     0.000 r  clk100 (IN)
                         net (fo=0)                   0.000     0.000    clk100
    E3                   IBUF (Prop_ibuf_I_O)         1.482     1.482 r  clk100_IBUF_inst/O
                         net (fo=1, routed)           2.025     3.506    clk100_IBUF
    BUFGCTRL_X0Y16       BUFG (Prop_bufg_I_O)         0.096     3.602 r  clk100_IBUF_BUFG_inst/O
                         net (fo=9, routed)           1.832     5.435    main_crg_clkin
    PLLE2_ADV_X0Y0       PLLE2_ADV (Prop_plle2_adv_CLKIN1_CLKOUT3)
                                                      0.088     5.523 r  PLLE2_ADV/CLKOUT3
                         net (fo=1, routed)           2.012     7.535    main_crg_clkout3
    BUFGCTRL_X0Y2        BUFG (Prop_bufg_I_O)         0.096     7.631 r  BUFG_3/O
                         net (fo=8, routed)           1.716     9.348    idelay_clk
    SLICE_X86Y71         FDPE                                         r  FDPE_7/C
  -------------------------------------------------------------------    -------------------
    SLICE_X86Y71         FDPE (Prop_fdpe_C_Q)         0.419     9.767 r  FDPE_7/Q
                         net (fo=5, routed)           0.739    10.506    idelay_rst
    SLICE_X86Y73         FDSE                                         r  main_crg_reset_counter_reg[3]/S
  -------------------------------------------------------------------    -------------------

                         (clock main_crg_clkout3 rise edge)
                                                      5.000     5.000 r  
    E3                                                0.000     5.000 r  clk100 (IN)
                         net (fo=0)                   0.000     5.000    clk100
    E3                   IBUF (Prop_ibuf_I_O)         1.411     6.411 r  clk100_IBUF_inst/O
                         net (fo=1, routed)           1.920     8.331    clk100_IBUF
    BUFGCTRL_X0Y16       BUFG (Prop_bufg_I_O)         0.091     8.422 r  clk100_IBUF_BUFG_inst/O
                         net (fo=9, routed)           1.705    10.127    main_crg_clkin
    PLLE2_ADV_X0Y0       PLLE2_ADV (Prop_plle2_adv_CLKIN1_CLKOUT3)
                                                      0.083    10.210 r  PLLE2_ADV/CLKOUT3
                         net (fo=1, routed)           1.918    12.128    main_crg_clkout3
    BUFGCTRL_X0Y2        BUFG (Prop_bufg_I_O)         0.091    12.219 r  BUFG_3/O
                         net (fo=8, routed)           1.594    13.814    idelay_clk
    SLICE_X86Y73         FDSE                                         r  main_crg_reset_counter_reg[3]/C
                         clock pessimism              0.508    14.322    
                         clock uncertainty           -0.053    14.269    
    SLICE_X86Y73         FDSE (Setup_fdse_C_S)       -0.604    13.665    main_crg_reset_counter_reg[3]
  -------------------------------------------------------------------
                         required time                         13.665    
                         arrival time                         -10.506    
  -------------------------------------------------------------------
                         slack                                  3.159    





Min Delay Paths
--------------------------------------------------------------------------------------
Slack (MET) :             0.131ns  (arrival time - required time)
  Source:                 FDPE_6/C
                            (rising edge-triggered cell FDPE clocked by main_crg_clkout3  {rise@0.000ns fall@2.500ns period=5.000ns})
  Destination:            FDPE_7/D
                            (rising edge-triggered cell FDPE clocked by main_crg_clkout3  {rise@0.000ns fall@2.500ns period=5.000ns})
  Path Group:             main_crg_clkout3
  Path Type:              Hold (Min at Fast Process Corner)
  Requirement:            0.000ns  (main_crg_clkout3 rise@0.000ns - main_crg_clkout3 rise@0.000ns)
  Data Path Delay:        0.206ns  (logic 0.141ns (68.336%)  route 0.065ns (31.664%))
  Logic Levels:           0  
  Clock Path Skew:        0.000ns (DCD - SCD - CPR)
    Destination Clock Delay (DCD):    3.731ns
    Source Clock Delay      (SCD):    2.882ns
    Clock Pessimism Removal (CPR):    0.848ns

    Location             Delay type                Incr(ns)  Path(ns)    Netlist Resource(s)
  -------------------------------------------------------------------    -------------------
                         (clock main_crg_clkout3 rise edge)
                                                      0.000     0.000 r  
    E3                                                0.000     0.000 r  clk100 (IN)
                         net (fo=0)                   0.000     0.000    clk100
    E3                   IBUF (Prop_ibuf_I_O)         0.250     0.250 r  clk100_IBUF_inst/O
                         net (fo=1, routed)           0.644     0.894    clk100_IBUF
    BUFGCTRL_X0Y16       BUFG (Prop_bufg_I_O)         0.026     0.920 r  clk100_IBUF_BUFG_inst/O
                         net (fo=9, routed)           0.629     1.549    main_crg_clkin
    PLLE2_ADV_X0Y0       PLLE2_ADV (Prop_plle2_adv_CLKIN1_CLKOUT3)
                                                      0.050     1.599 r  PLLE2_ADV/CLKOUT3
                         net (fo=1, routed)           0.663     2.262    main_crg_clkout3
    BUFGCTRL_X0Y2        BUFG (Prop_bufg_I_O)         0.026     2.288 r  BUFG_3/O
                         net (fo=8, routed)           0.595     2.882    idelay_clk
    SLICE_X86Y71         FDPE                                         r  FDPE_6/C
  -------------------------------------------------------------------    -------------------
    SLICE_X86Y71         FDPE (Prop_fdpe_C_Q)         0.141     3.023 r  FDPE_6/Q
                         net (fo=1, routed)           0.065     3.089    builder_xilinxasyncresetsynchronizerimpl3_rst_meta
    SLICE_X86Y71         FDPE                                         r  FDPE_7/D
  -------------------------------------------------------------------    -------------------

                         (clock main_crg_clkout3 rise edge)
                                                      0.000     0.000 r  
    E3                                                0.000     0.000 r  clk100 (IN)
                         net (fo=0)                   0.000     0.000    clk100
    E3                   IBUF (Prop_ibuf_I_O)         0.438     0.438 r  clk100_IBUF_inst/O
                         net (fo=1, routed)           0.699     1.136    clk100_IBUF
    BUFGCTRL_X0Y16       BUFG (Prop_bufg_I_O)         0.029     1.165 r  clk100_IBUF_BUFG_inst/O
                         net (fo=9, routed)           0.903     2.068    main_crg_clkin
    PLLE2_ADV_X0Y0       PLLE2_ADV (Prop_plle2_adv_CLKIN1_CLKOUT3)
                                                      0.053     2.121 r  PLLE2_ADV/CLKOUT3
                         net (fo=1, routed)           0.716     2.837    main_crg_clkout3
    BUFGCTRL_X0Y2        BUFG (Prop_bufg_I_O)         0.029     2.866 r  BUFG_3/O
                         net (fo=8, routed)           0.865     3.731    idelay_clk
    SLICE_X86Y71         FDPE                                         r  FDPE_7/C
                         clock pessimism             -0.848     2.882    
    SLICE_X86Y71         FDPE (Hold_fdpe_C_D)         0.075     2.957    FDPE_7
  -------------------------------------------------------------------
                         required time                         -2.957    
                         arrival time                           3.089    
  -------------------------------------------------------------------
                         slack                                  0.131    

Slack (MET) :             0.280ns  (arrival time - required time)
  Source:                 main_crg_ic_reset_reg/C
                            (rising edge-triggered cell FDRE clocked by main_crg_clkout3  {rise@0.000ns fall@2.500ns period=5.000ns})
  Destination:            main_crg_ic_reset_reg/D
                            (rising edge-triggered cell FDRE clocked by main_crg_clkout3  {rise@0.000ns fall@2.500ns period=5.000ns})
  Path Group:             main_crg_clkout3
  Path Type:              Hold (Min at Fast Process Corner)
  Requirement:            0.000ns  (main_crg_clkout3 rise@0.000ns - main_crg_clkout3 rise@0.000ns)
  Data Path Delay:        0.371ns  (logic 0.186ns (50.162%)  route 0.185ns (49.838%))
  Logic Levels:           1  (LUT3=1)
  Clock Path Skew:        0.000ns (DCD - SCD - CPR)
    Destination Clock Delay (DCD):    3.727ns
    Source Clock Delay      (SCD):    2.879ns
    Clock Pessimism Removal (CPR):    0.847ns

    Location             Delay type                Incr(ns)  Path(ns)    Netlist Resource(s)
  -------------------------------------------------------------------    -------------------
                         (clock main_crg_clkout3 rise edge)
                                                      0.000     0.000 r  
    E3                                                0.000     0.000 r  clk100 (IN)
                         net (fo=0)                   0.000     0.000    clk100
    E3                   IBUF (Prop_ibuf_I_O)         0.250     0.250 r  clk100_IBUF_inst/O
                         net (fo=1, routed)           0.644     0.894    clk100_IBUF
    BUFGCTRL_X0Y16       BUFG (Prop_bufg_I_O)         0.026     0.920 r  clk100_IBUF_BUFG_inst/O
                         net (fo=9, routed)           0.629     1.549    main_crg_clkin
    PLLE2_ADV_X0Y0       PLLE2_ADV (Prop_plle2_adv_CLKIN1_CLKOUT3)
                                                      0.050     1.599 r  PLLE2_ADV/CLKOUT3
                         net (fo=1, routed)           0.663     2.262    main_crg_clkout3
    BUFGCTRL_X0Y2        BUFG (Prop_bufg_I_O)         0.026     2.288 r  BUFG_3/O
                         net (fo=8, routed)           0.592     2.879    idelay_clk
    SLICE_X86Y74         FDRE                                         r  main_crg_ic_reset_reg/C
  -------------------------------------------------------------------    -------------------
    SLICE_X86Y74         FDRE (Prop_fdre_C_Q)         0.141     3.020 r  main_crg_ic_reset_reg/Q
                         net (fo=2, routed)           0.185     3.205    main_crg_ic_reset
    SLICE_X86Y74         LUT3 (Prop_lut3_I1_O)        0.045     3.250 r  main_crg_ic_reset_i_1/O
                         net (fo=1, routed)           0.000     3.250    main_crg_ic_reset_i_1_n_0
    SLICE_X86Y74         FDRE                                         r  main_crg_ic_reset_reg/D
  -------------------------------------------------------------------    -------------------

                         (clock main_crg_clkout3 rise edge)
                                                      0.000     0.000 r  
    E3                                                0.000     0.000 r  clk100 (IN)
                         net (fo=0)                   0.000     0.000    clk100
    E3                   IBUF (Prop_ibuf_I_O)         0.438     0.438 r  clk100_IBUF_inst/O
                         net (fo=1, routed)           0.699     1.136    clk100_IBUF
    BUFGCTRL_X0Y16       BUFG (Prop_bufg_I_O)         0.029     1.165 r  clk100_IBUF_BUFG_inst/O
                         net (fo=9, routed)           0.903     2.068    main_crg_clkin
    PLLE2_ADV_X0Y0       PLLE2_ADV (Prop_plle2_adv_CLKIN1_CLKOUT3)
                                                      0.053     2.121 r  PLLE2_ADV/CLKOUT3
                         net (fo=1, routed)           0.716     2.837    main_crg_clkout3
    BUFGCTRL_X0Y2        BUFG (Prop_bufg_I_O)         0.029     2.866 r  BUFG_3/O
                         net (fo=8, routed)           0.861     3.727    idelay_clk
    SLICE_X86Y74         FDRE                                         r  main_crg_ic_reset_reg/C
                         clock pessimism             -0.847     2.879    
    SLICE_X86Y74         FDRE (Hold_fdre_C_D)         0.091     2.970    main_crg_ic_reset_reg
  -------------------------------------------------------------------
                         required time                         -2.970    
                         arrival time                           3.250    
  -------------------------------------------------------------------
                         slack                                  0.280    

Slack (MET) :             0.304ns  (arrival time - required time)
  Source:                 main_crg_reset_counter_reg[1]/C
                            (rising edge-triggered cell FDSE clocked by main_crg_clkout3  {rise@0.000ns fall@2.500ns period=5.000ns})
  Destination:            main_crg_reset_counter_reg[1]/D
                            (rising edge-triggered cell FDSE clocked by main_crg_clkout3  {rise@0.000ns fall@2.500ns period=5.000ns})
  Path Group:             main_crg_clkout3
  Path Type:              Hold (Min at Fast Process Corner)
  Requirement:            0.000ns  (main_crg_clkout3 rise@0.000ns - main_crg_clkout3 rise@0.000ns)
  Data Path Delay:        0.411ns  (logic 0.230ns (55.962%)  route 0.181ns (44.038%))
  Logic Levels:           1  (LUT2=1)
  Clock Path Skew:        0.000ns (DCD - SCD - CPR)
    Destination Clock Delay (DCD):    3.728ns
    Source Clock Delay      (SCD):    2.880ns
    Clock Pessimism Removal (CPR):    0.847ns

    Location             Delay type                Incr(ns)  Path(ns)    Netlist Resource(s)
  -------------------------------------------------------------------    -------------------
                         (clock main_crg_clkout3 rise edge)
                                                      0.000     0.000 r  
    E3                                                0.000     0.000 r  clk100 (IN)
                         net (fo=0)                   0.000     0.000    clk100
    E3                   IBUF (Prop_ibuf_I_O)         0.250     0.250 r  clk100_IBUF_inst/O
                         net (fo=1, routed)           0.644     0.894    clk100_IBUF
    BUFGCTRL_X0Y16       BUFG (Prop_bufg_I_O)         0.026     0.920 r  clk100_IBUF_BUFG_inst/O
                         net (fo=9, routed)           0.629     1.549    main_crg_clkin
    PLLE2_ADV_X0Y0       PLLE2_ADV (Prop_plle2_adv_CLKIN1_CLKOUT3)
                                                      0.050     1.599 r  PLLE2_ADV/CLKOUT3
                         net (fo=1, routed)           0.663     2.262    main_crg_clkout3
    BUFGCTRL_X0Y2        BUFG (Prop_bufg_I_O)         0.026     2.288 r  BUFG_3/O
                         net (fo=8, routed)           0.593     2.880    idelay_clk
    SLICE_X86Y73         FDSE                                         r  main_crg_reset_counter_reg[1]/C
  -------------------------------------------------------------------    -------------------
    SLICE_X86Y73         FDSE (Prop_fdse_C_Q)         0.128     3.008 r  main_crg_reset_counter_reg[1]/Q
                         net (fo=4, routed)           0.181     3.189    main_crg_reset_counter[1]
    SLICE_X86Y73         LUT2 (Prop_lut2_I1_O)        0.102     3.291 r  main_crg_reset_counter[1]_i_1/O
                         net (fo=1, routed)           0.000     3.291    main_crg_reset_counter[1]_i_1_n_0
    SLICE_X86Y73         FDSE                                         r  main_crg_reset_counter_reg[1]/D
  -------------------------------------------------------------------    -------------------

                         (clock main_crg_clkout3 rise edge)
                                                      0.000     0.000 r  
    E3                                                0.000     0.000 r  clk100 (IN)
                         net (fo=0)                   0.000     0.000    clk100
    E3                   IBUF (Prop_ibuf_I_O)         0.438     0.438 r  clk100_IBUF_inst/O
                         net (fo=1, routed)           0.699     1.136    clk100_IBUF
    BUFGCTRL_X0Y16       BUFG (Prop_bufg_I_O)         0.029     1.165 r  clk100_IBUF_BUFG_inst/O
                         net (fo=9, routed)           0.903     2.068    main_crg_clkin
    PLLE2_ADV_X0Y0       PLLE2_ADV (Prop_plle2_adv_CLKIN1_CLKOUT3)
                                                      0.053     2.121 r  PLLE2_ADV/CLKOUT3
                         net (fo=1, routed)           0.716     2.837    main_crg_clkout3
    BUFGCTRL_X0Y2        BUFG (Prop_bufg_I_O)         0.029     2.866 r  BUFG_3/O
                         net (fo=8, routed)           0.862     3.728    idelay_clk
    SLICE_X86Y73         FDSE                                         r  main_crg_reset_counter_reg[1]/C
                         clock pessimism             -0.847     2.880    
    SLICE_X86Y73         FDSE (Hold_fdse_C_D)         0.107     2.987    main_crg_reset_counter_reg[1]
  -------------------------------------------------------------------
                         required time                         -2.987    
                         arrival time                           3.291    
  -------------------------------------------------------------------
                         slack                                  0.304    

Slack (MET) :             0.306ns  (arrival time - required time)
  Source:                 main_crg_reset_counter_reg[1]/C
                            (rising edge-triggered cell FDSE clocked by main_crg_clkout3  {rise@0.000ns fall@2.500ns period=5.000ns})
  Destination:            main_crg_reset_counter_reg[3]/D
                            (rising edge-triggered cell FDSE clocked by main_crg_clkout3  {rise@0.000ns fall@2.500ns period=5.000ns})
  Path Group:             main_crg_clkout3
  Path Type:              Hold (Min at Fast Process Corner)
  Requirement:            0.000ns  (main_crg_clkout3 rise@0.000ns - main_crg_clkout3 rise@0.000ns)
  Data Path Delay:        0.413ns  (logic 0.231ns (55.933%)  route 0.182ns (44.067%))
  Logic Levels:           1  (LUT4=1)
  Clock Path Skew:        0.000ns (DCD - SCD - CPR)
    Destination Clock Delay (DCD):    3.728ns
    Source Clock Delay      (SCD):    2.880ns
    Clock Pessimism Removal (CPR):    0.847ns

    Location             Delay type                Incr(ns)  Path(ns)    Netlist Resource(s)
  -------------------------------------------------------------------    -------------------
                         (clock main_crg_clkout3 rise edge)
                                                      0.000     0.000 r  
    E3                                                0.000     0.000 r  clk100 (IN)
                         net (fo=0)                   0.000     0.000    clk100
    E3                   IBUF (Prop_ibuf_I_O)         0.250     0.250 r  clk100_IBUF_inst/O
                         net (fo=1, routed)           0.644     0.894    clk100_IBUF
    BUFGCTRL_X0Y16       BUFG (Prop_bufg_I_O)         0.026     0.920 r  clk100_IBUF_BUFG_inst/O
                         net (fo=9, routed)           0.629     1.549    main_crg_clkin
    PLLE2_ADV_X0Y0       PLLE2_ADV (Prop_plle2_adv_CLKIN1_CLKOUT3)
                                                      0.050     1.599 r  PLLE2_ADV/CLKOUT3
                         net (fo=1, routed)           0.663     2.262    main_crg_clkout3
    BUFGCTRL_X0Y2        BUFG (Prop_bufg_I_O)         0.026     2.288 r  BUFG_3/O
                         net (fo=8, routed)           0.593     2.880    idelay_clk
    SLICE_X86Y73         FDSE                                         r  main_crg_reset_counter_reg[1]/C
  -------------------------------------------------------------------    -------------------
    SLICE_X86Y73         FDSE (Prop_fdse_C_Q)         0.128     3.008 r  main_crg_reset_counter_reg[1]/Q
                         net (fo=4, routed)           0.182     3.190    main_crg_reset_counter[1]
    SLICE_X86Y73         LUT4 (Prop_lut4_I2_O)        0.103     3.293 r  main_crg_reset_counter[3]_i_2/O
                         net (fo=1, routed)           0.000     3.293    main_crg_reset_counter[3]_i_2_n_0
    SLICE_X86Y73         FDSE                                         r  main_crg_reset_counter_reg[3]/D
  -------------------------------------------------------------------    -------------------

                         (clock main_crg_clkout3 rise edge)
                                                      0.000     0.000 r  
    E3                                                0.000     0.000 r  clk100 (IN)
                         net (fo=0)                   0.000     0.000    clk100
    E3                   IBUF (Prop_ibuf_I_O)         0.438     0.438 r  clk100_IBUF_inst/O
                         net (fo=1, routed)           0.699     1.136    clk100_IBUF
    BUFGCTRL_X0Y16       BUFG (Prop_bufg_I_O)         0.029     1.165 r  clk100_IBUF_BUFG_inst/O
                         net (fo=9, routed)           0.903     2.068    main_crg_clkin
    PLLE2_ADV_X0Y0       PLLE2_ADV (Prop_plle2_adv_CLKIN1_CLKOUT3)
                                                      0.053     2.121 r  PLLE2_ADV/CLKOUT3
                         net (fo=1, routed)           0.716     2.837    main_crg_clkout3
    BUFGCTRL_X0Y2        BUFG (Prop_bufg_I_O)         0.029     2.866 r  BUFG_3/O
                         net (fo=8, routed)           0.862     3.728    idelay_clk
    SLICE_X86Y73         FDSE                                         r  main_crg_reset_counter_reg[3]/C
                         clock pessimism             -0.847     2.880    
    SLICE_X86Y73         FDSE (Hold_fdse_C_D)         0.107     2.987    main_crg_reset_counter_reg[3]
  -------------------------------------------------------------------
                         required time                         -2.987    
                         arrival time                           3.293    
  -------------------------------------------------------------------
                         slack                                  0.306    

Slack (MET) :             0.317ns  (arrival time - required time)
  Source:                 main_crg_reset_counter_reg[1]/C
                            (rising edge-triggered cell FDSE clocked by main_crg_clkout3  {rise@0.000ns fall@2.500ns period=5.000ns})
  Destination:            main_crg_reset_counter_reg[2]/D
                            (rising edge-triggered cell FDSE clocked by main_crg_clkout3  {rise@0.000ns fall@2.500ns period=5.000ns})
  Path Group:             main_crg_clkout3
  Path Type:              Hold (Min at Fast Process Corner)
  Requirement:            0.000ns  (main_crg_clkout3 rise@0.000ns - main_crg_clkout3 rise@0.000ns)
  Data Path Delay:        0.409ns  (logic 0.227ns (55.502%)  route 0.182ns (44.498%))
  Logic Levels:           1  (LUT3=1)
  Clock Path Skew:        0.000ns (DCD - SCD - CPR)
    Destination Clock Delay (DCD):    3.728ns
    Source Clock Delay      (SCD):    2.880ns
    Clock Pessimism Removal (CPR):    0.847ns

    Location             Delay type                Incr(ns)  Path(ns)    Netlist Resource(s)
  -------------------------------------------------------------------    -------------------
                         (clock main_crg_clkout3 rise edge)
                                                      0.000     0.000 r  
    E3                                                0.000     0.000 r  clk100 (IN)
                         net (fo=0)                   0.000     0.000    clk100
    E3                   IBUF (Prop_ibuf_I_O)         0.250     0.250 r  clk100_IBUF_inst/O
                         net (fo=1, routed)           0.644     0.894    clk100_IBUF
    BUFGCTRL_X0Y16       BUFG (Prop_bufg_I_O)         0.026     0.920 r  clk100_IBUF_BUFG_inst/O
                         net (fo=9, routed)           0.629     1.549    main_crg_clkin
    PLLE2_ADV_X0Y0       PLLE2_ADV (Prop_plle2_adv_CLKIN1_CLKOUT3)
                                                      0.050     1.599 r  PLLE2_ADV/CLKOUT3
                         net (fo=1, routed)           0.663     2.262    main_crg_clkout3
    BUFGCTRL_X0Y2        BUFG (Prop_bufg_I_O)         0.026     2.288 r  BUFG_3/O
                         net (fo=8, routed)           0.593     2.880    idelay_clk
    SLICE_X86Y73         FDSE                                         r  main_crg_reset_counter_reg[1]/C
  -------------------------------------------------------------------    -------------------
    SLICE_X86Y73         FDSE (Prop_fdse_C_Q)         0.128     3.008 r  main_crg_reset_counter_reg[1]/Q
                         net (fo=4, routed)           0.182     3.190    main_crg_reset_counter[1]
    SLICE_X86Y73         LUT3 (Prop_lut3_I0_O)        0.099     3.289 r  main_crg_reset_counter[2]_i_1/O
                         net (fo=1, routed)           0.000     3.289    main_crg_reset_counter[2]_i_1_n_0
    SLICE_X86Y73         FDSE                                         r  main_crg_reset_counter_reg[2]/D
  -------------------------------------------------------------------    -------------------

                         (clock main_crg_clkout3 rise edge)
                                                      0.000     0.000 r  
    E3                                                0.000     0.000 r  clk100 (IN)
                         net (fo=0)                   0.000     0.000    clk100
    E3                   IBUF (Prop_ibuf_I_O)         0.438     0.438 r  clk100_IBUF_inst/O
                         net (fo=1, routed)           0.699     1.136    clk100_IBUF
    BUFGCTRL_X0Y16       BUFG (Prop_bufg_I_O)         0.029     1.165 r  clk100_IBUF_BUFG_inst/O
                         net (fo=9, routed)           0.903     2.068    main_crg_clkin
    PLLE2_ADV_X0Y0       PLLE2_ADV (Prop_plle2_adv_CLKIN1_CLKOUT3)
                                                      0.053     2.121 r  PLLE2_ADV/CLKOUT3
                         net (fo=1, routed)           0.716     2.837    main_crg_clkout3
    BUFGCTRL_X0Y2        BUFG (Prop_bufg_I_O)         0.029     2.866 r  BUFG_3/O
                         net (fo=8, routed)           0.862     3.728    idelay_clk
    SLICE_X86Y73         FDSE                                         r  main_crg_reset_counter_reg[2]/C
                         clock pessimism             -0.847     2.880    
    SLICE_X86Y73         FDSE (Hold_fdse_C_D)         0.092     2.972    main_crg_reset_counter_reg[2]
  -------------------------------------------------------------------
                         required time                         -2.972    
                         arrival time                           3.289    
  -------------------------------------------------------------------
                         slack                                  0.317    

Slack (MET) :             0.448ns  (arrival time - required time)
  Source:                 FDPE_7/C
                            (rising edge-triggered cell FDPE clocked by main_crg_clkout3  {rise@0.000ns fall@2.500ns period=5.000ns})
  Destination:            main_crg_reset_counter_reg[0]/S
                            (rising edge-triggered cell FDSE clocked by main_crg_clkout3  {rise@0.000ns fall@2.500ns period=5.000ns})
  Path Group:             main_crg_clkout3
  Path Type:              Hold (Min at Fast Process Corner)
  Requirement:            0.000ns  (main_crg_clkout3 rise@0.000ns - main_crg_clkout3 rise@0.000ns)
  Data Path Delay:        0.387ns  (logic 0.128ns (33.041%)  route 0.259ns (66.959%))
  Logic Levels:           0  
  Clock Path Skew:        0.011ns (DCD - SCD - CPR)
    Destination Clock Delay (DCD):    3.728ns
    Source Clock Delay      (SCD):    2.882ns
    Clock Pessimism Removal (CPR):    0.834ns

    Location             Delay type                Incr(ns)  Path(ns)    Netlist Resource(s)
  -------------------------------------------------------------------    -------------------
                         (clock main_crg_clkout3 rise edge)
                                                      0.000     0.000 r  
    E3                                                0.000     0.000 r  clk100 (IN)
                         net (fo=0)                   0.000     0.000    clk100
    E3                   IBUF (Prop_ibuf_I_O)         0.250     0.250 r  clk100_IBUF_inst/O
                         net (fo=1, routed)           0.644     0.894    clk100_IBUF
    BUFGCTRL_X0Y16       BUFG (Prop_bufg_I_O)         0.026     0.920 r  clk100_IBUF_BUFG_inst/O
                         net (fo=9, routed)           0.629     1.549    main_crg_clkin
    PLLE2_ADV_X0Y0       PLLE2_ADV (Prop_plle2_adv_CLKIN1_CLKOUT3)
                                                      0.050     1.599 r  PLLE2_ADV/CLKOUT3
                         net (fo=1, routed)           0.663     2.262    main_crg_clkout3
    BUFGCTRL_X0Y2        BUFG (Prop_bufg_I_O)         0.026     2.288 r  BUFG_3/O
                         net (fo=8, routed)           0.595     2.882    idelay_clk
    SLICE_X86Y71         FDPE                                         r  FDPE_7/C
  -------------------------------------------------------------------    -------------------
    SLICE_X86Y71         FDPE (Prop_fdpe_C_Q)         0.128     3.010 r  FDPE_7/Q
                         net (fo=5, routed)           0.259     3.270    idelay_rst
    SLICE_X86Y73         FDSE                                         r  main_crg_reset_counter_reg[0]/S
  -------------------------------------------------------------------    -------------------

                         (clock main_crg_clkout3 rise edge)
                                                      0.000     0.000 r  
    E3                                                0.000     0.000 r  clk100 (IN)
                         net (fo=0)                   0.000     0.000    clk100
    E3                   IBUF (Prop_ibuf_I_O)         0.438     0.438 r  clk100_IBUF_inst/O
                         net (fo=1, routed)           0.699     1.136    clk100_IBUF
    BUFGCTRL_X0Y16       BUFG (Prop_bufg_I_O)         0.029     1.165 r  clk100_IBUF_BUFG_inst/O
                         net (fo=9, routed)           0.903     2.068    main_crg_clkin
    PLLE2_ADV_X0Y0       PLLE2_ADV (Prop_plle2_adv_CLKIN1_CLKOUT3)
                                                      0.053     2.121 r  PLLE2_ADV/CLKOUT3
                         net (fo=1, routed)           0.716     2.837    main_crg_clkout3
    BUFGCTRL_X0Y2        BUFG (Prop_bufg_I_O)         0.029     2.866 r  BUFG_3/O
                         net (fo=8, routed)           0.862     3.728    idelay_clk
    SLICE_X86Y73         FDSE                                         r  main_crg_reset_counter_reg[0]/C
                         clock pessimism             -0.834     2.893    
    SLICE_X86Y73         FDSE (Hold_fdse_C_S)        -0.072     2.821    main_crg_reset_counter_reg[0]
  -------------------------------------------------------------------
                         required time                         -2.821    
                         arrival time                           3.270    
  -------------------------------------------------------------------
                         slack                                  0.448    

Slack (MET) :             0.448ns  (arrival time - required time)
  Source:                 FDPE_7/C
                            (rising edge-triggered cell FDPE clocked by main_crg_clkout3  {rise@0.000ns fall@2.500ns period=5.000ns})
  Destination:            main_crg_reset_counter_reg[1]/S
                            (rising edge-triggered cell FDSE clocked by main_crg_clkout3  {rise@0.000ns fall@2.500ns period=5.000ns})
  Path Group:             main_crg_clkout3
  Path Type:              Hold (Min at Fast Process Corner)
  Requirement:            0.000ns  (main_crg_clkout3 rise@0.000ns - main_crg_clkout3 rise@0.000ns)
  Data Path Delay:        0.387ns  (logic 0.128ns (33.041%)  route 0.259ns (66.959%))
  Logic Levels:           0  
  Clock Path Skew:        0.011ns (DCD - SCD - CPR)
    Destination Clock Delay (DCD):    3.728ns
    Source Clock Delay      (SCD):    2.882ns
    Clock Pessimism Removal (CPR):    0.834ns

    Location             Delay type                Incr(ns)  Path(ns)    Netlist Resource(s)
  -------------------------------------------------------------------    -------------------
                         (clock main_crg_clkout3 rise edge)
                                                      0.000     0.000 r  
    E3                                                0.000     0.000 r  clk100 (IN)
                         net (fo=0)                   0.000     0.000    clk100
    E3                   IBUF (Prop_ibuf_I_O)         0.250     0.250 r  clk100_IBUF_inst/O
                         net (fo=1, routed)           0.644     0.894    clk100_IBUF
    BUFGCTRL_X0Y16       BUFG (Prop_bufg_I_O)         0.026     0.920 r  clk100_IBUF_BUFG_inst/O
                         net (fo=9, routed)           0.629     1.549    main_crg_clkin
    PLLE2_ADV_X0Y0       PLLE2_ADV (Prop_plle2_adv_CLKIN1_CLKOUT3)
                                                      0.050     1.599 r  PLLE2_ADV/CLKOUT3
                         net (fo=1, routed)           0.663     2.262    main_crg_clkout3
    BUFGCTRL_X0Y2        BUFG (Prop_bufg_I_O)         0.026     2.288 r  BUFG_3/O
                         net (fo=8, routed)           0.595     2.882    idelay_clk
    SLICE_X86Y71         FDPE                                         r  FDPE_7/C
  -------------------------------------------------------------------    -------------------
    SLICE_X86Y71         FDPE (Prop_fdpe_C_Q)         0.128     3.010 r  FDPE_7/Q
                         net (fo=5, routed)           0.259     3.270    idelay_rst
    SLICE_X86Y73         FDSE                                         r  main_crg_reset_counter_reg[1]/S
  -------------------------------------------------------------------    -------------------

                         (clock main_crg_clkout3 rise edge)
                                                      0.000     0.000 r  
    E3                                                0.000     0.000 r  clk100 (IN)
                         net (fo=0)                   0.000     0.000    clk100
    E3                   IBUF (Prop_ibuf_I_O)         0.438     0.438 r  clk100_IBUF_inst/O
                         net (fo=1, routed)           0.699     1.136    clk100_IBUF
    BUFGCTRL_X0Y16       BUFG (Prop_bufg_I_O)         0.029     1.165 r  clk100_IBUF_BUFG_inst/O
                         net (fo=9, routed)           0.903     2.068    main_crg_clkin
    PLLE2_ADV_X0Y0       PLLE2_ADV (Prop_plle2_adv_CLKIN1_CLKOUT3)
                                                      0.053     2.121 r  PLLE2_ADV/CLKOUT3
                         net (fo=1, routed)           0.716     2.837    main_crg_clkout3
    BUFGCTRL_X0Y2        BUFG (Prop_bufg_I_O)         0.029     2.866 r  BUFG_3/O
                         net (fo=8, routed)           0.862     3.728    idelay_clk
    SLICE_X86Y73         FDSE                                         r  main_crg_reset_counter_reg[1]/C
                         clock pessimism             -0.834     2.893    
    SLICE_X86Y73         FDSE (Hold_fdse_C_S)        -0.072     2.821    main_crg_reset_counter_reg[1]
  -------------------------------------------------------------------
                         required time                         -2.821    
                         arrival time                           3.270    
  -------------------------------------------------------------------
                         slack                                  0.448    

Slack (MET) :             0.448ns  (arrival time - required time)
  Source:                 FDPE_7/C
                            (rising edge-triggered cell FDPE clocked by main_crg_clkout3  {rise@0.000ns fall@2.500ns period=5.000ns})
  Destination:            main_crg_reset_counter_reg[2]/S
                            (rising edge-triggered cell FDSE clocked by main_crg_clkout3  {rise@0.000ns fall@2.500ns period=5.000ns})
  Path Group:             main_crg_clkout3
  Path Type:              Hold (Min at Fast Process Corner)
  Requirement:            0.000ns  (main_crg_clkout3 rise@0.000ns - main_crg_clkout3 rise@0.000ns)
  Data Path Delay:        0.387ns  (logic 0.128ns (33.041%)  route 0.259ns (66.959%))
  Logic Levels:           0  
  Clock Path Skew:        0.011ns (DCD - SCD - CPR)
    Destination Clock Delay (DCD):    3.728ns
    Source Clock Delay      (SCD):    2.882ns
    Clock Pessimism Removal (CPR):    0.834ns

    Location             Delay type                Incr(ns)  Path(ns)    Netlist Resource(s)
  -------------------------------------------------------------------    -------------------
                         (clock main_crg_clkout3 rise edge)
                                                      0.000     0.000 r  
    E3                                                0.000     0.000 r  clk100 (IN)
                         net (fo=0)                   0.000     0.000    clk100
    E3                   IBUF (Prop_ibuf_I_O)         0.250     0.250 r  clk100_IBUF_inst/O
                         net (fo=1, routed)           0.644     0.894    clk100_IBUF
    BUFGCTRL_X0Y16       BUFG (Prop_bufg_I_O)         0.026     0.920 r  clk100_IBUF_BUFG_inst/O
                         net (fo=9, routed)           0.629     1.549    main_crg_clkin
    PLLE2_ADV_X0Y0       PLLE2_ADV (Prop_plle2_adv_CLKIN1_CLKOUT3)
                                                      0.050     1.599 r  PLLE2_ADV/CLKOUT3
                         net (fo=1, routed)           0.663     2.262    main_crg_clkout3
    BUFGCTRL_X0Y2        BUFG (Prop_bufg_I_O)         0.026     2.288 r  BUFG_3/O
                         net (fo=8, routed)           0.595     2.882    idelay_clk
    SLICE_X86Y71         FDPE                                         r  FDPE_7/C
  -------------------------------------------------------------------    -------------------
    SLICE_X86Y71         FDPE (Prop_fdpe_C_Q)         0.128     3.010 r  FDPE_7/Q
                         net (fo=5, routed)           0.259     3.270    idelay_rst
    SLICE_X86Y73         FDSE                                         r  main_crg_reset_counter_reg[2]/S
  -------------------------------------------------------------------    -------------------

                         (clock main_crg_clkout3 rise edge)
                                                      0.000     0.000 r  
    E3                                                0.000     0.000 r  clk100 (IN)
                         net (fo=0)                   0.000     0.000    clk100
    E3                   IBUF (Prop_ibuf_I_O)         0.438     0.438 r  clk100_IBUF_inst/O
                         net (fo=1, routed)           0.699     1.136    clk100_IBUF
    BUFGCTRL_X0Y16       BUFG (Prop_bufg_I_O)         0.029     1.165 r  clk100_IBUF_BUFG_inst/O
                         net (fo=9, routed)           0.903     2.068    main_crg_clkin
    PLLE2_ADV_X0Y0       PLLE2_ADV (Prop_plle2_adv_CLKIN1_CLKOUT3)
                                                      0.053     2.121 r  PLLE2_ADV/CLKOUT3
                         net (fo=1, routed)           0.716     2.837    main_crg_clkout3
    BUFGCTRL_X0Y2        BUFG (Prop_bufg_I_O)         0.029     2.866 r  BUFG_3/O
                         net (fo=8, routed)           0.862     3.728    idelay_clk
    SLICE_X86Y73         FDSE                                         r  main_crg_reset_counter_reg[2]/C
                         clock pessimism             -0.834     2.893    
    SLICE_X86Y73         FDSE (Hold_fdse_C_S)        -0.072     2.821    main_crg_reset_counter_reg[2]
  -------------------------------------------------------------------
                         required time                         -2.821    
                         arrival time                           3.270    
  -------------------------------------------------------------------
                         slack                                  0.448    

Slack (MET) :             0.448ns  (arrival time - required time)
  Source:                 FDPE_7/C
                            (rising edge-triggered cell FDPE clocked by main_crg_clkout3  {rise@0.000ns fall@2.500ns period=5.000ns})
  Destination:            main_crg_reset_counter_reg[3]/S
                            (rising edge-triggered cell FDSE clocked by main_crg_clkout3  {rise@0.000ns fall@2.500ns period=5.000ns})
  Path Group:             main_crg_clkout3
  Path Type:              Hold (Min at Fast Process Corner)
  Requirement:            0.000ns  (main_crg_clkout3 rise@0.000ns - main_crg_clkout3 rise@0.000ns)
  Data Path Delay:        0.387ns  (logic 0.128ns (33.041%)  route 0.259ns (66.959%))
  Logic Levels:           0  
  Clock Path Skew:        0.011ns (DCD - SCD - CPR)
    Destination Clock Delay (DCD):    3.728ns
    Source Clock Delay      (SCD):    2.882ns
    Clock Pessimism Removal (CPR):    0.834ns

    Location             Delay type                Incr(ns)  Path(ns)    Netlist Resource(s)
  -------------------------------------------------------------------    -------------------
                         (clock main_crg_clkout3 rise edge)
                                                      0.000     0.000 r  
    E3                                                0.000     0.000 r  clk100 (IN)
                         net (fo=0)                   0.000     0.000    clk100
    E3                   IBUF (Prop_ibuf_I_O)         0.250     0.250 r  clk100_IBUF_inst/O
                         net (fo=1, routed)           0.644     0.894    clk100_IBUF
    BUFGCTRL_X0Y16       BUFG (Prop_bufg_I_O)         0.026     0.920 r  clk100_IBUF_BUFG_inst/O
                         net (fo=9, routed)           0.629     1.549    main_crg_clkin
    PLLE2_ADV_X0Y0       PLLE2_ADV (Prop_plle2_adv_CLKIN1_CLKOUT3)
                                                      0.050     1.599 r  PLLE2_ADV/CLKOUT3
                         net (fo=1, routed)           0.663     2.262    main_crg_clkout3
    BUFGCTRL_X0Y2        BUFG (Prop_bufg_I_O)         0.026     2.288 r  BUFG_3/O
                         net (fo=8, routed)           0.595     2.882    idelay_clk
    SLICE_X86Y71         FDPE                                         r  FDPE_7/C
  -------------------------------------------------------------------    -------------------
    SLICE_X86Y71         FDPE (Prop_fdpe_C_Q)         0.128     3.010 r  FDPE_7/Q
                         net (fo=5, routed)           0.259     3.270    idelay_rst
    SLICE_X86Y73         FDSE                                         r  main_crg_reset_counter_reg[3]/S
  -------------------------------------------------------------------    -------------------

                         (clock main_crg_clkout3 rise edge)
                                                      0.000     0.000 r  
    E3                                                0.000     0.000 r  clk100 (IN)
                         net (fo=0)                   0.000     0.000    clk100
    E3                   IBUF (Prop_ibuf_I_O)         0.438     0.438 r  clk100_IBUF_inst/O
                         net (fo=1, routed)           0.699     1.136    clk100_IBUF
    BUFGCTRL_X0Y16       BUFG (Prop_bufg_I_O)         0.029     1.165 r  clk100_IBUF_BUFG_inst/O
                         net (fo=9, routed)           0.903     2.068    main_crg_clkin
    PLLE2_ADV_X0Y0       PLLE2_ADV (Prop_plle2_adv_CLKIN1_CLKOUT3)
                                                      0.053     2.121 r  PLLE2_ADV/CLKOUT3
                         net (fo=1, routed)           0.716     2.837    main_crg_clkout3
    BUFGCTRL_X0Y2        BUFG (Prop_bufg_I_O)         0.029     2.866 r  BUFG_3/O
                         net (fo=8, routed)           0.862     3.728    idelay_clk
    SLICE_X86Y73         FDSE                                         r  main_crg_reset_counter_reg[3]/C
                         clock pessimism             -0.834     2.893    
    SLICE_X86Y73         FDSE (Hold_fdse_C_S)        -0.072     2.821    main_crg_reset_counter_reg[3]
  -------------------------------------------------------------------
                         required time                         -2.821    
                         arrival time                           3.270    
  -------------------------------------------------------------------
                         slack                                  0.448    

Slack (MET) :             0.455ns  (arrival time - required time)
  Source:                 main_crg_reset_counter_reg[3]/C
                            (rising edge-triggered cell FDSE clocked by main_crg_clkout3  {rise@0.000ns fall@2.500ns period=5.000ns})
  Destination:            main_crg_reset_counter_reg[0]/CE
                            (rising edge-triggered cell FDSE clocked by main_crg_clkout3  {rise@0.000ns fall@2.500ns period=5.000ns})
  Path Group:             main_crg_clkout3
  Path Type:              Hold (Min at Fast Process Corner)
  Requirement:            0.000ns  (main_crg_clkout3 rise@0.000ns - main_crg_clkout3 rise@0.000ns)
  Data Path Delay:        0.416ns  (logic 0.226ns (54.369%)  route 0.190ns (45.631%))
  Logic Levels:           1  (LUT4=1)
  Clock Path Skew:        0.000ns (DCD - SCD - CPR)
    Destination Clock Delay (DCD):    3.728ns
    Source Clock Delay      (SCD):    2.880ns
    Clock Pessimism Removal (CPR):    0.847ns

    Location             Delay type                Incr(ns)  Path(ns)    Netlist Resource(s)
  -------------------------------------------------------------------    -------------------
                         (clock main_crg_clkout3 rise edge)
                                                      0.000     0.000 r  
    E3                                                0.000     0.000 r  clk100 (IN)
                         net (fo=0)                   0.000     0.000    clk100
    E3                   IBUF (Prop_ibuf_I_O)         0.250     0.250 r  clk100_IBUF_inst/O
                         net (fo=1, routed)           0.644     0.894    clk100_IBUF
    BUFGCTRL_X0Y16       BUFG (Prop_bufg_I_O)         0.026     0.920 r  clk100_IBUF_BUFG_inst/O
                         net (fo=9, routed)           0.629     1.549    main_crg_clkin
    PLLE2_ADV_X0Y0       PLLE2_ADV (Prop_plle2_adv_CLKIN1_CLKOUT3)
                                                      0.050     1.599 r  PLLE2_ADV/CLKOUT3
                         net (fo=1, routed)           0.663     2.262    main_crg_clkout3
    BUFGCTRL_X0Y2        BUFG (Prop_bufg_I_O)         0.026     2.288 r  BUFG_3/O
                         net (fo=8, routed)           0.593     2.880    idelay_clk
    SLICE_X86Y73         FDSE                                         r  main_crg_reset_counter_reg[3]/C
  -------------------------------------------------------------------    -------------------
    SLICE_X86Y73         FDSE (Prop_fdse_C_Q)         0.128     3.008 r  main_crg_reset_counter_reg[3]/Q
                         net (fo=2, routed)           0.121     3.130    main_crg_reset_counter[3]
    SLICE_X86Y73         LUT4 (Prop_lut4_I3_O)        0.098     3.228 r  main_crg_reset_counter[3]_i_1/O
                         net (fo=5, routed)           0.068     3.296    main_crg_reset_counter[3]_i_1_n_0
    SLICE_X86Y73         FDSE                                         r  main_crg_reset_counter_reg[0]/CE
  -------------------------------------------------------------------    -------------------

                         (clock main_crg_clkout3 rise edge)
                                                      0.000     0.000 r  
    E3                                                0.000     0.000 r  clk100 (IN)
                         net (fo=0)                   0.000     0.000    clk100
    E3                   IBUF (Prop_ibuf_I_O)         0.438     0.438 r  clk100_IBUF_inst/O
                         net (fo=1, routed)           0.699     1.136    clk100_IBUF
    BUFGCTRL_X0Y16       BUFG (Prop_bufg_I_O)         0.029     1.165 r  clk100_IBUF_BUFG_inst/O
                         net (fo=9, routed)           0.903     2.068    main_crg_clkin
    PLLE2_ADV_X0Y0       PLLE2_ADV (Prop_plle2_adv_CLKIN1_CLKOUT3)
                                                      0.053     2.121 r  PLLE2_ADV/CLKOUT3
                         net (fo=1, routed)           0.716     2.837    main_crg_clkout3
    BUFGCTRL_X0Y2        BUFG (Prop_bufg_I_O)         0.029     2.866 r  BUFG_3/O
                         net (fo=8, routed)           0.862     3.728    idelay_clk
    SLICE_X86Y73         FDSE                                         r  main_crg_reset_counter_reg[0]/C
                         clock pessimism             -0.847     2.880    
    SLICE_X86Y73         FDSE (Hold_fdse_C_CE)       -0.039     2.841    main_crg_reset_counter_reg[0]
  -------------------------------------------------------------------
                         required time                         -2.841    
                         arrival time                           3.296    
  -------------------------------------------------------------------
                         slack                                  0.455    





Pulse Width Checks
--------------------------------------------------------------------------------------
Clock Name:         main_crg_clkout3
Waveform(ns):       { 0.000 2.500 }
Period(ns):         5.000
Sources:            { PLLE2_ADV/CLKOUT3 }

Check Type        Corner  Lib Pin            Reference Pin  Required(ns)  Actual(ns)  Slack(ns)  Location         Pin
Min Period        n/a     IDELAYCTRL/REFCLK  n/a            3.225         5.000       1.775      IDELAYCTRL_X1Y1  IDELAYCTRL/REFCLK
Min Period        n/a     BUFG/I             n/a            2.155         5.000       2.845      BUFGCTRL_X0Y2    BUFG_3/I
Min Period        n/a     PLLE2_ADV/CLKOUT3  n/a            1.249         5.000       3.751      PLLE2_ADV_X0Y0   PLLE2_ADV/CLKOUT3
Min Period        n/a     FDPE/C             n/a            1.000         5.000       4.000      SLICE_X86Y71     FDPE_6/C
Min Period        n/a     FDPE/C             n/a            1.000         5.000       4.000      SLICE_X86Y71     FDPE_7/C
Min Period        n/a     FDRE/C             n/a            1.000         5.000       4.000      SLICE_X86Y74     main_crg_ic_reset_reg/C
Min Period        n/a     FDSE/C             n/a            1.000         5.000       4.000      SLICE_X86Y73     main_crg_reset_counter_reg[0]/C
Min Period        n/a     FDSE/C             n/a            1.000         5.000       4.000      SLICE_X86Y73     main_crg_reset_counter_reg[1]/C
Min Period        n/a     FDSE/C             n/a            1.000         5.000       4.000      SLICE_X86Y73     main_crg_reset_counter_reg[2]/C
Min Period        n/a     FDSE/C             n/a            1.000         5.000       4.000      SLICE_X86Y73     main_crg_reset_counter_reg[3]/C
Max Period        n/a     IDELAYCTRL/REFCLK  n/a            5.264         5.000       0.264      IDELAYCTRL_X1Y1  IDELAYCTRL/REFCLK
Max Period        n/a     PLLE2_ADV/CLKOUT3  n/a            160.000       5.000       155.000    PLLE2_ADV_X0Y0   PLLE2_ADV/CLKOUT3
Low Pulse Width   Slow    FDPE/C             n/a            0.500         2.500       2.000      SLICE_X86Y71     FDPE_6/C
Low Pulse Width   Fast    FDPE/C             n/a            0.500         2.500       2.000      SLICE_X86Y71     FDPE_6/C
Low Pulse Width   Slow    FDPE/C             n/a            0.500         2.500       2.000      SLICE_X86Y71     FDPE_7/C
Low Pulse Width   Fast    FDPE/C             n/a            0.500         2.500       2.000      SLICE_X86Y71     FDPE_7/C
Low Pulse Width   Slow    FDRE/C             n/a            0.500         2.500       2.000      SLICE_X86Y74     main_crg_ic_reset_reg/C
Low Pulse Width   Fast    FDRE/C             n/a            0.500         2.500       2.000      SLICE_X86Y74     main_crg_ic_reset_reg/C
Low Pulse Width   Slow    FDSE/C             n/a            0.500         2.500       2.000      SLICE_X86Y73     main_crg_reset_counter_reg[0]/C
Low Pulse Width   Fast    FDSE/C             n/a            0.500         2.500       2.000      SLICE_X86Y73     main_crg_reset_counter_reg[0]/C
Low Pulse Width   Slow    FDSE/C             n/a            0.500         2.500       2.000      SLICE_X86Y73     main_crg_reset_counter_reg[1]/C
Low Pulse Width   Fast    FDSE/C             n/a            0.500         2.500       2.000      SLICE_X86Y73     main_crg_reset_counter_reg[1]/C
High Pulse Width  Slow    FDPE/C             n/a            0.500         2.500       2.000      SLICE_X86Y71     FDPE_6/C
High Pulse Width  Fast    FDPE/C             n/a            0.500         2.500       2.000      SLICE_X86Y71     FDPE_6/C
High Pulse Width  Slow    FDPE/C             n/a            0.500         2.500       2.000      SLICE_X86Y71     FDPE_7/C
High Pulse Width  Fast    FDPE/C             n/a            0.500         2.500       2.000      SLICE_X86Y71     FDPE_7/C
High Pulse Width  Slow    FDRE/C             n/a            0.500         2.500       2.000      SLICE_X86Y74     main_crg_ic_reset_reg/C
High Pulse Width  Fast    FDRE/C             n/a            0.500         2.500       2.000      SLICE_X86Y74     main_crg_ic_reset_reg/C
High Pulse Width  Slow    FDSE/C             n/a            0.500         2.500       2.000      SLICE_X86Y73     main_crg_reset_counter_reg[0]/C
High Pulse Width  Fast    FDSE/C             n/a            0.500         2.500       2.000      SLICE_X86Y73     main_crg_reset_counter_reg[0]/C
High Pulse Width  Slow    FDSE/C             n/a            0.500         2.500       2.000      SLICE_X86Y73     main_crg_reset_counter_reg[1]/C
High Pulse Width  Fast    FDSE/C             n/a            0.500         2.500       2.000      SLICE_X86Y73     main_crg_reset_counter_reg[1]/C



------------------------------------------------------------------------------------------------
| Data sheet
| ----------
------------------------------------------------------------------------------------------------

Input Ports Setup/Hold

----------+--------------+----------------+----------+---------------+---------+---------------+---------+------------------+
Reference | Input        | IO Reg         | Delay    |     Setup(ns) | Process |      Hold(ns) | Process | Internal         |
Clock     | Port         | Type           | Type     | to Clk (Edge) | Corner  | to Clk (Edge) | Corner  | Clock            |
----------+--------------+----------------+----------+---------------+---------+---------------+---------+------------------+
clk100    | cpu_reset    | FDCE           | -        |     0.393 (r) | FAST    |     1.633 (r) | SLOW    |                  |
clk100    | serial_rx    | FDRE           | -        |    -0.620 (r) | FAST    |     5.574 (r) | SLOW    | main_crg_clkout0 |
clk100    | ddram_dq[0]  | ISERDESE2 (IO) | VARIABLE |    -2.064 (r) | FAST    |     7.906 (r) | SLOW    | main_crg_clkout1 |
clk100    | ddram_dq[0]  | ISERDESE2 (IO) | VARIABLE |    -1.992 (f) | FAST    |     7.906 (f) | SLOW    | main_crg_clkout1 |
clk100    | ddram_dq[1]  | ISERDESE2 (IO) | VARIABLE |    -2.063 (r) | FAST    |     7.904 (r) | SLOW    | main_crg_clkout1 |
clk100    | ddram_dq[1]  | ISERDESE2 (IO) | VARIABLE |    -1.991 (f) | FAST    |     7.904 (f) | SLOW    | main_crg_clkout1 |
clk100    | ddram_dq[2]  | ISERDESE2 (IO) | VARIABLE |    -2.080 (r) | FAST    |     7.922 (r) | SLOW    | main_crg_clkout1 |
clk100    | ddram_dq[2]  | ISERDESE2 (IO) | VARIABLE |    -2.008 (f) | FAST    |     7.922 (f) | SLOW    | main_crg_clkout1 |
clk100    | ddram_dq[3]  | ISERDESE2 (IO) | VARIABLE |    -2.063 (r) | FAST    |     7.905 (r) | SLOW    | main_crg_clkout1 |
clk100    | ddram_dq[3]  | ISERDESE2 (IO) | VARIABLE |    -1.991 (f) | FAST    |     7.905 (f) | SLOW    | main_crg_clkout1 |
clk100    | ddram_dq[4]  | ISERDESE2 (IO) | VARIABLE |    -2.057 (r) | FAST    |     7.898 (r) | SLOW    | main_crg_clkout1 |
clk100    | ddram_dq[4]  | ISERDESE2 (IO) | VARIABLE |    -1.985 (f) | FAST    |     7.898 (f) | SLOW    | main_crg_clkout1 |
clk100    | ddram_dq[5]  | ISERDESE2 (IO) | VARIABLE |    -2.072 (r) | FAST    |     7.912 (r) | SLOW    | main_crg_clkout1 |
clk100    | ddram_dq[5]  | ISERDESE2 (IO) | VARIABLE |    -2.000 (f) | FAST    |     7.912 (f) | SLOW    | main_crg_clkout1 |
clk100    | ddram_dq[6]  | ISERDESE2 (IO) | VARIABLE |    -2.059 (r) | FAST    |     7.901 (r) | SLOW    | main_crg_clkout1 |
clk100    | ddram_dq[6]  | ISERDESE2 (IO) | VARIABLE |    -1.987 (f) | FAST    |     7.901 (f) | SLOW    | main_crg_clkout1 |
clk100    | ddram_dq[7]  | ISERDESE2 (IO) | VARIABLE |    -2.081 (r) | FAST    |     7.922 (r) | SLOW    | main_crg_clkout1 |
clk100    | ddram_dq[7]  | ISERDESE2 (IO) | VARIABLE |    -2.009 (f) | FAST    |     7.922 (f) | SLOW    | main_crg_clkout1 |
clk100    | ddram_dq[8]  | ISERDESE2 (IO) | VARIABLE |    -2.058 (r) | FAST    |     7.892 (r) | SLOW    | main_crg_clkout1 |
clk100    | ddram_dq[8]  | ISERDESE2 (IO) | VARIABLE |    -1.986 (f) | FAST    |     7.892 (f) | SLOW    | main_crg_clkout1 |
clk100    | ddram_dq[9]  | ISERDESE2 (IO) | VARIABLE |    -2.049 (r) | FAST    |     7.888 (r) | SLOW    | main_crg_clkout1 |
clk100    | ddram_dq[9]  | ISERDESE2 (IO) | VARIABLE |    -1.977 (f) | FAST    |     7.888 (f) | SLOW    | main_crg_clkout1 |
clk100    | ddram_dq[10] | ISERDESE2 (IO) | VARIABLE |    -2.051 (r) | FAST    |     7.886 (r) | SLOW    | main_crg_clkout1 |
clk100    | ddram_dq[10] | ISERDESE2 (IO) | VARIABLE |    -1.979 (f) | FAST    |     7.886 (f) | SLOW    | main_crg_clkout1 |
clk100    | ddram_dq[11] | ISERDESE2 (IO) | VARIABLE |    -2.044 (r) | FAST    |     7.883 (r) | SLOW    | main_crg_clkout1 |
clk100    | ddram_dq[11] | ISERDESE2 (IO) | VARIABLE |    -1.972 (f) | FAST    |     7.883 (f) | SLOW    | main_crg_clkout1 |
clk100    | ddram_dq[12] | ISERDESE2 (IO) | VARIABLE |    -2.040 (r) | FAST    |     7.875 (r) | SLOW    | main_crg_clkout1 |
clk100    | ddram_dq[12] | ISERDESE2 (IO) | VARIABLE |    -1.968 (f) | FAST    |     7.875 (f) | SLOW    | main_crg_clkout1 |
clk100    | ddram_dq[13] | ISERDESE2 (IO) | VARIABLE |    -2.063 (r) | FAST    |     7.897 (r) | SLOW    | main_crg_clkout1 |
clk100    | ddram_dq[13] | ISERDESE2 (IO) | VARIABLE |    -1.991 (f) | FAST    |     7.897 (f) | SLOW    | main_crg_clkout1 |
clk100    | ddram_dq[14] | ISERDESE2 (IO) | VARIABLE |    -2.051 (r) | FAST    |     7.891 (r) | SLOW    | main_crg_clkout1 |
clk100    | ddram_dq[14] | ISERDESE2 (IO) | VARIABLE |    -1.979 (f) | FAST    |     7.891 (f) | SLOW    | main_crg_clkout1 |
clk100    | ddram_dq[15] | ISERDESE2 (IO) | VARIABLE |    -2.064 (r) | FAST    |     7.899 (r) | SLOW    | main_crg_clkout1 |
clk100    | ddram_dq[15] | ISERDESE2 (IO) | VARIABLE |    -1.992 (f) | FAST    |     7.899 (f) | SLOW    | main_crg_clkout1 |
----------+--------------+----------------+----------+---------------+---------+---------------+---------+------------------+


Output Ports Clock-to-out

----------+----------------+----------------+-------+----------------+---------+----------------+---------+------------------+
Reference | Output         | IO Reg         | Delay | Max Clk (Edge) | Process | Min Clk (Edge) | Process | Internal         |
Clock     | Port           | Type           | Type  |    to port(ns) | Corner  |    to port(ns) | Corner  | Clock            |
----------+----------------+----------------+-------+----------------+---------+----------------+---------+------------------+
clk100    | ddram_dq[0]    | FDRE           | -     |     15.052 (r) | SLOW    |      4.164 (r) | FAST    | main_crg_clkout0 |
clk100    | ddram_dq[1]    | FDRE           | -     |     15.345 (r) | SLOW    |      4.292 (r) | FAST    | main_crg_clkout0 |
clk100    | ddram_dq[2]    | FDRE           | -     |     15.192 (r) | SLOW    |      4.208 (r) | FAST    | main_crg_clkout0 |
clk100    | ddram_dq[3]    | FDRE           | -     |     15.052 (r) | SLOW    |      4.166 (r) | FAST    | main_crg_clkout0 |
clk100    | ddram_dq[4]    | FDRE           | -     |     15.495 (r) | SLOW    |      4.362 (r) | FAST    | main_crg_clkout0 |
clk100    | ddram_dq[5]    | FDRE           | -     |     15.795 (r) | SLOW    |      4.477 (r) | FAST    | main_crg_clkout0 |
clk100    | ddram_dq[6]    | FDRE           | -     |     14.902 (r) | SLOW    |      4.105 (r) | FAST    | main_crg_clkout0 |
clk100    | ddram_dq[7]    | FDRE           | -     |     15.645 (r) | SLOW    |      4.403 (r) | FAST    | main_crg_clkout0 |
clk100    | ddram_dq[8]    | FDRE           | -     |     16.829 (r) | SLOW    |      4.937 (r) | FAST    | main_crg_clkout0 |
clk100    | ddram_dq[9]    | FDRE           | -     |     17.138 (r) | SLOW    |      5.106 (r) | FAST    | main_crg_clkout0 |
clk100    | ddram_dq[10]   | FDRE           | -     |     16.845 (r) | SLOW    |      4.975 (r) | FAST    | main_crg_clkout0 |
clk100    | ddram_dq[11]   | FDRE           | -     |     17.288 (r) | SLOW    |      5.175 (r) | FAST    | main_crg_clkout0 |
clk100    | ddram_dq[12]   | FDRE           | -     |     16.994 (r) | SLOW    |      5.043 (r) | FAST    | main_crg_clkout0 |
clk100    | ddram_dq[13]   | FDRE           | -     |     16.531 (r) | SLOW    |      4.807 (r) | FAST    | main_crg_clkout0 |
clk100    | ddram_dq[14]   | FDRE           | -     |     17.428 (r) | SLOW    |      5.223 (r) | FAST    | main_crg_clkout0 |
clk100    | ddram_dq[15]   | FDRE           | -     |     16.542 (r) | SLOW    |      4.826 (r) | FAST    | main_crg_clkout0 |
clk100    | ddram_dqs_n[0] | FDRE           | -     |     15.186 (r) | SLOW    |      4.206 (r) | FAST    | main_crg_clkout0 |
clk100    | ddram_dqs_n[1] | FDRE           | -     |     16.046 (r) | SLOW    |      4.536 (r) | FAST    | main_crg_clkout0 |
clk100    | ddram_dqs_p[0] | FDRE           | -     |     15.187 (r) | SLOW    |      4.208 (r) | FAST    | main_crg_clkout0 |
clk100    | ddram_dqs_p[1] | FDRE           | -     |     16.047 (r) | SLOW    |      4.536 (r) | FAST    | main_crg_clkout0 |
clk100    | serial_tx      | FDSE           | -     |     18.555 (r) | SLOW    |      5.885 (r) | FAST    | main_crg_clkout0 |
clk100    | ddram_a[0]     | OSERDESE2 (IO) | -     |     11.495 (r) | SLOW    |      3.445 (r) | FAST    | main_crg_clkout1 |
clk100    | ddram_a[1]     | OSERDESE2 (IO) | -     |     11.509 (r) | SLOW    |      3.462 (r) | FAST    | main_crg_clkout1 |
clk100    | ddram_a[2]     | OSERDESE2 (IO) | -     |     11.521 (r) | SLOW    |      3.468 (r) | FAST    | main_crg_clkout1 |
clk100    | ddram_a[3]     | OSERDESE2 (IO) | -     |     11.521 (r) | SLOW    |      3.469 (r) | FAST    | main_crg_clkout1 |
clk100    | ddram_a[4]     | OSERDESE2 (IO) | -     |     11.517 (r) | SLOW    |      3.463 (r) | FAST    | main_crg_clkout1 |
clk100    | ddram_a[5]     | OSERDESE2 (IO) | -     |     11.511 (r) | SLOW    |      3.465 (r) | FAST    | main_crg_clkout1 |
clk100    | ddram_a[6]     | OSERDESE2 (IO) | -     |     11.525 (r) | SLOW    |      3.471 (r) | FAST    | main_crg_clkout1 |
clk100    | ddram_a[7]     | OSERDESE2 (IO) | -     |     11.527 (r) | SLOW    |      3.472 (r) | FAST    | main_crg_clkout1 |
clk100    | ddram_a[8]     | OSERDESE2 (IO) | -     |     11.517 (r) | SLOW    |      3.464 (r) | FAST    | main_crg_clkout1 |
clk100    | ddram_a[9]     | OSERDESE2 (IO) | -     |     11.510 (r) | SLOW    |      3.464 (r) | FAST    | main_crg_clkout1 |
clk100    | ddram_a[10]    | OSERDESE2 (IO) | -     |     11.511 (r) | SLOW    |      3.464 (r) | FAST    | main_crg_clkout1 |
clk100    | ddram_a[11]    | OSERDESE2 (IO) | -     |     11.504 (r) | SLOW    |      3.451 (r) | FAST    | main_crg_clkout1 |
clk100    | ddram_a[12]    | OSERDESE2 (IO) | -     |     11.516 (r) | SLOW    |      3.464 (r) | FAST    | main_crg_clkout1 |
clk100    | ddram_ba[0]    | OSERDESE2 (IO) | -     |     11.515 (r) | SLOW    |      3.468 (r) | FAST    | main_crg_clkout1 |
clk100    | ddram_ba[1]    | OSERDESE2 (IO) | -     |     11.507 (r) | SLOW    |      3.460 (r) | FAST    | main_crg_clkout1 |
clk100    | ddram_ba[2]    | OSERDESE2 (IO) | -     |     11.519 (r) | SLOW    |      3.468 (r) | FAST    | main_crg_clkout1 |
clk100    | ddram_cas_n    | OSERDESE2 (IO) | -     |     11.536 (r) | SLOW    |      3.481 (r) | FAST    | main_crg_clkout1 |
clk100    | ddram_cke      | OSERDESE2 (IO) | -     |     11.528 (r) | SLOW    |      3.474 (r) | FAST    | main_crg_clkout1 |
clk100    | ddram_clk_n    | OSERDESE2 (IO) | -     |     11.598 (r) | SLOW    |      3.444 (r) | FAST    | main_crg_clkout1 |
clk100    | ddram_clk_p    | OSERDESE2 (IO) | -     |     11.611 (r) | SLOW    |      3.456 (r) | FAST    | main_crg_clkout1 |
clk100    | ddram_cs_n     | OSERDESE2 (IO) | -     |     11.485 (r) | SLOW    |      3.432 (r) | FAST    | main_crg_clkout1 |
clk100    | ddram_dm[0]    | OSERDESE2 (IO) | -     |     11.550 (r) | SLOW    |      3.495 (r) | FAST    | main_crg_clkout1 |
clk100    | ddram_dm[1]    | OSERDESE2 (IO) | -     |     11.552 (r) | SLOW    |      3.499 (r) | FAST    | main_crg_clkout1 |
clk100    | ddram_dq[0]    | OSERDESE2 (IO) | -     |     12.407 (r) | SLOW    |      3.185 (r) | FAST    | main_crg_clkout1 |
clk100    | ddram_dq[1]    | OSERDESE2 (IO) | -     |     12.405 (r) | SLOW    |      3.184 (r) | FAST    | main_crg_clkout1 |
clk100    | ddram_dq[2]    | OSERDESE2 (IO) | -     |     12.408 (r) | SLOW    |      3.171 (r) | FAST    | main_crg_clkout1 |
clk100    | ddram_dq[3]    | OSERDESE2 (IO) | -     |     12.406 (r) | SLOW    |      3.184 (r) | FAST    | main_crg_clkout1 |
clk100    | ddram_dq[4]    | OSERDESE2 (IO) | -     |     12.405 (r) | SLOW    |      3.190 (r) | FAST    | main_crg_clkout1 |
clk100    | ddram_dq[5]    | OSERDESE2 (IO) | -     |     12.405 (r) | SLOW    |      3.175 (r) | FAST    | main_crg_clkout1 |
clk100    | ddram_dq[6]    | OSERDESE2 (IO) | -     |     12.406 (r) | SLOW    |      3.187 (r) | FAST    | main_crg_clkout1 |
clk100    | ddram_dq[7]    | OSERDESE2 (IO) | -     |     12.405 (r) | SLOW    |      3.166 (r) | FAST    | main_crg_clkout1 |
clk100    | ddram_dq[8]    | OSERDESE2 (IO) | -     |     12.391 (r) | SLOW    |      3.174 (r) | FAST    | main_crg_clkout1 |
clk100    | ddram_dq[9]    | OSERDESE2 (IO) | -     |     12.401 (r) | SLOW    |      3.194 (r) | FAST    | main_crg_clkout1 |
clk100    | ddram_dq[10]   | OSERDESE2 (IO) | -     |     12.394 (r) | SLOW    |      3.185 (r) | FAST    | main_crg_clkout1 |
clk100    | ddram_dq[11]   | OSERDESE2 (IO) | -     |     12.401 (r) | SLOW    |      3.198 (r) | FAST    | main_crg_clkout1 |
clk100    | ddram_dq[12]   | OSERDESE2 (IO) | -     |     12.394 (r) | SLOW    |      3.197 (r) | FAST    | main_crg_clkout1 |
clk100    | ddram_dq[13]   | OSERDESE2 (IO) | -     |     12.391 (r) | SLOW    |      3.169 (r) | FAST    | main_crg_clkout1 |
clk100    | ddram_dq[14]   | OSERDESE2 (IO) | -     |     12.402 (r) | SLOW    |      3.191 (r) | FAST    | main_crg_clkout1 |
clk100    | ddram_dq[15]   | OSERDESE2 (IO) | -     |     12.393 (r) | SLOW    |      3.171 (r) | FAST    | main_crg_clkout1 |
clk100    | ddram_odt      | OSERDESE2 (IO) | -     |     11.521 (r) | SLOW    |      3.467 (r) | FAST    | main_crg_clkout1 |
clk100    | ddram_ras_n    | OSERDESE2 (IO) | -     |     11.506 (r) | SLOW    |      3.456 (r) | FAST    | main_crg_clkout1 |
clk100    | ddram_we_n     | OSERDESE2 (IO) | -     |     11.538 (r) | SLOW    |      3.483 (r) | FAST    | main_crg_clkout1 |
clk100    | ddram_dqs_n[0] | OSERDESE2 (IO) | -     |     13.655 (r) | SLOW    |      4.434 (r) | FAST    | main_crg_clkout2 |
clk100    | ddram_dqs_n[1] | OSERDESE2 (IO) | -     |     13.648 (r) | SLOW    |      4.432 (r) | FAST    | main_crg_clkout2 |
clk100    | ddram_dqs_p[0] | OSERDESE2 (IO) | -     |     13.656 (r) | SLOW    |      4.436 (r) | FAST    | main_crg_clkout2 |
clk100    | ddram_dqs_p[1] | OSERDESE2 (IO) | -     |     13.649 (r) | SLOW    |      4.432 (r) | FAST    | main_crg_clkout2 |
----------+----------------+----------------+-------+----------------+---------+----------------+---------+------------------+


Setup between Clocks

-------+-------------+---------------+---------+---------------+---------+---------------+---------+---------------+---------+
Source | Destination |  Src:Rise     | Process |  Src:Rise     | Process |  Src:Fall     | Process |  Src:Fall     | Process |
Clock  | Clock       | Dest:Rise(ns) | Corner  | Dest:Fall(ns) | Corner  | Dest:Rise(ns) | Corner  | Dest:Fall(ns) | Corner  |
-------+-------------+---------------+---------+---------------+---------+---------------+---------+---------------+---------+
clk100 | clk100      |        16.309 | SLOW    |               |         |               |         |               |         |
-------+-------------+---------------+---------+---------------+---------+---------------+---------+---------------+---------+


Setup / Hold times for input bus
Clocked by: clk100
Worst Case Data Window: 5.954 ns
Ideal Clock Offset to Actual Clock: 4.945 ns
-------------------+-------------+---------+-------------+---------+-----------+-----------+---------------+
                   |             | Process |             | Process | Setup     |  Hold     | Source Offset |
Source             |   Setup(ns) | Corner  |    Hold(ns) | Corner  | Slack(ns) | Slack(ns) | to Center(ns) |
-------------------+-------------+---------+-------------+---------+-----------+-----------+---------------+
ddram_dq[0]        |  -2.064 (r) | FAST    |   7.906 (r) | SLOW    |       inf |       inf |             - |
ddram_dq[0]        |  -1.992 (f) | FAST    |   7.906 (f) | SLOW    |       inf |       inf |             - |
ddram_dq[1]        |  -2.063 (r) | FAST    |   7.904 (r) | SLOW    |       inf |       inf |             - |
ddram_dq[1]        |  -1.991 (f) | FAST    |   7.904 (f) | SLOW    |       inf |       inf |             - |
ddram_dq[2]        |  -2.080 (r) | FAST    |   7.922 (r) | SLOW    |       inf |       inf |             - |
ddram_dq[2]        |  -2.008 (f) | FAST    |   7.922 (f) | SLOW    |       inf |       inf |             - |
ddram_dq[3]        |  -2.063 (r) | FAST    |   7.905 (r) | SLOW    |       inf |       inf |             - |
ddram_dq[3]        |  -1.991 (f) | FAST    |   7.905 (f) | SLOW    |       inf |       inf |             - |
ddram_dq[4]        |  -2.057 (r) | FAST    |   7.898 (r) | SLOW    |       inf |       inf |             - |
ddram_dq[4]        |  -1.985 (f) | FAST    |   7.898 (f) | SLOW    |       inf |       inf |             - |
ddram_dq[5]        |  -2.072 (r) | FAST    |   7.912 (r) | SLOW    |       inf |       inf |             - |
ddram_dq[5]        |  -2.000 (f) | FAST    |   7.912 (f) | SLOW    |       inf |       inf |             - |
ddram_dq[6]        |  -2.059 (r) | FAST    |   7.901 (r) | SLOW    |       inf |       inf |             - |
ddram_dq[6]        |  -1.987 (f) | FAST    |   7.901 (f) | SLOW    |       inf |       inf |             - |
ddram_dq[7]        |  -2.081 (r) | FAST    |   7.922 (r) | SLOW    |       inf |       inf |             - |
ddram_dq[7]        |  -2.009 (f) | FAST    |   7.922 (f) | SLOW    |       inf |       inf |             - |
ddram_dq[8]        |  -2.058 (r) | FAST    |   7.892 (r) | SLOW    |       inf |       inf |             - |
ddram_dq[8]        |  -1.986 (f) | FAST    |   7.892 (f) | SLOW    |       inf |       inf |             - |
ddram_dq[9]        |  -2.049 (r) | FAST    |   7.888 (r) | SLOW    |       inf |       inf |             - |
ddram_dq[9]        |  -1.977 (f) | FAST    |   7.888 (f) | SLOW    |       inf |       inf |             - |
ddram_dq[10]       |  -2.051 (r) | FAST    |   7.886 (r) | SLOW    |       inf |       inf |             - |
ddram_dq[10]       |  -1.979 (f) | FAST    |   7.886 (f) | SLOW    |       inf |       inf |             - |
ddram_dq[11]       |  -2.044 (r) | FAST    |   7.883 (r) | SLOW    |       inf |       inf |             - |
ddram_dq[11]       |  -1.972 (f) | FAST    |   7.883 (f) | SLOW    |       inf |       inf |             - |
ddram_dq[12]       |  -2.040 (r) | FAST    |   7.875 (r) | SLOW    |       inf |       inf |             - |
ddram_dq[12]       |  -1.968 (f) | FAST    |   7.875 (f) | SLOW    |       inf |       inf |             - |
ddram_dq[13]       |  -2.063 (r) | FAST    |   7.897 (r) | SLOW    |       inf |       inf |             - |
ddram_dq[13]       |  -1.991 (f) | FAST    |   7.897 (f) | SLOW    |       inf |       inf |             - |
ddram_dq[14]       |  -2.051 (r) | FAST    |   7.891 (r) | SLOW    |       inf |       inf |             - |
ddram_dq[14]       |  -1.979 (f) | FAST    |   7.891 (f) | SLOW    |       inf |       inf |             - |
ddram_dq[15]       |  -2.064 (r) | FAST    |   7.899 (r) | SLOW    |       inf |       inf |             - |
ddram_dq[15]       |  -1.992 (f) | FAST    |   7.899 (f) | SLOW    |       inf |       inf |             - |
-------------------+-------------+---------+-------------+---------+-----------+-----------+---------------+
Worst Case Summary |  -1.968 (f) | FAST    |   7.922 (r) | SLOW    |       inf |       inf |             - |
-------------------+-------------+---------+-------------+---------+-----------+-----------+---------------+



Max / Min delays for output bus
Clocked by: clk100
Bus Skew: 0.032 ns
-------------------+--------------+---------+-------------+---------+----------+
                   |      Max     | Process |     Min     | Process | Edge     |
Pad                |    Delay(ns) | Corner  |   Delay(ns) | Corner  | Skew(ns) |
-------------------+--------------+---------+-------------+---------+----------+
ddram_a[0]         |   11.495 (r) | SLOW    |   3.445 (r) | FAST    |    0.000 |
ddram_a[1]         |   11.509 (r) | SLOW    |   3.462 (r) | FAST    |    0.017 |
ddram_a[2]         |   11.521 (r) | SLOW    |   3.468 (r) | FAST    |    0.026 |
ddram_a[3]         |   11.521 (r) | SLOW    |   3.469 (r) | FAST    |    0.026 |
ddram_a[4]         |   11.517 (r) | SLOW    |   3.463 (r) | FAST    |    0.022 |
ddram_a[5]         |   11.511 (r) | SLOW    |   3.465 (r) | FAST    |    0.020 |
ddram_a[6]         |   11.525 (r) | SLOW    |   3.471 (r) | FAST    |    0.031 |
ddram_a[7]         |   11.527 (r) | SLOW    |   3.472 (r) | FAST    |    0.032 |
ddram_a[8]         |   11.517 (r) | SLOW    |   3.464 (r) | FAST    |    0.022 |
ddram_a[9]         |   11.510 (r) | SLOW    |   3.464 (r) | FAST    |    0.019 |
ddram_a[10]        |   11.511 (r) | SLOW    |   3.464 (r) | FAST    |    0.020 |
ddram_a[11]        |   11.504 (r) | SLOW    |   3.451 (r) | FAST    |    0.010 |
ddram_a[12]        |   11.516 (r) | SLOW    |   3.464 (r) | FAST    |    0.022 |
-------------------+--------------+---------+-------------+---------+----------+
Worst Case Summary |   11.527 (r) | SLOW    |   3.445 (r) | FAST    |    0.032 |
-------------------+--------------+---------+-------------+---------+----------+



Max / Min delays for output bus
Clocked by: clk100
Bus Skew: 0.012 ns
-------------------+--------------+---------+-------------+---------+----------+
                   |      Max     | Process |     Min     | Process | Edge     |
Pad                |    Delay(ns) | Corner  |   Delay(ns) | Corner  | Skew(ns) |
-------------------+--------------+---------+-------------+---------+----------+
ddram_ba[0]        |   11.515 (r) | SLOW    |   3.468 (r) | FAST    |    0.008 |
ddram_ba[1]        |   11.507 (r) | SLOW    |   3.460 (r) | FAST    |    0.000 |
ddram_ba[2]        |   11.519 (r) | SLOW    |   3.468 (r) | FAST    |    0.012 |
-------------------+--------------+---------+-------------+---------+----------+
Worst Case Summary |   11.519 (r) | SLOW    |   3.460 (r) | FAST    |    0.012 |
-------------------+--------------+---------+-------------+---------+----------+



Max / Min delays for output bus
Clocked by: clk100
Bus Skew: 0.004 ns
-------------------+--------------+---------+-------------+---------+----------+
                   |      Max     | Process |     Min     | Process | Edge     |
Pad                |    Delay(ns) | Corner  |   Delay(ns) | Corner  | Skew(ns) |
-------------------+--------------+---------+-------------+---------+----------+
ddram_dm[0]        |   11.550 (r) | SLOW    |   3.495 (r) | FAST    |    0.000 |
ddram_dm[1]        |   11.552 (r) | SLOW    |   3.499 (r) | FAST    |    0.004 |
-------------------+--------------+---------+-------------+---------+----------+
Worst Case Summary |   11.552 (r) | SLOW    |   3.495 (r) | FAST    |    0.004 |
-------------------+--------------+---------+-------------+---------+----------+



Max / Min delays for output bus
Clocked by: clk100
Bus Skew: 2.526 ns
-------------------+--------------+---------+-------------+---------+----------+
                   |      Max     | Process |     Min     | Process | Edge     |
Pad                |    Delay(ns) | Corner  |   Delay(ns) | Corner  | Skew(ns) |
-------------------+--------------+---------+-------------+---------+----------+
ddram_dq[0]        |   15.052 (r) | SLOW    |   3.185 (r) | FAST    |    0.150 |
ddram_dq[1]        |   15.345 (r) | SLOW    |   3.184 (r) | FAST    |    0.443 |
ddram_dq[2]        |   15.192 (r) | SLOW    |   3.171 (r) | FAST    |    0.290 |
ddram_dq[3]        |   15.052 (r) | SLOW    |   3.184 (r) | FAST    |    0.150 |
ddram_dq[4]        |   15.495 (r) | SLOW    |   3.190 (r) | FAST    |    0.593 |
ddram_dq[5]        |   15.795 (r) | SLOW    |   3.175 (r) | FAST    |    0.893 |
ddram_dq[6]        |   14.902 (r) | SLOW    |   3.187 (r) | FAST    |    0.021 |
ddram_dq[7]        |   15.645 (r) | SLOW    |   3.166 (r) | FAST    |    0.743 |
ddram_dq[8]        |   16.829 (r) | SLOW    |   3.174 (r) | FAST    |    1.927 |
ddram_dq[9]        |   17.138 (r) | SLOW    |   3.194 (r) | FAST    |    2.236 |
ddram_dq[10]       |   16.845 (r) | SLOW    |   3.185 (r) | FAST    |    1.943 |
ddram_dq[11]       |   17.288 (r) | SLOW    |   3.198 (r) | FAST    |    2.386 |
ddram_dq[12]       |   16.994 (r) | SLOW    |   3.197 (r) | FAST    |    2.092 |
ddram_dq[13]       |   16.531 (r) | SLOW    |   3.169 (r) | FAST    |    1.629 |
ddram_dq[14]       |   17.428 (r) | SLOW    |   3.191 (r) | FAST    |    2.526 |
ddram_dq[15]       |   16.542 (r) | SLOW    |   3.171 (r) | FAST    |    1.640 |
-------------------+--------------+---------+-------------+---------+----------+
Worst Case Summary |   17.428 (r) | SLOW    |   3.166 (r) | FAST    |    2.526 |
-------------------+--------------+---------+-------------+---------+----------+



Max / Min delays for output bus
Clocked by: clk100
Bus Skew: 0.861 ns
-------------------+--------------+---------+-------------+---------+----------+
                   |      Max     | Process |     Min     | Process | Edge     |
Pad                |    Delay(ns) | Corner  |   Delay(ns) | Corner  | Skew(ns) |
-------------------+--------------+---------+-------------+---------+----------+
ddram_dqs_n[0]     |   15.186 (r) | SLOW    |   4.206 (r) | FAST    |    0.000 |
ddram_dqs_n[1]     |   16.046 (r) | SLOW    |   4.432 (r) | FAST    |    0.860 |
ddram_dqs_p[0]     |   15.187 (r) | SLOW    |   4.208 (r) | FAST    |    0.002 |
ddram_dqs_p[1]     |   16.047 (r) | SLOW    |   4.432 (r) | FAST    |    0.861 |
-------------------+--------------+---------+-------------+---------+----------+
Worst Case Summary |   16.047 (r) | SLOW    |   4.206 (r) | FAST    |    0.861 |
-------------------+--------------+---------+-------------+---------+----------+




