Copyright 1986-2022 Xilinx, Inc. All Rights Reserved. Copyright 2022-2025 Advanced Micro Devices, Inc. All Rights Reserved.
---------------------------------------------------------------------------------------------------------------------------------------------
| Tool Version : Vivado v.2025.2 (win64) Build 6299465 Fri Nov 14 19:35:11 GMT 2025
| Date         : Mon May 11 11:02:15 2026
| Host         : DESKTOP-6JLD9LJ running 64-bit major release  (build 9200)
| Command      : report_timing_summary -datasheet -max_paths 10 -file digilent_nexys4ddr_timing.rpt
| Design       : digilent_nexys4ddr
| Device       : 7a100t-csg324
| Speed File   : -1  PRODUCTION 1.23 2018-06-13
| Design State : Physopt postRoute
---------------------------------------------------------------------------------------------------------------------------------------------

Timing Summary Report

------------------------------------------------------------------------------------------------
| Timer Settings
| --------------
------------------------------------------------------------------------------------------------

  Enable Multi Corner Analysis               :  Yes
  Enable Pessimism Removal                   :  Yes
  Pessimism Removal Resolution               :  Nearest Common Node
  Enable Input Delay Default Clock           :  No
  Enable Preset / Clear Arcs                 :  No
  Disable Flight Delays                      :  No
  Ignore I/O Paths                           :  No
  Timing Early Launch at Borrowing Latches   :  No
  Borrow Time for Max Delay Exceptions       :  Yes
  Merge Timing Exceptions                    :  Yes
  Inter-SLR Compensation                     :  Conservative

  Corner  Analyze    Analyze    
  Name    Max Paths  Min Paths  
  ------  ---------  ---------  
  Slow    Yes        Yes        
  Fast    Yes        Yes        


------------------------------------------------------------------------------------------------
| Report Methodology
| ------------------
------------------------------------------------------------------------------------------------

No report available as report_methodology has not been run prior. Run report_methodology on the current design for the summary of methodology violations.



check_timing report

Table of Contents
-----------------
1. checking no_clock (0)
2. checking constant_clock (0)
3. checking pulse_width_clock (0)
4. checking unconstrained_internal_endpoints (0)
5. checking no_input_delay (18)
6. checking no_output_delay (44)
7. checking multiple_clock (0)
8. checking generated_clocks (0)
9. checking loops (0)
10. checking partial_input_delay (0)
11. checking partial_output_delay (0)
12. checking latch_loops (0)

1. checking no_clock (0)
------------------------
 There are 0 register/latch pins with no clock.


2. checking constant_clock (0)
------------------------------
 There are 0 register/latch pins with constant_clock.


3. checking pulse_width_clock (0)
---------------------------------
 There are 0 register/latch pins which need pulse_width check


4. checking unconstrained_internal_endpoints (0)
------------------------------------------------
 There are 0 pins that are not constrained for maximum delay.

 There are 0 pins that are not constrained for maximum delay due to constant clock.


5. checking no_input_delay (18)
-------------------------------
 There are 18 input ports with no input delay specified. (HIGH)

 There are 0 input ports with no input delay but user has a false path constraint.


6. checking no_output_delay (44)
--------------------------------
 There are 44 ports with no output delay specified. (HIGH)

 There are 0 ports with no output delay but user has a false path constraint

 There are 0 ports with no output delay but with a timing clock defined on it or propagating through it


7. checking multiple_clock (0)
------------------------------
 There are 0 register/latch pins with multiple clocks.


8. checking generated_clocks (0)
--------------------------------
 There are 0 generated clocks that are not connected to a clock source.


9. checking loops (0)
---------------------
 There are 0 combinational loops in the design.


10. checking partial_input_delay (0)
------------------------------------
 There are 0 input ports with partial input delay specified.


11. checking partial_output_delay (0)
-------------------------------------
 There are 0 ports with partial output delay specified.


12. checking latch_loops (0)
----------------------------
 There are 0 combinational latch loops in the design through latch input



------------------------------------------------------------------------------------------------
| Design Timing Summary
| ---------------------
------------------------------------------------------------------------------------------------

    WNS(ns)      TNS(ns)  TNS Failing Endpoints  TNS Total Endpoints      WHS(ns)      THS(ns)  THS Failing Endpoints  THS Total Endpoints     WPWS(ns)     TPWS(ns)  TPWS Failing Endpoints  TPWS Total Endpoints  
    -------      -------  ---------------------  -------------------      -------      -------  ---------------------  -------------------     --------     --------  ----------------------  --------------------  
      1.237        0.000                      0                 9829        0.069        0.000                      0                 9829        0.264        0.000                       0                  3666  


All user specified timing constraints are met.


------------------------------------------------------------------------------------------------
| Clock Summary
| -------------
------------------------------------------------------------------------------------------------

Clock          Waveform(ns)         Period(ns)      Frequency(MHz)
-----          ------------         ----------      --------------
clk100         {0.000 5.000}        10.000          100.000         
  crg_clkout0  {0.000 6.667}        13.333          75.000          
  crg_clkout1  {0.000 3.333}        6.667           150.000         
  crg_clkout2  {1.667 5.000}        6.667           150.000         
  crg_clkout3  {0.000 2.500}        5.000           200.000         
  mmcm_fb      {0.000 5.000}        10.000          100.000         


------------------------------------------------------------------------------------------------
| Intra Clock Table
| -----------------
------------------------------------------------------------------------------------------------

Clock              WNS(ns)      TNS(ns)  TNS Failing Endpoints  TNS Total Endpoints      WHS(ns)      THS(ns)  THS Failing Endpoints  THS Total Endpoints     WPWS(ns)     TPWS(ns)  TPWS Failing Endpoints  TPWS Total Endpoints  
-----              -------      -------  ---------------------  -------------------      -------      -------  ---------------------  -------------------     --------     --------  ----------------------  --------------------  
clk100               8.707        0.000                      0                    7        0.180        0.000                      0                    7        3.000        0.000                       0                    10  
  crg_clkout0        1.237        0.000                      0                 9808        0.069        0.000                      0                 9808        5.417        0.000                       0                  3565  
  crg_clkout1                                                                                                                                                    4.511        0.000                       0                    75  
  crg_clkout2                                                                                                                                                    4.511        0.000                       0                     4  
  crg_clkout3        1.246        0.000                      0                   14        0.122        0.000                      0                   14        0.264        0.000                       0                    10  
  mmcm_fb                                                                                                                                                        8.751        0.000                       0                     2  


------------------------------------------------------------------------------------------------
| Inter Clock Table
| -----------------
------------------------------------------------------------------------------------------------

From Clock    To Clock          WNS(ns)      TNS(ns)  TNS Failing Endpoints  TNS Total Endpoints      WHS(ns)      THS(ns)  THS Failing Endpoints  THS Total Endpoints  
----------    --------          -------      -------  ---------------------  -------------------      -------      -------  ---------------------  -------------------  


------------------------------------------------------------------------------------------------
| Other Path Groups Table
| -----------------------
------------------------------------------------------------------------------------------------

Path Group    From Clock    To Clock          WNS(ns)      TNS(ns)  TNS Failing Endpoints  TNS Total Endpoints      WHS(ns)      THS(ns)  THS Failing Endpoints  THS Total Endpoints  
----------    ----------    --------          -------      -------  ---------------------  -------------------      -------      -------  ---------------------  -------------------  


------------------------------------------------------------------------------------------------
| Timing Details
| --------------
------------------------------------------------------------------------------------------------


---------------------------------------------------------------------------------------------------
From Clock:  clk100
  To Clock:  clk100

Setup :            0  Failing Endpoints,  Worst Slack        8.707ns,  Total Violation        0.000ns
Hold  :            0  Failing Endpoints,  Worst Slack        0.180ns,  Total Violation        0.000ns
PW    :            0  Failing Endpoints,  Worst Slack        3.000ns,  Total Violation        0.000ns
---------------------------------------------------------------------------------------------------


Max Delay Paths
--------------------------------------------------------------------------------------
Slack (MET) :             8.707ns  (required time - arrival time)
  Source:                 FDCE/C
                            (rising edge-triggered cell FDCE clocked by clk100  {rise@0.000ns fall@5.000ns period=10.000ns})
  Destination:            FDCE_1/D
                            (rising edge-triggered cell FDCE clocked by clk100  {rise@0.000ns fall@5.000ns period=10.000ns})
  Path Group:             clk100
  Path Type:              Setup (Max at Slow Process Corner)
  Requirement:            10.000ns  (clk100 rise@10.000ns - clk100 rise@0.000ns)
  Data Path Delay:        1.169ns  (logic 0.518ns (44.313%)  route 0.651ns (55.687%))
  Logic Levels:           0  
  Clock Path Skew:        -0.022ns (DCD - SCD + CPR)
    Destination Clock Delay (DCD):    6.855ns = ( 16.855 - 10.000 ) 
    Source Clock Delay      (SCD):    7.504ns
    Clock Pessimism Removal (CPR):    0.627ns
  Clock Uncertainty:      0.035ns  ((TSJ^2 + TIJ^2)^1/2 + DJ) / 2 + PE
    Total System Jitter     (TSJ):    0.071ns
    Total Input Jitter      (TIJ):    0.000ns
    Discrete Jitter          (DJ):    0.000ns
    Phase Error              (PE):    0.000ns

    Location             Delay type                Incr(ns)  Path(ns)    Netlist Resource(s)
  -------------------------------------------------------------------    -------------------
                         (clock clk100 rise edge)     0.000     0.000 r  
    E3                                                0.000     0.000 r  clk100 (IN)
                         net (fo=0)                   0.000     0.000    clk100
    E3                   IBUF (Prop_ibuf_I_O)         1.482     1.482 r  clk100_IBUF_inst/O
                         net (fo=1, routed)           2.025     3.506    clk100_IBUF
    BUFGCTRL_X0Y16       BUFG (Prop_bufg_I_O)         0.096     3.602 r  clk100_IBUF_BUFG_inst/O
                         net (fo=1, routed)           2.240     5.843    clk100_IBUF_BUFG
    SLICE_X36Y28         LUT1 (Prop_lut1_I0_O)        0.124     5.967 r  clk100_inst/O
                         net (fo=9, routed)           1.538     7.504    crg_clkin
    SLICE_X60Y47         FDCE                                         r  FDCE/C
  -------------------------------------------------------------------    -------------------
    SLICE_X60Y47         FDCE (Prop_fdce_C_Q)         0.518     8.022 r  FDCE/Q
                         net (fo=1, routed)           0.651     8.673    reset0
    SLICE_X61Y47         FDCE                                         r  FDCE_1/D
  -------------------------------------------------------------------    -------------------

                         (clock clk100 rise edge)    10.000    10.000 r  
    E3                                                0.000    10.000 r  clk100 (IN)
                         net (fo=0)                   0.000    10.000    clk100
    E3                   IBUF (Prop_ibuf_I_O)         1.411    11.411 r  clk100_IBUF_inst/O
                         net (fo=1, routed)           1.920    13.331    clk100_IBUF
    BUFGCTRL_X0Y16       BUFG (Prop_bufg_I_O)         0.091    13.422 r  clk100_IBUF_BUFG_inst/O
                         net (fo=1, routed)           2.028    15.450    clk100_IBUF_BUFG
    SLICE_X36Y28         LUT1 (Prop_lut1_I0_O)        0.100    15.550 r  clk100_inst/O
                         net (fo=9, routed)           1.305    16.855    crg_clkin
    SLICE_X61Y47         FDCE                                         r  FDCE_1/C
                         clock pessimism              0.627    17.482    
                         clock uncertainty           -0.035    17.447    
    SLICE_X61Y47         FDCE (Setup_fdce_C_D)       -0.067    17.380    FDCE_1
  -------------------------------------------------------------------
                         required time                         17.380    
                         arrival time                          -8.673    
  -------------------------------------------------------------------
                         slack                                  8.707    

Slack (MET) :             8.841ns  (required time - arrival time)
  Source:                 FDCE_3/C
                            (rising edge-triggered cell FDCE clocked by clk100  {rise@0.000ns fall@5.000ns period=10.000ns})
  Destination:            FDCE_4/D
                            (rising edge-triggered cell FDCE clocked by clk100  {rise@0.000ns fall@5.000ns period=10.000ns})
  Path Group:             clk100
  Path Type:              Setup (Max at Slow Process Corner)
  Requirement:            10.000ns  (clk100 rise@10.000ns - clk100 rise@0.000ns)
  Data Path Delay:        1.066ns  (logic 0.456ns (42.776%)  route 0.610ns (57.224%))
  Logic Levels:           0  
  Clock Path Skew:        0.000ns (DCD - SCD + CPR)
    Destination Clock Delay (DCD):    6.855ns = ( 16.855 - 10.000 ) 
    Source Clock Delay      (SCD):    7.504ns
    Clock Pessimism Removal (CPR):    0.649ns
  Clock Uncertainty:      0.035ns  ((TSJ^2 + TIJ^2)^1/2 + DJ) / 2 + PE
    Total System Jitter     (TSJ):    0.071ns
    Total Input Jitter      (TIJ):    0.000ns
    Discrete Jitter          (DJ):    0.000ns
    Phase Error              (PE):    0.000ns

    Location             Delay type                Incr(ns)  Path(ns)    Netlist Resource(s)
  -------------------------------------------------------------------    -------------------
                         (clock clk100 rise edge)     0.000     0.000 r  
    E3                                                0.000     0.000 r  clk100 (IN)
                         net (fo=0)                   0.000     0.000    clk100
    E3                   IBUF (Prop_ibuf_I_O)         1.482     1.482 r  clk100_IBUF_inst/O
                         net (fo=1, routed)           2.025     3.506    clk100_IBUF
    BUFGCTRL_X0Y16       BUFG (Prop_bufg_I_O)         0.096     3.602 r  clk100_IBUF_BUFG_inst/O
                         net (fo=1, routed)           2.240     5.843    clk100_IBUF_BUFG
    SLICE_X36Y28         LUT1 (Prop_lut1_I0_O)        0.124     5.967 r  clk100_inst/O
                         net (fo=9, routed)           1.538     7.504    crg_clkin
    SLICE_X61Y47         FDCE                                         r  FDCE_3/C
  -------------------------------------------------------------------    -------------------
    SLICE_X61Y47         FDCE (Prop_fdce_C_Q)         0.456     7.960 r  FDCE_3/Q
                         net (fo=1, routed)           0.610     8.570    reset3
    SLICE_X61Y47         FDCE                                         r  FDCE_4/D
  -------------------------------------------------------------------    -------------------

                         (clock clk100 rise edge)    10.000    10.000 r  
    E3                                                0.000    10.000 r  clk100 (IN)
                         net (fo=0)                   0.000    10.000    clk100
    E3                   IBUF (Prop_ibuf_I_O)         1.411    11.411 r  clk100_IBUF_inst/O
                         net (fo=1, routed)           1.920    13.331    clk100_IBUF
    BUFGCTRL_X0Y16       BUFG (Prop_bufg_I_O)         0.091    13.422 r  clk100_IBUF_BUFG_inst/O
                         net (fo=1, routed)           2.028    15.450    clk100_IBUF_BUFG
    SLICE_X36Y28         LUT1 (Prop_lut1_I0_O)        0.100    15.550 r  clk100_inst/O
                         net (fo=9, routed)           1.305    16.855    crg_clkin
    SLICE_X61Y47         FDCE                                         r  FDCE_4/C
                         clock pessimism              0.649    17.504    
                         clock uncertainty           -0.035    17.469    
    SLICE_X61Y47         FDCE (Setup_fdce_C_D)       -0.058    17.411    FDCE_4
  -------------------------------------------------------------------
                         required time                         17.411    
                         arrival time                          -8.570    
  -------------------------------------------------------------------
                         slack                                  8.841    

Slack (MET) :             8.843ns  (required time - arrival time)
  Source:                 FDCE_2/C
                            (rising edge-triggered cell FDCE clocked by clk100  {rise@0.000ns fall@5.000ns period=10.000ns})
  Destination:            FDCE_3/D
                            (rising edge-triggered cell FDCE clocked by clk100  {rise@0.000ns fall@5.000ns period=10.000ns})
  Path Group:             clk100
  Path Type:              Setup (Max at Slow Process Corner)
  Requirement:            10.000ns  (clk100 rise@10.000ns - clk100 rise@0.000ns)
  Data Path Delay:        1.061ns  (logic 0.456ns (42.978%)  route 0.605ns (57.022%))
  Logic Levels:           0  
  Clock Path Skew:        0.000ns (DCD - SCD + CPR)
    Destination Clock Delay (DCD):    6.855ns = ( 16.855 - 10.000 ) 
    Source Clock Delay      (SCD):    7.504ns
    Clock Pessimism Removal (CPR):    0.649ns
  Clock Uncertainty:      0.035ns  ((TSJ^2 + TIJ^2)^1/2 + DJ) / 2 + PE
    Total System Jitter     (TSJ):    0.071ns
    Total Input Jitter      (TIJ):    0.000ns
    Discrete Jitter          (DJ):    0.000ns
    Phase Error              (PE):    0.000ns

    Location             Delay type                Incr(ns)  Path(ns)    Netlist Resource(s)
  -------------------------------------------------------------------    -------------------
                         (clock clk100 rise edge)     0.000     0.000 r  
    E3                                                0.000     0.000 r  clk100 (IN)
                         net (fo=0)                   0.000     0.000    clk100
    E3                   IBUF (Prop_ibuf_I_O)         1.482     1.482 r  clk100_IBUF_inst/O
                         net (fo=1, routed)           2.025     3.506    clk100_IBUF
    BUFGCTRL_X0Y16       BUFG (Prop_bufg_I_O)         0.096     3.602 r  clk100_IBUF_BUFG_inst/O
                         net (fo=1, routed)           2.240     5.843    clk100_IBUF_BUFG
    SLICE_X36Y28         LUT1 (Prop_lut1_I0_O)        0.124     5.967 r  clk100_inst/O
                         net (fo=9, routed)           1.538     7.504    crg_clkin
    SLICE_X61Y47         FDCE                                         r  FDCE_2/C
  -------------------------------------------------------------------    -------------------
    SLICE_X61Y47         FDCE (Prop_fdce_C_Q)         0.456     7.960 r  FDCE_2/Q
                         net (fo=1, routed)           0.605     8.565    reset2
    SLICE_X61Y47         FDCE                                         r  FDCE_3/D
  -------------------------------------------------------------------    -------------------

                         (clock clk100 rise edge)    10.000    10.000 r  
    E3                                                0.000    10.000 r  clk100 (IN)
                         net (fo=0)                   0.000    10.000    clk100
    E3                   IBUF (Prop_ibuf_I_O)         1.411    11.411 r  clk100_IBUF_inst/O
                         net (fo=1, routed)           1.920    13.331    clk100_IBUF
    BUFGCTRL_X0Y16       BUFG (Prop_bufg_I_O)         0.091    13.422 r  clk100_IBUF_BUFG_inst/O
                         net (fo=1, routed)           2.028    15.450    clk100_IBUF_BUFG
    SLICE_X36Y28         LUT1 (Prop_lut1_I0_O)        0.100    15.550 r  clk100_inst/O
                         net (fo=9, routed)           1.305    16.855    crg_clkin
    SLICE_X61Y47         FDCE                                         r  FDCE_3/C
                         clock pessimism              0.649    17.504    
                         clock uncertainty           -0.035    17.469    
    SLICE_X61Y47         FDCE (Setup_fdce_C_D)       -0.061    17.408    FDCE_3
  -------------------------------------------------------------------
                         required time                         17.408    
                         arrival time                          -8.565    
  -------------------------------------------------------------------
                         slack                                  8.843    

Slack (MET) :             8.888ns  (required time - arrival time)
  Source:                 FDCE_5/C
                            (rising edge-triggered cell FDCE clocked by clk100  {rise@0.000ns fall@5.000ns period=10.000ns})
  Destination:            FDCE_6/D
                            (rising edge-triggered cell FDCE clocked by clk100  {rise@0.000ns fall@5.000ns period=10.000ns})
  Path Group:             clk100
  Path Type:              Setup (Max at Slow Process Corner)
  Requirement:            10.000ns  (clk100 rise@10.000ns - clk100 rise@0.000ns)
  Data Path Delay:        0.860ns  (logic 0.478ns (55.565%)  route 0.382ns (44.435%))
  Logic Levels:           0  
  Clock Path Skew:        0.000ns (DCD - SCD + CPR)
    Destination Clock Delay (DCD):    6.855ns = ( 16.855 - 10.000 ) 
    Source Clock Delay      (SCD):    7.504ns
    Clock Pessimism Removal (CPR):    0.649ns
  Clock Uncertainty:      0.035ns  ((TSJ^2 + TIJ^2)^1/2 + DJ) / 2 + PE
    Total System Jitter     (TSJ):    0.071ns
    Total Input Jitter      (TIJ):    0.000ns
    Discrete Jitter          (DJ):    0.000ns
    Phase Error              (PE):    0.000ns

    Location             Delay type                Incr(ns)  Path(ns)    Netlist Resource(s)
  -------------------------------------------------------------------    -------------------
                         (clock clk100 rise edge)     0.000     0.000 r  
    E3                                                0.000     0.000 r  clk100 (IN)
                         net (fo=0)                   0.000     0.000    clk100
    E3                   IBUF (Prop_ibuf_I_O)         1.482     1.482 r  clk100_IBUF_inst/O
                         net (fo=1, routed)           2.025     3.506    clk100_IBUF
    BUFGCTRL_X0Y16       BUFG (Prop_bufg_I_O)         0.096     3.602 r  clk100_IBUF_BUFG_inst/O
                         net (fo=1, routed)           2.240     5.843    clk100_IBUF_BUFG
    SLICE_X36Y28         LUT1 (Prop_lut1_I0_O)        0.124     5.967 r  clk100_inst/O
                         net (fo=9, routed)           1.538     7.504    crg_clkin
    SLICE_X60Y47         FDCE                                         r  FDCE_5/C
  -------------------------------------------------------------------    -------------------
    SLICE_X60Y47         FDCE (Prop_fdce_C_Q)         0.478     7.982 r  FDCE_5/Q
                         net (fo=1, routed)           0.382     8.364    reset5
    SLICE_X60Y47         FDCE                                         r  FDCE_6/D
  -------------------------------------------------------------------    -------------------

                         (clock clk100 rise edge)    10.000    10.000 r  
    E3                                                0.000    10.000 r  clk100 (IN)
                         net (fo=0)                   0.000    10.000    clk100
    E3                   IBUF (Prop_ibuf_I_O)         1.411    11.411 r  clk100_IBUF_inst/O
                         net (fo=1, routed)           1.920    13.331    clk100_IBUF
    BUFGCTRL_X0Y16       BUFG (Prop_bufg_I_O)         0.091    13.422 r  clk100_IBUF_BUFG_inst/O
                         net (fo=1, routed)           2.028    15.450    clk100_IBUF_BUFG
    SLICE_X36Y28         LUT1 (Prop_lut1_I0_O)        0.100    15.550 r  clk100_inst/O
                         net (fo=9, routed)           1.305    16.855    crg_clkin
    SLICE_X60Y47         FDCE                                         r  FDCE_6/C
                         clock pessimism              0.649    17.504    
                         clock uncertainty           -0.035    17.469    
    SLICE_X60Y47         FDCE (Setup_fdce_C_D)       -0.216    17.253    FDCE_6
  -------------------------------------------------------------------
                         required time                         17.253    
                         arrival time                          -8.364    
  -------------------------------------------------------------------
                         slack                                  8.888    

Slack (MET) :             8.899ns  (required time - arrival time)
  Source:                 FDCE_6/C
                            (rising edge-triggered cell FDCE clocked by clk100  {rise@0.000ns fall@5.000ns period=10.000ns})
  Destination:            FDCE_7/D
                            (rising edge-triggered cell FDCE clocked by clk100  {rise@0.000ns fall@5.000ns period=10.000ns})
  Path Group:             clk100
  Path Type:              Setup (Max at Slow Process Corner)
  Requirement:            10.000ns  (clk100 rise@10.000ns - clk100 rise@0.000ns)
  Data Path Delay:        1.037ns  (logic 0.518ns (49.939%)  route 0.519ns (50.061%))
  Logic Levels:           0  
  Clock Path Skew:        0.000ns (DCD - SCD + CPR)
    Destination Clock Delay (DCD):    6.855ns = ( 16.855 - 10.000 ) 
    Source Clock Delay      (SCD):    7.504ns
    Clock Pessimism Removal (CPR):    0.649ns
  Clock Uncertainty:      0.035ns  ((TSJ^2 + TIJ^2)^1/2 + DJ) / 2 + PE
    Total System Jitter     (TSJ):    0.071ns
    Total Input Jitter      (TIJ):    0.000ns
    Discrete Jitter          (DJ):    0.000ns
    Phase Error              (PE):    0.000ns

    Location             Delay type                Incr(ns)  Path(ns)    Netlist Resource(s)
  -------------------------------------------------------------------    -------------------
                         (clock clk100 rise edge)     0.000     0.000 r  
    E3                                                0.000     0.000 r  clk100 (IN)
                         net (fo=0)                   0.000     0.000    clk100
    E3                   IBUF (Prop_ibuf_I_O)         1.482     1.482 r  clk100_IBUF_inst/O
                         net (fo=1, routed)           2.025     3.506    clk100_IBUF
    BUFGCTRL_X0Y16       BUFG (Prop_bufg_I_O)         0.096     3.602 r  clk100_IBUF_BUFG_inst/O
                         net (fo=1, routed)           2.240     5.843    clk100_IBUF_BUFG
    SLICE_X36Y28         LUT1 (Prop_lut1_I0_O)        0.124     5.967 r  clk100_inst/O
                         net (fo=9, routed)           1.538     7.504    crg_clkin
    SLICE_X60Y47         FDCE                                         r  FDCE_6/C
  -------------------------------------------------------------------    -------------------
    SLICE_X60Y47         FDCE (Prop_fdce_C_Q)         0.518     8.022 r  FDCE_6/Q
                         net (fo=1, routed)           0.519     8.541    reset6
    SLICE_X60Y47         FDCE                                         r  FDCE_7/D
  -------------------------------------------------------------------    -------------------

                         (clock clk100 rise edge)    10.000    10.000 r  
    E3                                                0.000    10.000 r  clk100 (IN)
                         net (fo=0)                   0.000    10.000    clk100
    E3                   IBUF (Prop_ibuf_I_O)         1.411    11.411 r  clk100_IBUF_inst/O
                         net (fo=1, routed)           1.920    13.331    clk100_IBUF
    BUFGCTRL_X0Y16       BUFG (Prop_bufg_I_O)         0.091    13.422 r  clk100_IBUF_BUFG_inst/O
                         net (fo=1, routed)           2.028    15.450    clk100_IBUF_BUFG
    SLICE_X36Y28         LUT1 (Prop_lut1_I0_O)        0.100    15.550 r  clk100_inst/O
                         net (fo=9, routed)           1.305    16.855    crg_clkin
    SLICE_X60Y47         FDCE                                         r  FDCE_7/C
                         clock pessimism              0.649    17.504    
                         clock uncertainty           -0.035    17.469    
    SLICE_X60Y47         FDCE (Setup_fdce_C_D)       -0.028    17.441    FDCE_7
  -------------------------------------------------------------------
                         required time                         17.441    
                         arrival time                          -8.541    
  -------------------------------------------------------------------
                         slack                                  8.899    

Slack (MET) :             8.907ns  (required time - arrival time)
  Source:                 FDCE_1/C
                            (rising edge-triggered cell FDCE clocked by clk100  {rise@0.000ns fall@5.000ns period=10.000ns})
  Destination:            FDCE_2/D
                            (rising edge-triggered cell FDCE clocked by clk100  {rise@0.000ns fall@5.000ns period=10.000ns})
  Path Group:             clk100
  Path Type:              Setup (Max at Slow Process Corner)
  Requirement:            10.000ns  (clk100 rise@10.000ns - clk100 rise@0.000ns)
  Data Path Delay:        0.976ns  (logic 0.456ns (46.708%)  route 0.520ns (53.292%))
  Logic Levels:           0  
  Clock Path Skew:        0.000ns (DCD - SCD + CPR)
    Destination Clock Delay (DCD):    6.855ns = ( 16.855 - 10.000 ) 
    Source Clock Delay      (SCD):    7.504ns
    Clock Pessimism Removal (CPR):    0.649ns
  Clock Uncertainty:      0.035ns  ((TSJ^2 + TIJ^2)^1/2 + DJ) / 2 + PE
    Total System Jitter     (TSJ):    0.071ns
    Total Input Jitter      (TIJ):    0.000ns
    Discrete Jitter          (DJ):    0.000ns
    Phase Error              (PE):    0.000ns

    Location             Delay type                Incr(ns)  Path(ns)    Netlist Resource(s)
  -------------------------------------------------------------------    -------------------
                         (clock clk100 rise edge)     0.000     0.000 r  
    E3                                                0.000     0.000 r  clk100 (IN)
                         net (fo=0)                   0.000     0.000    clk100
    E3                   IBUF (Prop_ibuf_I_O)         1.482     1.482 r  clk100_IBUF_inst/O
                         net (fo=1, routed)           2.025     3.506    clk100_IBUF
    BUFGCTRL_X0Y16       BUFG (Prop_bufg_I_O)         0.096     3.602 r  clk100_IBUF_BUFG_inst/O
                         net (fo=1, routed)           2.240     5.843    clk100_IBUF_BUFG
    SLICE_X36Y28         LUT1 (Prop_lut1_I0_O)        0.124     5.967 r  clk100_inst/O
                         net (fo=9, routed)           1.538     7.504    crg_clkin
    SLICE_X61Y47         FDCE                                         r  FDCE_1/C
  -------------------------------------------------------------------    -------------------
    SLICE_X61Y47         FDCE (Prop_fdce_C_Q)         0.456     7.960 r  FDCE_1/Q
                         net (fo=1, routed)           0.520     8.480    reset1
    SLICE_X61Y47         FDCE                                         r  FDCE_2/D
  -------------------------------------------------------------------    -------------------

                         (clock clk100 rise edge)    10.000    10.000 r  
    E3                                                0.000    10.000 r  clk100 (IN)
                         net (fo=0)                   0.000    10.000    clk100
    E3                   IBUF (Prop_ibuf_I_O)         1.411    11.411 r  clk100_IBUF_inst/O
                         net (fo=1, routed)           1.920    13.331    clk100_IBUF
    BUFGCTRL_X0Y16       BUFG (Prop_bufg_I_O)         0.091    13.422 r  clk100_IBUF_BUFG_inst/O
                         net (fo=1, routed)           2.028    15.450    clk100_IBUF_BUFG
    SLICE_X36Y28         LUT1 (Prop_lut1_I0_O)        0.100    15.550 r  clk100_inst/O
                         net (fo=9, routed)           1.305    16.855    crg_clkin
    SLICE_X61Y47         FDCE                                         r  FDCE_2/C
                         clock pessimism              0.649    17.504    
                         clock uncertainty           -0.035    17.469    
    SLICE_X61Y47         FDCE (Setup_fdce_C_D)       -0.081    17.388    FDCE_2
  -------------------------------------------------------------------
                         required time                         17.388    
                         arrival time                          -8.480    
  -------------------------------------------------------------------
                         slack                                  8.907    

Slack (MET) :             9.139ns  (required time - arrival time)
  Source:                 FDCE_4/C
                            (rising edge-triggered cell FDCE clocked by clk100  {rise@0.000ns fall@5.000ns period=10.000ns})
  Destination:            FDCE_5/D
                            (rising edge-triggered cell FDCE clocked by clk100  {rise@0.000ns fall@5.000ns period=10.000ns})
  Path Group:             clk100
  Path Type:              Setup (Max at Slow Process Corner)
  Requirement:            10.000ns  (clk100 rise@10.000ns - clk100 rise@0.000ns)
  Data Path Delay:        0.788ns  (logic 0.456ns (57.868%)  route 0.332ns (42.132%))
  Logic Levels:           0  
  Clock Path Skew:        -0.022ns (DCD - SCD + CPR)
    Destination Clock Delay (DCD):    6.855ns = ( 16.855 - 10.000 ) 
    Source Clock Delay      (SCD):    7.504ns
    Clock Pessimism Removal (CPR):    0.627ns
  Clock Uncertainty:      0.035ns  ((TSJ^2 + TIJ^2)^1/2 + DJ) / 2 + PE
    Total System Jitter     (TSJ):    0.071ns
    Total Input Jitter      (TIJ):    0.000ns
    Discrete Jitter          (DJ):    0.000ns
    Phase Error              (PE):    0.000ns

    Location             Delay type                Incr(ns)  Path(ns)    Netlist Resource(s)
  -------------------------------------------------------------------    -------------------
                         (clock clk100 rise edge)     0.000     0.000 r  
    E3                                                0.000     0.000 r  clk100 (IN)
                         net (fo=0)                   0.000     0.000    clk100
    E3                   IBUF (Prop_ibuf_I_O)         1.482     1.482 r  clk100_IBUF_inst/O
                         net (fo=1, routed)           2.025     3.506    clk100_IBUF
    BUFGCTRL_X0Y16       BUFG (Prop_bufg_I_O)         0.096     3.602 r  clk100_IBUF_BUFG_inst/O
                         net (fo=1, routed)           2.240     5.843    clk100_IBUF_BUFG
    SLICE_X36Y28         LUT1 (Prop_lut1_I0_O)        0.124     5.967 r  clk100_inst/O
                         net (fo=9, routed)           1.538     7.504    crg_clkin
    SLICE_X61Y47         FDCE                                         r  FDCE_4/C
  -------------------------------------------------------------------    -------------------
    SLICE_X61Y47         FDCE (Prop_fdce_C_Q)         0.456     7.960 r  FDCE_4/Q
                         net (fo=1, routed)           0.332     8.292    reset4
    SLICE_X60Y47         FDCE                                         r  FDCE_5/D
  -------------------------------------------------------------------    -------------------

                         (clock clk100 rise edge)    10.000    10.000 r  
    E3                                                0.000    10.000 r  clk100 (IN)
                         net (fo=0)                   0.000    10.000    clk100
    E3                   IBUF (Prop_ibuf_I_O)         1.411    11.411 r  clk100_IBUF_inst/O
                         net (fo=1, routed)           1.920    13.331    clk100_IBUF
    BUFGCTRL_X0Y16       BUFG (Prop_bufg_I_O)         0.091    13.422 r  clk100_IBUF_BUFG_inst/O
                         net (fo=1, routed)           2.028    15.450    clk100_IBUF_BUFG
    SLICE_X36Y28         LUT1 (Prop_lut1_I0_O)        0.100    15.550 r  clk100_inst/O
                         net (fo=9, routed)           1.305    16.855    crg_clkin
    SLICE_X60Y47         FDCE                                         r  FDCE_5/C
                         clock pessimism              0.627    17.482    
                         clock uncertainty           -0.035    17.447    
    SLICE_X60Y47         FDCE (Setup_fdce_C_D)       -0.016    17.431    FDCE_5
  -------------------------------------------------------------------
                         required time                         17.431    
                         arrival time                          -8.292    
  -------------------------------------------------------------------
                         slack                                  9.139    





Min Delay Paths
--------------------------------------------------------------------------------------
Slack (MET) :             0.180ns  (arrival time - required time)
  Source:                 FDCE_4/C
                            (rising edge-triggered cell FDCE clocked by clk100  {rise@0.000ns fall@5.000ns period=10.000ns})
  Destination:            FDCE_5/D
                            (rising edge-triggered cell FDCE clocked by clk100  {rise@0.000ns fall@5.000ns period=10.000ns})
  Path Group:             clk100
  Path Type:              Hold (Min at Fast Process Corner)
  Requirement:            0.000ns  (clk100 rise@0.000ns - clk100 rise@0.000ns)
  Data Path Delay:        0.253ns  (logic 0.141ns (55.730%)  route 0.112ns (44.270%))
  Logic Levels:           0  
  Clock Path Skew:        0.013ns (DCD - SCD - CPR)
    Destination Clock Delay (DCD):    3.019ns
    Source Clock Delay      (SCD):    2.356ns
    Clock Pessimism Removal (CPR):    0.650ns

    Location             Delay type                Incr(ns)  Path(ns)    Netlist Resource(s)
  -------------------------------------------------------------------    -------------------
                         (clock clk100 rise edge)     0.000     0.000 r  
    E3                                                0.000     0.000 r  clk100 (IN)
                         net (fo=0)                   0.000     0.000    clk100
    E3                   IBUF (Prop_ibuf_I_O)         0.250     0.250 r  clk100_IBUF_inst/O
                         net (fo=1, routed)           0.644     0.894    clk100_IBUF
    BUFGCTRL_X0Y16       BUFG (Prop_bufg_I_O)         0.026     0.920 r  clk100_IBUF_BUFG_inst/O
                         net (fo=1, routed)           0.776     1.696    clk100_IBUF_BUFG
    SLICE_X36Y28         LUT1 (Prop_lut1_I0_O)        0.045     1.741 r  clk100_inst/O
                         net (fo=9, routed)           0.616     2.356    crg_clkin
    SLICE_X61Y47         FDCE                                         r  FDCE_4/C
  -------------------------------------------------------------------    -------------------
    SLICE_X61Y47         FDCE (Prop_fdce_C_Q)         0.141     2.497 r  FDCE_4/Q
                         net (fo=1, routed)           0.112     2.609    reset4
    SLICE_X60Y47         FDCE                                         r  FDCE_5/D
  -------------------------------------------------------------------    -------------------

                         (clock clk100 rise edge)     0.000     0.000 r  
    E3                                                0.000     0.000 r  clk100 (IN)
                         net (fo=0)                   0.000     0.000    clk100
    E3                   IBUF (Prop_ibuf_I_O)         0.438     0.438 r  clk100_IBUF_inst/O
                         net (fo=1, routed)           0.699     1.136    clk100_IBUF
    BUFGCTRL_X0Y16       BUFG (Prop_bufg_I_O)         0.029     1.165 r  clk100_IBUF_BUFG_inst/O
                         net (fo=1, routed)           1.077     2.243    clk100_IBUF_BUFG
    SLICE_X36Y28         LUT1 (Prop_lut1_I0_O)        0.056     2.299 r  clk100_inst/O
                         net (fo=9, routed)           0.721     3.019    crg_clkin
    SLICE_X60Y47         FDCE                                         r  FDCE_5/C
                         clock pessimism             -0.650     2.369    
    SLICE_X60Y47         FDCE (Hold_fdce_C_D)         0.060     2.429    FDCE_5
  -------------------------------------------------------------------
                         required time                         -2.429    
                         arrival time                           2.609    
  -------------------------------------------------------------------
                         slack                                  0.180    

Slack (MET) :             0.245ns  (arrival time - required time)
  Source:                 FDCE_1/C
                            (rising edge-triggered cell FDCE clocked by clk100  {rise@0.000ns fall@5.000ns period=10.000ns})
  Destination:            FDCE_2/D
                            (rising edge-triggered cell FDCE clocked by clk100  {rise@0.000ns fall@5.000ns period=10.000ns})
  Path Group:             clk100
  Path Type:              Hold (Min at Fast Process Corner)
  Requirement:            0.000ns  (clk100 rise@0.000ns - clk100 rise@0.000ns)
  Data Path Delay:        0.311ns  (logic 0.141ns (45.298%)  route 0.170ns (54.702%))
  Logic Levels:           0  
  Clock Path Skew:        0.000ns (DCD - SCD - CPR)
    Destination Clock Delay (DCD):    3.019ns
    Source Clock Delay      (SCD):    2.356ns
    Clock Pessimism Removal (CPR):    0.663ns

    Location             Delay type                Incr(ns)  Path(ns)    Netlist Resource(s)
  -------------------------------------------------------------------    -------------------
                         (clock clk100 rise edge)     0.000     0.000 r  
    E3                                                0.000     0.000 r  clk100 (IN)
                         net (fo=0)                   0.000     0.000    clk100
    E3                   IBUF (Prop_ibuf_I_O)         0.250     0.250 r  clk100_IBUF_inst/O
                         net (fo=1, routed)           0.644     0.894    clk100_IBUF
    BUFGCTRL_X0Y16       BUFG (Prop_bufg_I_O)         0.026     0.920 r  clk100_IBUF_BUFG_inst/O
                         net (fo=1, routed)           0.776     1.696    clk100_IBUF_BUFG
    SLICE_X36Y28         LUT1 (Prop_lut1_I0_O)        0.045     1.741 r  clk100_inst/O
                         net (fo=9, routed)           0.616     2.356    crg_clkin
    SLICE_X61Y47         FDCE                                         r  FDCE_1/C
  -------------------------------------------------------------------    -------------------
    SLICE_X61Y47         FDCE (Prop_fdce_C_Q)         0.141     2.497 r  FDCE_1/Q
                         net (fo=1, routed)           0.170     2.668    reset1
    SLICE_X61Y47         FDCE                                         r  FDCE_2/D
  -------------------------------------------------------------------    -------------------

                         (clock clk100 rise edge)     0.000     0.000 r  
    E3                                                0.000     0.000 r  clk100 (IN)
                         net (fo=0)                   0.000     0.000    clk100
    E3                   IBUF (Prop_ibuf_I_O)         0.438     0.438 r  clk100_IBUF_inst/O
                         net (fo=1, routed)           0.699     1.136    clk100_IBUF
    BUFGCTRL_X0Y16       BUFG (Prop_bufg_I_O)         0.029     1.165 r  clk100_IBUF_BUFG_inst/O
                         net (fo=1, routed)           1.077     2.243    clk100_IBUF_BUFG
    SLICE_X36Y28         LUT1 (Prop_lut1_I0_O)        0.056     2.299 r  clk100_inst/O
                         net (fo=9, routed)           0.721     3.019    crg_clkin
    SLICE_X61Y47         FDCE                                         r  FDCE_2/C
                         clock pessimism             -0.663     2.356    
    SLICE_X61Y47         FDCE (Hold_fdce_C_D)         0.066     2.422    FDCE_2
  -------------------------------------------------------------------
                         required time                         -2.422    
                         arrival time                           2.668    
  -------------------------------------------------------------------
                         slack                                  0.245    

Slack (MET) :             0.268ns  (arrival time - required time)
  Source:                 FDCE_5/C
                            (rising edge-triggered cell FDCE clocked by clk100  {rise@0.000ns fall@5.000ns period=10.000ns})
  Destination:            FDCE_6/D
                            (rising edge-triggered cell FDCE clocked by clk100  {rise@0.000ns fall@5.000ns period=10.000ns})
  Path Group:             clk100
  Path Type:              Hold (Min at Fast Process Corner)
  Requirement:            0.000ns  (clk100 rise@0.000ns - clk100 rise@0.000ns)
  Data Path Delay:        0.267ns  (logic 0.148ns (55.377%)  route 0.119ns (44.623%))
  Logic Levels:           0  
  Clock Path Skew:        0.000ns (DCD - SCD - CPR)
    Destination Clock Delay (DCD):    3.019ns
    Source Clock Delay      (SCD):    2.356ns
    Clock Pessimism Removal (CPR):    0.663ns

    Location             Delay type                Incr(ns)  Path(ns)    Netlist Resource(s)
  -------------------------------------------------------------------    -------------------
                         (clock clk100 rise edge)     0.000     0.000 r  
    E3                                                0.000     0.000 r  clk100 (IN)
                         net (fo=0)                   0.000     0.000    clk100
    E3                   IBUF (Prop_ibuf_I_O)         0.250     0.250 r  clk100_IBUF_inst/O
                         net (fo=1, routed)           0.644     0.894    clk100_IBUF
    BUFGCTRL_X0Y16       BUFG (Prop_bufg_I_O)         0.026     0.920 r  clk100_IBUF_BUFG_inst/O
                         net (fo=1, routed)           0.776     1.696    clk100_IBUF_BUFG
    SLICE_X36Y28         LUT1 (Prop_lut1_I0_O)        0.045     1.741 r  clk100_inst/O
                         net (fo=9, routed)           0.616     2.356    crg_clkin
    SLICE_X60Y47         FDCE                                         r  FDCE_5/C
  -------------------------------------------------------------------    -------------------
    SLICE_X60Y47         FDCE (Prop_fdce_C_Q)         0.148     2.504 r  FDCE_5/Q
                         net (fo=1, routed)           0.119     2.624    reset5
    SLICE_X60Y47         FDCE                                         r  FDCE_6/D
  -------------------------------------------------------------------    -------------------

                         (clock clk100 rise edge)     0.000     0.000 r  
    E3                                                0.000     0.000 r  clk100 (IN)
                         net (fo=0)                   0.000     0.000    clk100
    E3                   IBUF (Prop_ibuf_I_O)         0.438     0.438 r  clk100_IBUF_inst/O
                         net (fo=1, routed)           0.699     1.136    clk100_IBUF
    BUFGCTRL_X0Y16       BUFG (Prop_bufg_I_O)         0.029     1.165 r  clk100_IBUF_BUFG_inst/O
                         net (fo=1, routed)           1.077     2.243    clk100_IBUF_BUFG
    SLICE_X36Y28         LUT1 (Prop_lut1_I0_O)        0.056     2.299 r  clk100_inst/O
                         net (fo=9, routed)           0.721     3.019    crg_clkin
    SLICE_X60Y47         FDCE                                         r  FDCE_6/C
                         clock pessimism             -0.663     2.356    
    SLICE_X60Y47         FDCE (Hold_fdce_C_D)        -0.001     2.355    FDCE_6
  -------------------------------------------------------------------
                         required time                         -2.355    
                         arrival time                           2.624    
  -------------------------------------------------------------------
                         slack                                  0.268    

Slack (MET) :             0.270ns  (arrival time - required time)
  Source:                 FDCE_3/C
                            (rising edge-triggered cell FDCE clocked by clk100  {rise@0.000ns fall@5.000ns period=10.000ns})
  Destination:            FDCE_4/D
                            (rising edge-triggered cell FDCE clocked by clk100  {rise@0.000ns fall@5.000ns period=10.000ns})
  Path Group:             clk100
  Path Type:              Hold (Min at Fast Process Corner)
  Requirement:            0.000ns  (clk100 rise@0.000ns - clk100 rise@0.000ns)
  Data Path Delay:        0.342ns  (logic 0.141ns (41.226%)  route 0.201ns (58.774%))
  Logic Levels:           0  
  Clock Path Skew:        0.000ns (DCD - SCD - CPR)
    Destination Clock Delay (DCD):    3.019ns
    Source Clock Delay      (SCD):    2.356ns
    Clock Pessimism Removal (CPR):    0.663ns

    Location             Delay type                Incr(ns)  Path(ns)    Netlist Resource(s)
  -------------------------------------------------------------------    -------------------
                         (clock clk100 rise edge)     0.000     0.000 r  
    E3                                                0.000     0.000 r  clk100 (IN)
                         net (fo=0)                   0.000     0.000    clk100
    E3                   IBUF (Prop_ibuf_I_O)         0.250     0.250 r  clk100_IBUF_inst/O
                         net (fo=1, routed)           0.644     0.894    clk100_IBUF
    BUFGCTRL_X0Y16       BUFG (Prop_bufg_I_O)         0.026     0.920 r  clk100_IBUF_BUFG_inst/O
                         net (fo=1, routed)           0.776     1.696    clk100_IBUF_BUFG
    SLICE_X36Y28         LUT1 (Prop_lut1_I0_O)        0.045     1.741 r  clk100_inst/O
                         net (fo=9, routed)           0.616     2.356    crg_clkin
    SLICE_X61Y47         FDCE                                         r  FDCE_3/C
  -------------------------------------------------------------------    -------------------
    SLICE_X61Y47         FDCE (Prop_fdce_C_Q)         0.141     2.497 r  FDCE_3/Q
                         net (fo=1, routed)           0.201     2.698    reset3
    SLICE_X61Y47         FDCE                                         r  FDCE_4/D
  -------------------------------------------------------------------    -------------------

                         (clock clk100 rise edge)     0.000     0.000 r  
    E3                                                0.000     0.000 r  clk100 (IN)
                         net (fo=0)                   0.000     0.000    clk100
    E3                   IBUF (Prop_ibuf_I_O)         0.438     0.438 r  clk100_IBUF_inst/O
                         net (fo=1, routed)           0.699     1.136    clk100_IBUF
    BUFGCTRL_X0Y16       BUFG (Prop_bufg_I_O)         0.029     1.165 r  clk100_IBUF_BUFG_inst/O
                         net (fo=1, routed)           1.077     2.243    clk100_IBUF_BUFG
    SLICE_X36Y28         LUT1 (Prop_lut1_I0_O)        0.056     2.299 r  clk100_inst/O
                         net (fo=9, routed)           0.721     3.019    crg_clkin
    SLICE_X61Y47         FDCE                                         r  FDCE_4/C
                         clock pessimism             -0.663     2.356    
    SLICE_X61Y47         FDCE (Hold_fdce_C_D)         0.072     2.428    FDCE_4
  -------------------------------------------------------------------
                         required time                         -2.428    
                         arrival time                           2.698    
  -------------------------------------------------------------------
                         slack                                  0.270    

Slack (MET) :             0.271ns  (arrival time - required time)
  Source:                 FDCE_6/C
                            (rising edge-triggered cell FDCE clocked by clk100  {rise@0.000ns fall@5.000ns period=10.000ns})
  Destination:            FDCE_7/D
                            (rising edge-triggered cell FDCE clocked by clk100  {rise@0.000ns fall@5.000ns period=10.000ns})
  Path Group:             clk100
  Path Type:              Hold (Min at Fast Process Corner)
  Requirement:            0.000ns  (clk100 rise@0.000ns - clk100 rise@0.000ns)
  Data Path Delay:        0.334ns  (logic 0.164ns (49.062%)  route 0.170ns (50.938%))
  Logic Levels:           0  
  Clock Path Skew:        0.000ns (DCD - SCD - CPR)
    Destination Clock Delay (DCD):    3.019ns
    Source Clock Delay      (SCD):    2.356ns
    Clock Pessimism Removal (CPR):    0.663ns

    Location             Delay type                Incr(ns)  Path(ns)    Netlist Resource(s)
  -------------------------------------------------------------------    -------------------
                         (clock clk100 rise edge)     0.000     0.000 r  
    E3                                                0.000     0.000 r  clk100 (IN)
                         net (fo=0)                   0.000     0.000    clk100
    E3                   IBUF (Prop_ibuf_I_O)         0.250     0.250 r  clk100_IBUF_inst/O
                         net (fo=1, routed)           0.644     0.894    clk100_IBUF
    BUFGCTRL_X0Y16       BUFG (Prop_bufg_I_O)         0.026     0.920 r  clk100_IBUF_BUFG_inst/O
                         net (fo=1, routed)           0.776     1.696    clk100_IBUF_BUFG
    SLICE_X36Y28         LUT1 (Prop_lut1_I0_O)        0.045     1.741 r  clk100_inst/O
                         net (fo=9, routed)           0.616     2.356    crg_clkin
    SLICE_X60Y47         FDCE                                         r  FDCE_6/C
  -------------------------------------------------------------------    -------------------
    SLICE_X60Y47         FDCE (Prop_fdce_C_Q)         0.164     2.520 r  FDCE_6/Q
                         net (fo=1, routed)           0.170     2.691    reset6
    SLICE_X60Y47         FDCE                                         r  FDCE_7/D
  -------------------------------------------------------------------    -------------------

                         (clock clk100 rise edge)     0.000     0.000 r  
    E3                                                0.000     0.000 r  clk100 (IN)
                         net (fo=0)                   0.000     0.000    clk100
    E3                   IBUF (Prop_ibuf_I_O)         0.438     0.438 r  clk100_IBUF_inst/O
                         net (fo=1, routed)           0.699     1.136    clk100_IBUF
    BUFGCTRL_X0Y16       BUFG (Prop_bufg_I_O)         0.029     1.165 r  clk100_IBUF_BUFG_inst/O
                         net (fo=1, routed)           1.077     2.243    clk100_IBUF_BUFG
    SLICE_X36Y28         LUT1 (Prop_lut1_I0_O)        0.056     2.299 r  clk100_inst/O
                         net (fo=9, routed)           0.721     3.019    crg_clkin
    SLICE_X60Y47         FDCE                                         r  FDCE_7/C
                         clock pessimism             -0.663     2.356    
    SLICE_X60Y47         FDCE (Hold_fdce_C_D)         0.063     2.419    FDCE_7
  -------------------------------------------------------------------
                         required time                         -2.419    
                         arrival time                           2.691    
  -------------------------------------------------------------------
                         slack                                  0.271    

Slack (MET) :             0.272ns  (arrival time - required time)
  Source:                 FDCE_2/C
                            (rising edge-triggered cell FDCE clocked by clk100  {rise@0.000ns fall@5.000ns period=10.000ns})
  Destination:            FDCE_3/D
                            (rising edge-triggered cell FDCE clocked by clk100  {rise@0.000ns fall@5.000ns period=10.000ns})
  Path Group:             clk100
  Path Type:              Hold (Min at Fast Process Corner)
  Requirement:            0.000ns  (clk100 rise@0.000ns - clk100 rise@0.000ns)
  Data Path Delay:        0.342ns  (logic 0.141ns (41.226%)  route 0.201ns (58.774%))
  Logic Levels:           0  
  Clock Path Skew:        0.000ns (DCD - SCD - CPR)
    Destination Clock Delay (DCD):    3.019ns
    Source Clock Delay      (SCD):    2.356ns
    Clock Pessimism Removal (CPR):    0.663ns

    Location             Delay type                Incr(ns)  Path(ns)    Netlist Resource(s)
  -------------------------------------------------------------------    -------------------
                         (clock clk100 rise edge)     0.000     0.000 r  
    E3                                                0.000     0.000 r  clk100 (IN)
                         net (fo=0)                   0.000     0.000    clk100
    E3                   IBUF (Prop_ibuf_I_O)         0.250     0.250 r  clk100_IBUF_inst/O
                         net (fo=1, routed)           0.644     0.894    clk100_IBUF
    BUFGCTRL_X0Y16       BUFG (Prop_bufg_I_O)         0.026     0.920 r  clk100_IBUF_BUFG_inst/O
                         net (fo=1, routed)           0.776     1.696    clk100_IBUF_BUFG
    SLICE_X36Y28         LUT1 (Prop_lut1_I0_O)        0.045     1.741 r  clk100_inst/O
                         net (fo=9, routed)           0.616     2.356    crg_clkin
    SLICE_X61Y47         FDCE                                         r  FDCE_2/C
  -------------------------------------------------------------------    -------------------
    SLICE_X61Y47         FDCE (Prop_fdce_C_Q)         0.141     2.497 r  FDCE_2/Q
                         net (fo=1, routed)           0.201     2.698    reset2
    SLICE_X61Y47         FDCE                                         r  FDCE_3/D
  -------------------------------------------------------------------    -------------------

                         (clock clk100 rise edge)     0.000     0.000 r  
    E3                                                0.000     0.000 r  clk100 (IN)
                         net (fo=0)                   0.000     0.000    clk100
    E3                   IBUF (Prop_ibuf_I_O)         0.438     0.438 r  clk100_IBUF_inst/O
                         net (fo=1, routed)           0.699     1.136    clk100_IBUF
    BUFGCTRL_X0Y16       BUFG (Prop_bufg_I_O)         0.029     1.165 r  clk100_IBUF_BUFG_inst/O
                         net (fo=1, routed)           1.077     2.243    clk100_IBUF_BUFG
    SLICE_X36Y28         LUT1 (Prop_lut1_I0_O)        0.056     2.299 r  clk100_inst/O
                         net (fo=9, routed)           0.721     3.019    crg_clkin
    SLICE_X61Y47         FDCE                                         r  FDCE_3/C
                         clock pessimism             -0.663     2.356    
    SLICE_X61Y47         FDCE (Hold_fdce_C_D)         0.070     2.426    FDCE_3
  -------------------------------------------------------------------
                         required time                         -2.426    
                         arrival time                           2.698    
  -------------------------------------------------------------------
                         slack                                  0.272    

Slack (MET) :             0.330ns  (arrival time - required time)
  Source:                 FDCE/C
                            (rising edge-triggered cell FDCE clocked by clk100  {rise@0.000ns fall@5.000ns period=10.000ns})
  Destination:            FDCE_1/D
                            (rising edge-triggered cell FDCE clocked by clk100  {rise@0.000ns fall@5.000ns period=10.000ns})
  Path Group:             clk100
  Path Type:              Hold (Min at Fast Process Corner)
  Requirement:            0.000ns  (clk100 rise@0.000ns - clk100 rise@0.000ns)
  Data Path Delay:        0.413ns  (logic 0.164ns (39.714%)  route 0.249ns (60.286%))
  Logic Levels:           0  
  Clock Path Skew:        0.013ns (DCD - SCD - CPR)
    Destination Clock Delay (DCD):    3.019ns
    Source Clock Delay      (SCD):    2.356ns
    Clock Pessimism Removal (CPR):    0.650ns

    Location             Delay type                Incr(ns)  Path(ns)    Netlist Resource(s)
  -------------------------------------------------------------------    -------------------
                         (clock clk100 rise edge)     0.000     0.000 r  
    E3                                                0.000     0.000 r  clk100 (IN)
                         net (fo=0)                   0.000     0.000    clk100
    E3                   IBUF (Prop_ibuf_I_O)         0.250     0.250 r  clk100_IBUF_inst/O
                         net (fo=1, routed)           0.644     0.894    clk100_IBUF
    BUFGCTRL_X0Y16       BUFG (Prop_bufg_I_O)         0.026     0.920 r  clk100_IBUF_BUFG_inst/O
                         net (fo=1, routed)           0.776     1.696    clk100_IBUF_BUFG
    SLICE_X36Y28         LUT1 (Prop_lut1_I0_O)        0.045     1.741 r  clk100_inst/O
                         net (fo=9, routed)           0.616     2.356    crg_clkin
    SLICE_X60Y47         FDCE                                         r  FDCE/C
  -------------------------------------------------------------------    -------------------
    SLICE_X60Y47         FDCE (Prop_fdce_C_Q)         0.164     2.520 r  FDCE/Q
                         net (fo=1, routed)           0.249     2.769    reset0
    SLICE_X61Y47         FDCE                                         r  FDCE_1/D
  -------------------------------------------------------------------    -------------------

                         (clock clk100 rise edge)     0.000     0.000 r  
    E3                                                0.000     0.000 r  clk100 (IN)
                         net (fo=0)                   0.000     0.000    clk100
    E3                   IBUF (Prop_ibuf_I_O)         0.438     0.438 r  clk100_IBUF_inst/O
                         net (fo=1, routed)           0.699     1.136    clk100_IBUF
    BUFGCTRL_X0Y16       BUFG (Prop_bufg_I_O)         0.029     1.165 r  clk100_IBUF_BUFG_inst/O
                         net (fo=1, routed)           1.077     2.243    clk100_IBUF_BUFG
    SLICE_X36Y28         LUT1 (Prop_lut1_I0_O)        0.056     2.299 r  clk100_inst/O
                         net (fo=9, routed)           0.721     3.019    crg_clkin
    SLICE_X61Y47         FDCE                                         r  FDCE_1/C
                         clock pessimism             -0.650     2.369    
    SLICE_X61Y47         FDCE (Hold_fdce_C_D)         0.070     2.439    FDCE_1
  -------------------------------------------------------------------
                         required time                         -2.439    
                         arrival time                           2.769    
  -------------------------------------------------------------------
                         slack                                  0.330    





Pulse Width Checks
--------------------------------------------------------------------------------------
Clock Name:         clk100
Waveform(ns):       { 0.000 5.000 }
Period(ns):         10.000
Sources:            { clk100 }

Check Type        Corner  Lib Pin            Reference Pin  Required(ns)  Actual(ns)  Slack(ns)  Location         Pin
Min Period        n/a     BUFG/I             n/a            2.155         10.000      7.845      BUFGCTRL_X0Y16   clk100_IBUF_BUFG_inst/I
Min Period        n/a     MMCME2_ADV/CLKIN1  n/a            1.249         10.000      8.751      MMCME2_ADV_X0Y0  MMCME2_ADV/CLKIN1
Min Period        n/a     FDCE/C             n/a            1.000         10.000      9.000      SLICE_X60Y47     FDCE/C
Min Period        n/a     FDCE/C             n/a            1.000         10.000      9.000      SLICE_X61Y47     FDCE_1/C
Min Period        n/a     FDCE/C             n/a            1.000         10.000      9.000      SLICE_X61Y47     FDCE_2/C
Min Period        n/a     FDCE/C             n/a            1.000         10.000      9.000      SLICE_X61Y47     FDCE_3/C
Min Period        n/a     FDCE/C             n/a            1.000         10.000      9.000      SLICE_X61Y47     FDCE_4/C
Min Period        n/a     FDCE/C             n/a            1.000         10.000      9.000      SLICE_X60Y47     FDCE_5/C
Min Period        n/a     FDCE/C             n/a            1.000         10.000      9.000      SLICE_X60Y47     FDCE_6/C
Min Period        n/a     FDCE/C             n/a            1.000         10.000      9.000      SLICE_X60Y47     FDCE_7/C
Max Period        n/a     MMCME2_ADV/CLKIN1  n/a            100.000       10.000      90.000     MMCME2_ADV_X0Y0  MMCME2_ADV/CLKIN1
Low Pulse Width   Slow    MMCME2_ADV/CLKIN1  n/a            2.000         5.000       3.000      MMCME2_ADV_X0Y0  MMCME2_ADV/CLKIN1
Low Pulse Width   Fast    MMCME2_ADV/CLKIN1  n/a            2.000         5.000       3.000      MMCME2_ADV_X0Y0  MMCME2_ADV/CLKIN1
Low Pulse Width   Slow    FDCE/C             n/a            0.500         5.000       4.500      SLICE_X60Y47     FDCE/C
Low Pulse Width   Fast    FDCE/C             n/a            0.500         5.000       4.500      SLICE_X60Y47     FDCE/C
Low Pulse Width   Slow    FDCE/C             n/a            0.500         5.000       4.500      SLICE_X61Y47     FDCE_1/C
Low Pulse Width   Fast    FDCE/C             n/a            0.500         5.000       4.500      SLICE_X61Y47     FDCE_1/C
Low Pulse Width   Slow    FDCE/C             n/a            0.500         5.000       4.500      SLICE_X61Y47     FDCE_2/C
Low Pulse Width   Fast    FDCE/C             n/a            0.500         5.000       4.500      SLICE_X61Y47     FDCE_2/C
Low Pulse Width   Slow    FDCE/C             n/a            0.500         5.000       4.500      SLICE_X61Y47     FDCE_3/C
Low Pulse Width   Fast    FDCE/C             n/a            0.500         5.000       4.500      SLICE_X61Y47     FDCE_3/C
High Pulse Width  Slow    MMCME2_ADV/CLKIN1  n/a            2.000         5.000       3.000      MMCME2_ADV_X0Y0  MMCME2_ADV/CLKIN1
High Pulse Width  Fast    MMCME2_ADV/CLKIN1  n/a            2.000         5.000       3.000      MMCME2_ADV_X0Y0  MMCME2_ADV/CLKIN1
High Pulse Width  Slow    FDCE/C             n/a            0.500         5.000       4.500      SLICE_X60Y47     FDCE/C
High Pulse Width  Fast    FDCE/C             n/a            0.500         5.000       4.500      SLICE_X60Y47     FDCE/C
High Pulse Width  Slow    FDCE/C             n/a            0.500         5.000       4.500      SLICE_X61Y47     FDCE_1/C
High Pulse Width  Fast    FDCE/C             n/a            0.500         5.000       4.500      SLICE_X61Y47     FDCE_1/C
High Pulse Width  Slow    FDCE/C             n/a            0.500         5.000       4.500      SLICE_X61Y47     FDCE_2/C
High Pulse Width  Fast    FDCE/C             n/a            0.500         5.000       4.500      SLICE_X61Y47     FDCE_2/C
High Pulse Width  Slow    FDCE/C             n/a            0.500         5.000       4.500      SLICE_X61Y47     FDCE_3/C
High Pulse Width  Fast    FDCE/C             n/a            0.500         5.000       4.500      SLICE_X61Y47     FDCE_3/C



---------------------------------------------------------------------------------------------------
From Clock:  crg_clkout0
  To Clock:  crg_clkout0

Setup :            0  Failing Endpoints,  Worst Slack        1.237ns,  Total Violation        0.000ns
Hold  :            0  Failing Endpoints,  Worst Slack        0.069ns,  Total Violation        0.000ns
PW    :            0  Failing Endpoints,  Worst Slack        5.417ns,  Total Violation        0.000ns
---------------------------------------------------------------------------------------------------


Max Delay Paths
--------------------------------------------------------------------------------------
Slack (MET) :             1.237ns  (required time - arrival time)
  Source:                 FDPE/C
                            (rising edge-triggered cell FDPE clocked by crg_clkout0  {rise@0.000ns fall@6.667ns period=13.333ns})
  Destination:            FDPE_1/D
                            (rising edge-triggered cell FDPE clocked by crg_clkout0  {rise@0.000ns fall@6.667ns period=13.333ns})
  Path Group:             crg_clkout0
  Path Type:              Setup (Max at Slow Process Corner)
  Requirement:            2.000ns  (MaxDelay Path 2.000ns)
  Data Path Delay:        0.646ns  (logic 0.456ns (70.599%)  route 0.190ns (29.401%))
  Logic Levels:           0  
  Clock Path Skew:        0.000ns (DCD - SCD + CPR)
    Destination Clock Delay (DCD):    10.726ns
    Source Clock Delay      (SCD):    11.611ns
    Clock Pessimism Removal (CPR):    0.885ns
  Clock Uncertainty:      0.070ns  ((TSJ^2 + DJ^2)^1/2) / 2 + PE
    Total System Jitter     (TSJ):    0.071ns
    Discrete Jitter          (DJ):    0.121ns
    Phase Error              (PE):    0.000ns
  Timing Exception:       MaxDelay Path 2.000ns

    Location             Delay type                Incr(ns)  Path(ns)    Netlist Resource(s)
  -------------------------------------------------------------------    -------------------
                         (clock crg_clkout0 rise edge)
                                                      0.000     0.000 r  
    E3                                                0.000     0.000 r  clk100 (IN)
                         net (fo=0)                   0.000     0.000    clk100
    E3                   IBUF (Prop_ibuf_I_O)         1.482     1.482 r  clk100_IBUF_inst/O
                         net (fo=1, routed)           2.025     3.506    clk100_IBUF
    BUFGCTRL_X0Y16       BUFG (Prop_bufg_I_O)         0.096     3.602 r  clk100_IBUF_BUFG_inst/O
                         net (fo=1, routed)           2.240     5.843    clk100_IBUF_BUFG
    SLICE_X36Y28         LUT1 (Prop_lut1_I0_O)        0.124     5.967 r  clk100_inst/O
                         net (fo=9, routed)           1.719     7.685    crg_clkin
    MMCME2_ADV_X0Y0      MMCME2_ADV (Prop_mmcme2_adv_CLKIN1_CLKOUT0)
                                                      0.088     7.773 r  MMCME2_ADV/CLKOUT0
                         net (fo=1, routed)           2.018     9.792    crg_clkout0
    BUFGCTRL_X0Y0        BUFG (Prop_bufg_I_O)         0.096     9.888 r  BUFG/O
                         net (fo=3563, routed)        1.723    11.611    sys_clk
    SLICE_X83Y63         FDPE                                         r  FDPE/C
  -------------------------------------------------------------------    -------------------
    SLICE_X83Y63         FDPE (Prop_fdpe_C_Q)         0.456    12.067 r  FDPE/Q
                         net (fo=1, routed)           0.190    12.257    xilinxasyncresetsynchronizerimpl0_rst_meta
    SLICE_X83Y63         FDPE                                         r  FDPE_1/D
  -------------------------------------------------------------------    -------------------

                         max delay                    2.000     2.000    
    E3                                                0.000     2.000 r  clk100 (IN)
                         net (fo=0)                   0.000     2.000    clk100
    E3                   IBUF (Prop_ibuf_I_O)         1.411     3.411 r  clk100_IBUF_inst/O
                         net (fo=1, routed)           1.920     5.331    clk100_IBUF
    BUFGCTRL_X0Y16       BUFG (Prop_bufg_I_O)         0.091     5.422 r  clk100_IBUF_BUFG_inst/O
                         net (fo=1, routed)           2.028     7.450    clk100_IBUF_BUFG
    SLICE_X36Y28         LUT1 (Prop_lut1_I0_O)        0.100     7.550 r  clk100_inst/O
                         net (fo=9, routed)           1.477     9.027    crg_clkin
    MMCME2_ADV_X0Y0      MMCME2_ADV (Prop_mmcme2_adv_CLKIN1_CLKOUT0)
                                                      0.083     9.110 r  MMCME2_ADV/CLKOUT0
                         net (fo=1, routed)           1.923    11.033    crg_clkout0
    BUFGCTRL_X0Y0        BUFG (Prop_bufg_I_O)         0.091    11.124 r  BUFG/O
                         net (fo=3563, routed)        1.602    12.726    sys_clk
    SLICE_X83Y63         FDPE                                         r  FDPE_1/C
                         clock pessimism              0.885    13.611    
                         clock uncertainty           -0.070    13.541    
    SLICE_X83Y63         FDPE (Setup_fdpe_C_D)       -0.047    13.494    FDPE_1
  -------------------------------------------------------------------
                         required time                         13.494    
                         arrival time                         -12.257    
  -------------------------------------------------------------------
                         slack                                  1.237    

Slack (MET) :             1.719ns  (required time - arrival time)
  Source:                 tag_mem_reg_0/CLKARDCLK
                            (rising edge-triggered cell RAMB36E1 clocked by crg_clkout0  {rise@0.000ns fall@6.667ns period=13.333ns})
  Destination:            data_mem_grain9_reg_1/WEA[0]
                            (rising edge-triggered cell RAMB36E1 clocked by crg_clkout0  {rise@0.000ns fall@6.667ns period=13.333ns})
  Path Group:             crg_clkout0
  Path Type:              Setup (Max at Slow Process Corner)
  Requirement:            13.333ns  (crg_clkout0 rise@13.333ns - crg_clkout0 rise@0.000ns)
  Data Path Delay:        10.718ns  (logic 4.343ns (40.520%)  route 6.375ns (59.480%))
  Logic Levels:           7  (CARRY4=2 LUT3=1 LUT5=2 LUT6=2)
  Clock Path Skew:        -0.294ns (DCD - SCD + CPR)
    Destination Clock Delay (DCD):    10.675ns = ( 24.008 - 13.333 ) 
    Source Clock Delay      (SCD):    11.740ns
    Clock Pessimism Removal (CPR):    0.772ns
  Clock Uncertainty:      0.070ns  ((TSJ^2 + DJ^2)^1/2) / 2 + PE
    Total System Jitter     (TSJ):    0.071ns
    Discrete Jitter          (DJ):    0.121ns
    Phase Error              (PE):    0.000ns

    Location             Delay type                Incr(ns)  Path(ns)    Netlist Resource(s)
  -------------------------------------------------------------------    -------------------
                         (clock crg_clkout0 rise edge)
                                                      0.000     0.000 r  
    E3                                                0.000     0.000 r  clk100 (IN)
                         net (fo=0)                   0.000     0.000    clk100
    E3                   IBUF (Prop_ibuf_I_O)         1.482     1.482 r  clk100_IBUF_inst/O
                         net (fo=1, routed)           2.025     3.506    clk100_IBUF
    BUFGCTRL_X0Y16       BUFG (Prop_bufg_I_O)         0.096     3.602 r  clk100_IBUF_BUFG_inst/O
                         net (fo=1, routed)           2.240     5.843    clk100_IBUF_BUFG
    SLICE_X36Y28         LUT1 (Prop_lut1_I0_O)        0.124     5.967 r  clk100_inst/O
                         net (fo=9, routed)           1.719     7.685    crg_clkin
    MMCME2_ADV_X0Y0      MMCME2_ADV (Prop_mmcme2_adv_CLKIN1_CLKOUT0)
                                                      0.088     7.773 r  MMCME2_ADV/CLKOUT0
                         net (fo=1, routed)           2.018     9.792    crg_clkout0
    BUFGCTRL_X0Y0        BUFG (Prop_bufg_I_O)         0.096     9.888 r  BUFG/O
                         net (fo=3563, routed)        1.853    11.740    sys_clk
    RAMB36_X0Y6          RAMB36E1                                     r  tag_mem_reg_0/CLKARDCLK
  -------------------------------------------------------------------    -------------------
    RAMB36_X0Y6          RAMB36E1 (Prop_ramb36e1_CLKARDCLK_DOADO[0])
                                                      2.454    14.194 r  tag_mem_reg_0/DOADO[0]
                         net (fo=2, routed)           1.397    15.591    VexRiscv/IBusCachedPlugin_cache/basesoc_tag_do_tag[0]
    SLICE_X18Y36         LUT6 (Prop_lut6_I0_O)        0.124    15.715 r  VexRiscv/IBusCachedPlugin_cache/tag_mem_reg_0_i_31/O
                         net (fo=1, routed)           0.430    16.145    VexRiscv/IBusCachedPlugin_cache/tag_mem_reg_0_i_31_n_0
    SLICE_X17Y38         LUT5 (Prop_lut5_I0_O)        0.124    16.269 r  VexRiscv/IBusCachedPlugin_cache/tag_mem_reg_0_i_27/O
                         net (fo=1, routed)           0.000    16.269    VexRiscv/IBusCachedPlugin_cache/tag_mem_reg_0_i_27_n_0
    SLICE_X17Y38         CARRY4 (Prop_carry4_S[0]_CO[3])
                                                      0.532    16.801 r  VexRiscv/IBusCachedPlugin_cache/tag_mem_reg_0_i_22/CO[3]
                         net (fo=1, routed)           0.000    16.801    VexRiscv/IBusCachedPlugin_cache/tag_mem_reg_0_i_22_n_0
    SLICE_X17Y39         CARRY4 (Prop_carry4_CI_CO[0])
                                                      0.271    17.072 r  VexRiscv/IBusCachedPlugin_cache/tag_mem_reg_0_i_19/CO[0]
                         net (fo=6, routed)           1.268    18.340    VexRiscv/IBusCachedPlugin_cache/basesoc_wb_sdram_ack0
    SLICE_X46Y48         LUT6 (Prop_lut6_I1_O)        0.373    18.713 r  VexRiscv/IBusCachedPlugin_cache/data_mem_grain0_reg_0_i_21/O
                         net (fo=4, routed)           0.438    19.150    VexRiscv/IBusCachedPlugin_cache/p_213_out
    SLICE_X46Y49         LUT3 (Prop_lut3_I2_O)        0.117    19.267 r  VexRiscv/IBusCachedPlugin_cache/data_mem_grain8_reg_0_i_7/O
                         net (fo=4, routed)           1.206    20.473    VexRiscv/IBusCachedPlugin_cache/data_mem_grain8_reg_0_i_7_n_0
    SLICE_X61Y62         LUT5 (Prop_lut5_I3_O)        0.348    20.821 r  VexRiscv/IBusCachedPlugin_cache/data_mem_grain9_reg_0_i_6/O
                         net (fo=2, routed)           1.637    22.459    basesoc_data_port_we[9]
    RAMB36_X1Y18         RAMB36E1                                     r  data_mem_grain9_reg_1/WEA[0]
  -------------------------------------------------------------------    -------------------

                         (clock crg_clkout0 rise edge)
                                                     13.333    13.333 r  
    E3                                                0.000    13.333 r  clk100 (IN)
                         net (fo=0)                   0.000    13.333    clk100
    E3                   IBUF (Prop_ibuf_I_O)         1.411    14.745 r  clk100_IBUF_inst/O
                         net (fo=1, routed)           1.920    16.665    clk100_IBUF
    BUFGCTRL_X0Y16       BUFG (Prop_bufg_I_O)         0.091    16.756 r  clk100_IBUF_BUFG_inst/O
                         net (fo=1, routed)           2.028    18.783    clk100_IBUF_BUFG
    SLICE_X36Y28         LUT1 (Prop_lut1_I0_O)        0.100    18.883 r  clk100_inst/O
                         net (fo=9, routed)           1.477    20.360    crg_clkin
    MMCME2_ADV_X0Y0      MMCME2_ADV (Prop_mmcme2_adv_CLKIN1_CLKOUT0)
                                                      0.083    20.443 r  MMCME2_ADV/CLKOUT0
                         net (fo=1, routed)           1.923    22.366    crg_clkout0
    BUFGCTRL_X0Y0        BUFG (Prop_bufg_I_O)         0.091    22.457 r  BUFG/O
                         net (fo=3563, routed)        1.551    24.008    sys_clk
    RAMB36_X1Y18         RAMB36E1                                     r  data_mem_grain9_reg_1/CLKARDCLK
                         clock pessimism              0.772    24.780    
                         clock uncertainty           -0.070    24.710    
    RAMB36_X1Y18         RAMB36E1 (Setup_ramb36e1_CLKARDCLK_WEA[0])
                                                     -0.532    24.178    data_mem_grain9_reg_1
  -------------------------------------------------------------------
                         required time                         24.178    
                         arrival time                         -22.459    
  -------------------------------------------------------------------
                         slack                                  1.719    

Slack (MET) :             1.740ns  (required time - arrival time)
  Source:                 tag_mem_reg_0/CLKARDCLK
                            (rising edge-triggered cell RAMB36E1 clocked by crg_clkout0  {rise@0.000ns fall@6.667ns period=13.333ns})
  Destination:            data_mem_grain7_reg_1/WEA[0]
                            (rising edge-triggered cell RAMB36E1 clocked by crg_clkout0  {rise@0.000ns fall@6.667ns period=13.333ns})
  Path Group:             crg_clkout0
  Path Type:              Setup (Max at Slow Process Corner)
  Requirement:            13.333ns  (crg_clkout0 rise@13.333ns - crg_clkout0 rise@0.000ns)
  Data Path Delay:        10.778ns  (logic 4.322ns (40.102%)  route 6.456ns (59.898%))
  Logic Levels:           7  (CARRY4=2 LUT3=1 LUT5=2 LUT6=2)
  Clock Path Skew:        -0.214ns (DCD - SCD + CPR)
    Destination Clock Delay (DCD):    10.755ns = ( 24.088 - 13.333 ) 
    Source Clock Delay      (SCD):    11.740ns
    Clock Pessimism Removal (CPR):    0.772ns
  Clock Uncertainty:      0.070ns  ((TSJ^2 + DJ^2)^1/2) / 2 + PE
    Total System Jitter     (TSJ):    0.071ns
    Discrete Jitter          (DJ):    0.121ns
    Phase Error              (PE):    0.000ns

    Location             Delay type                Incr(ns)  Path(ns)    Netlist Resource(s)
  -------------------------------------------------------------------    -------------------
                         (clock crg_clkout0 rise edge)
                                                      0.000     0.000 r  
    E3                                                0.000     0.000 r  clk100 (IN)
                         net (fo=0)                   0.000     0.000    clk100
    E3                   IBUF (Prop_ibuf_I_O)         1.482     1.482 r  clk100_IBUF_inst/O
                         net (fo=1, routed)           2.025     3.506    clk100_IBUF
    BUFGCTRL_X0Y16       BUFG (Prop_bufg_I_O)         0.096     3.602 r  clk100_IBUF_BUFG_inst/O
                         net (fo=1, routed)           2.240     5.843    clk100_IBUF_BUFG
    SLICE_X36Y28         LUT1 (Prop_lut1_I0_O)        0.124     5.967 r  clk100_inst/O
                         net (fo=9, routed)           1.719     7.685    crg_clkin
    MMCME2_ADV_X0Y0      MMCME2_ADV (Prop_mmcme2_adv_CLKIN1_CLKOUT0)
                                                      0.088     7.773 r  MMCME2_ADV/CLKOUT0
                         net (fo=1, routed)           2.018     9.792    crg_clkout0
    BUFGCTRL_X0Y0        BUFG (Prop_bufg_I_O)         0.096     9.888 r  BUFG/O
                         net (fo=3563, routed)        1.853    11.740    sys_clk
    RAMB36_X0Y6          RAMB36E1                                     r  tag_mem_reg_0/CLKARDCLK
  -------------------------------------------------------------------    -------------------
    RAMB36_X0Y6          RAMB36E1 (Prop_ramb36e1_CLKARDCLK_DOADO[0])
                                                      2.454    14.194 r  tag_mem_reg_0/DOADO[0]
                         net (fo=2, routed)           1.397    15.591    VexRiscv/IBusCachedPlugin_cache/basesoc_tag_do_tag[0]
    SLICE_X18Y36         LUT6 (Prop_lut6_I0_O)        0.124    15.715 r  VexRiscv/IBusCachedPlugin_cache/tag_mem_reg_0_i_31/O
                         net (fo=1, routed)           0.430    16.145    VexRiscv/IBusCachedPlugin_cache/tag_mem_reg_0_i_31_n_0
    SLICE_X17Y38         LUT5 (Prop_lut5_I0_O)        0.124    16.269 r  VexRiscv/IBusCachedPlugin_cache/tag_mem_reg_0_i_27/O
                         net (fo=1, routed)           0.000    16.269    VexRiscv/IBusCachedPlugin_cache/tag_mem_reg_0_i_27_n_0
    SLICE_X17Y38         CARRY4 (Prop_carry4_S[0]_CO[3])
                                                      0.532    16.801 r  VexRiscv/IBusCachedPlugin_cache/tag_mem_reg_0_i_22/CO[3]
                         net (fo=1, routed)           0.000    16.801    VexRiscv/IBusCachedPlugin_cache/tag_mem_reg_0_i_22_n_0
    SLICE_X17Y39         CARRY4 (Prop_carry4_CI_CO[0])
                                                      0.271    17.072 r  VexRiscv/IBusCachedPlugin_cache/tag_mem_reg_0_i_19/CO[0]
                         net (fo=6, routed)           1.268    18.340    VexRiscv/IBusCachedPlugin_cache/basesoc_wb_sdram_ack0
    SLICE_X46Y48         LUT6 (Prop_lut6_I1_O)        0.373    18.713 r  VexRiscv/IBusCachedPlugin_cache/data_mem_grain0_reg_0_i_21/O
                         net (fo=4, routed)           0.427    19.139    VexRiscv/IBusCachedPlugin_cache/p_213_out
    SLICE_X46Y49         LUT3 (Prop_lut3_I2_O)        0.116    19.255 r  VexRiscv/IBusCachedPlugin_cache/data_mem_grain4_reg_0_i_7/O
                         net (fo=4, routed)           1.326    20.581    VexRiscv/IBusCachedPlugin_cache/data_mem_grain4_reg_0_i_7_n_0
    SLICE_X62Y61         LUT5 (Prop_lut5_I3_O)        0.328    20.909 r  VexRiscv/IBusCachedPlugin_cache/data_mem_grain7_reg_0_i_6/O
                         net (fo=2, routed)           1.609    22.518    basesoc_data_port_we[7]
    RAMB36_X3Y15         RAMB36E1                                     r  data_mem_grain7_reg_1/WEA[0]
  -------------------------------------------------------------------    -------------------

                         (clock crg_clkout0 rise edge)
                                                     13.333    13.333 r  
    E3                                                0.000    13.333 r  clk100 (IN)
                         net (fo=0)                   0.000    13.333    clk100
    E3                   IBUF (Prop_ibuf_I_O)         1.411    14.745 r  clk100_IBUF_inst/O
                         net (fo=1, routed)           1.920    16.665    clk100_IBUF
    BUFGCTRL_X0Y16       BUFG (Prop_bufg_I_O)         0.091    16.756 r  clk100_IBUF_BUFG_inst/O
                         net (fo=1, routed)           2.028    18.783    clk100_IBUF_BUFG
    SLICE_X36Y28         LUT1 (Prop_lut1_I0_O)        0.100    18.883 r  clk100_inst/O
                         net (fo=9, routed)           1.477    20.360    crg_clkin
    MMCME2_ADV_X0Y0      MMCME2_ADV (Prop_mmcme2_adv_CLKIN1_CLKOUT0)
                                                      0.083    20.443 r  MMCME2_ADV/CLKOUT0
                         net (fo=1, routed)           1.923    22.366    crg_clkout0
    BUFGCTRL_X0Y0        BUFG (Prop_bufg_I_O)         0.091    22.457 r  BUFG/O
                         net (fo=3563, routed)        1.631    24.088    sys_clk
    RAMB36_X3Y15         RAMB36E1                                     r  data_mem_grain7_reg_1/CLKARDCLK
                         clock pessimism              0.772    24.860    
                         clock uncertainty           -0.070    24.790    
    RAMB36_X3Y15         RAMB36E1 (Setup_ramb36e1_CLKARDCLK_WEA[0])
                                                     -0.532    24.258    data_mem_grain7_reg_1
  -------------------------------------------------------------------
                         required time                         24.258    
                         arrival time                         -22.518    
  -------------------------------------------------------------------
                         slack                                  1.740    

Slack (MET) :             1.973ns  (required time - arrival time)
  Source:                 tag_mem_reg_0/CLKARDCLK
                            (rising edge-triggered cell RAMB36E1 clocked by crg_clkout0  {rise@0.000ns fall@6.667ns period=13.333ns})
  Destination:            data_mem_grain2_reg_1/WEA[0]
                            (rising edge-triggered cell RAMB36E1 clocked by crg_clkout0  {rise@0.000ns fall@6.667ns period=13.333ns})
  Path Group:             crg_clkout0
  Path Type:              Setup (Max at Slow Process Corner)
  Requirement:            13.333ns  (crg_clkout0 rise@13.333ns - crg_clkout0 rise@0.000ns)
  Data Path Delay:        10.683ns  (logic 4.126ns (38.622%)  route 6.557ns (61.378%))
  Logic Levels:           7  (CARRY4=2 LUT3=1 LUT5=2 LUT6=2)
  Clock Path Skew:        -0.075ns (DCD - SCD + CPR)
    Destination Clock Delay (DCD):    10.885ns = ( 24.219 - 13.333 ) 
    Source Clock Delay      (SCD):    11.740ns
    Clock Pessimism Removal (CPR):    0.780ns
  Clock Uncertainty:      0.070ns  ((TSJ^2 + DJ^2)^1/2) / 2 + PE
    Total System Jitter     (TSJ):    0.071ns
    Discrete Jitter          (DJ):    0.121ns
    Phase Error              (PE):    0.000ns

    Location             Delay type                Incr(ns)  Path(ns)    Netlist Resource(s)
  -------------------------------------------------------------------    -------------------
                         (clock crg_clkout0 rise edge)
                                                      0.000     0.000 r  
    E3                                                0.000     0.000 r  clk100 (IN)
                         net (fo=0)                   0.000     0.000    clk100
    E3                   IBUF (Prop_ibuf_I_O)         1.482     1.482 r  clk100_IBUF_inst/O
                         net (fo=1, routed)           2.025     3.506    clk100_IBUF
    BUFGCTRL_X0Y16       BUFG (Prop_bufg_I_O)         0.096     3.602 r  clk100_IBUF_BUFG_inst/O
                         net (fo=1, routed)           2.240     5.843    clk100_IBUF_BUFG
    SLICE_X36Y28         LUT1 (Prop_lut1_I0_O)        0.124     5.967 r  clk100_inst/O
                         net (fo=9, routed)           1.719     7.685    crg_clkin
    MMCME2_ADV_X0Y0      MMCME2_ADV (Prop_mmcme2_adv_CLKIN1_CLKOUT0)
                                                      0.088     7.773 r  MMCME2_ADV/CLKOUT0
                         net (fo=1, routed)           2.018     9.792    crg_clkout0
    BUFGCTRL_X0Y0        BUFG (Prop_bufg_I_O)         0.096     9.888 r  BUFG/O
                         net (fo=3563, routed)        1.853    11.740    sys_clk
    RAMB36_X0Y6          RAMB36E1                                     r  tag_mem_reg_0/CLKARDCLK
  -------------------------------------------------------------------    -------------------
    RAMB36_X0Y6          RAMB36E1 (Prop_ramb36e1_CLKARDCLK_DOADO[0])
                                                      2.454    14.194 r  tag_mem_reg_0/DOADO[0]
                         net (fo=2, routed)           1.397    15.591    VexRiscv/IBusCachedPlugin_cache/basesoc_tag_do_tag[0]
    SLICE_X18Y36         LUT6 (Prop_lut6_I0_O)        0.124    15.715 r  VexRiscv/IBusCachedPlugin_cache/tag_mem_reg_0_i_31/O
                         net (fo=1, routed)           0.430    16.145    VexRiscv/IBusCachedPlugin_cache/tag_mem_reg_0_i_31_n_0
    SLICE_X17Y38         LUT5 (Prop_lut5_I0_O)        0.124    16.269 r  VexRiscv/IBusCachedPlugin_cache/tag_mem_reg_0_i_27/O
                         net (fo=1, routed)           0.000    16.269    VexRiscv/IBusCachedPlugin_cache/tag_mem_reg_0_i_27_n_0
    SLICE_X17Y38         CARRY4 (Prop_carry4_S[0]_CO[3])
                                                      0.532    16.801 r  VexRiscv/IBusCachedPlugin_cache/tag_mem_reg_0_i_22/CO[3]
                         net (fo=1, routed)           0.000    16.801    VexRiscv/IBusCachedPlugin_cache/tag_mem_reg_0_i_22_n_0
    SLICE_X17Y39         CARRY4 (Prop_carry4_CI_CO[0])
                                                      0.271    17.072 r  VexRiscv/IBusCachedPlugin_cache/tag_mem_reg_0_i_19/CO[0]
                         net (fo=6, routed)           1.268    18.340    VexRiscv/IBusCachedPlugin_cache/basesoc_wb_sdram_ack0
    SLICE_X46Y48         LUT6 (Prop_lut6_I1_O)        0.373    18.713 r  VexRiscv/IBusCachedPlugin_cache/data_mem_grain0_reg_0_i_21/O
                         net (fo=4, routed)           0.427    19.139    VexRiscv/IBusCachedPlugin_cache/p_213_out
    SLICE_X46Y49         LUT3 (Prop_lut3_I2_O)        0.124    19.263 r  VexRiscv/IBusCachedPlugin_cache/data_mem_grain0_reg_0_i_20/O
                         net (fo=4, routed)           1.239    20.502    VexRiscv/IBusCachedPlugin_cache/data_mem_grain0_reg_0_i_20_n_0
    SLICE_X62Y42         LUT5 (Prop_lut5_I3_O)        0.124    20.626 r  VexRiscv/IBusCachedPlugin_cache/data_mem_grain2_reg_0_i_15/O
                         net (fo=2, routed)           1.797    22.424    basesoc_data_port_we[2]
    RAMB36_X2Y2          RAMB36E1                                     r  data_mem_grain2_reg_1/WEA[0]
  -------------------------------------------------------------------    -------------------

                         (clock crg_clkout0 rise edge)
                                                     13.333    13.333 r  
    E3                                                0.000    13.333 r  clk100 (IN)
                         net (fo=0)                   0.000    13.333    clk100
    E3                   IBUF (Prop_ibuf_I_O)         1.411    14.745 r  clk100_IBUF_inst/O
                         net (fo=1, routed)           1.920    16.665    clk100_IBUF
    BUFGCTRL_X0Y16       BUFG (Prop_bufg_I_O)         0.091    16.756 r  clk100_IBUF_BUFG_inst/O
                         net (fo=1, routed)           2.028    18.783    clk100_IBUF_BUFG
    SLICE_X36Y28         LUT1 (Prop_lut1_I0_O)        0.100    18.883 r  clk100_inst/O
                         net (fo=9, routed)           1.477    20.360    crg_clkin
    MMCME2_ADV_X0Y0      MMCME2_ADV (Prop_mmcme2_adv_CLKIN1_CLKOUT0)
                                                      0.083    20.443 r  MMCME2_ADV/CLKOUT0
                         net (fo=1, routed)           1.923    22.366    crg_clkout0
    BUFGCTRL_X0Y0        BUFG (Prop_bufg_I_O)         0.091    22.457 r  BUFG/O
                         net (fo=3563, routed)        1.761    24.219    sys_clk
    RAMB36_X2Y2          RAMB36E1                                     r  data_mem_grain2_reg_1/CLKARDCLK
                         clock pessimism              0.780    24.999    
                         clock uncertainty           -0.070    24.929    
    RAMB36_X2Y2          RAMB36E1 (Setup_ramb36e1_CLKARDCLK_WEA[0])
                                                     -0.532    24.397    data_mem_grain2_reg_1
  -------------------------------------------------------------------
                         required time                         24.397    
                         arrival time                         -22.424    
  -------------------------------------------------------------------
                         slack                                  1.973    

Slack (MET) :             1.990ns  (required time - arrival time)
  Source:                 tag_mem_reg_0/CLKARDCLK
                            (rising edge-triggered cell RAMB36E1 clocked by crg_clkout0  {rise@0.000ns fall@6.667ns period=13.333ns})
  Destination:            data_mem_grain5_reg_1/WEA[0]
                            (rising edge-triggered cell RAMB36E1 clocked by crg_clkout0  {rise@0.000ns fall@6.667ns period=13.333ns})
  Path Group:             crg_clkout0
  Path Type:              Setup (Max at Slow Process Corner)
  Requirement:            13.333ns  (crg_clkout0 rise@13.333ns - crg_clkout0 rise@0.000ns)
  Data Path Delay:        10.528ns  (logic 4.322ns (41.051%)  route 6.206ns (58.949%))
  Logic Levels:           7  (CARRY4=2 LUT3=1 LUT5=2 LUT6=2)
  Clock Path Skew:        -0.213ns (DCD - SCD + CPR)
    Destination Clock Delay (DCD):    10.756ns = ( 24.089 - 13.333 ) 
    Source Clock Delay      (SCD):    11.740ns
    Clock Pessimism Removal (CPR):    0.772ns
  Clock Uncertainty:      0.070ns  ((TSJ^2 + DJ^2)^1/2) / 2 + PE
    Total System Jitter     (TSJ):    0.071ns
    Discrete Jitter          (DJ):    0.121ns
    Phase Error              (PE):    0.000ns

    Location             Delay type                Incr(ns)  Path(ns)    Netlist Resource(s)
  -------------------------------------------------------------------    -------------------
                         (clock crg_clkout0 rise edge)
                                                      0.000     0.000 r  
    E3                                                0.000     0.000 r  clk100 (IN)
                         net (fo=0)                   0.000     0.000    clk100
    E3                   IBUF (Prop_ibuf_I_O)         1.482     1.482 r  clk100_IBUF_inst/O
                         net (fo=1, routed)           2.025     3.506    clk100_IBUF
    BUFGCTRL_X0Y16       BUFG (Prop_bufg_I_O)         0.096     3.602 r  clk100_IBUF_BUFG_inst/O
                         net (fo=1, routed)           2.240     5.843    clk100_IBUF_BUFG
    SLICE_X36Y28         LUT1 (Prop_lut1_I0_O)        0.124     5.967 r  clk100_inst/O
                         net (fo=9, routed)           1.719     7.685    crg_clkin
    MMCME2_ADV_X0Y0      MMCME2_ADV (Prop_mmcme2_adv_CLKIN1_CLKOUT0)
                                                      0.088     7.773 r  MMCME2_ADV/CLKOUT0
                         net (fo=1, routed)           2.018     9.792    crg_clkout0
    BUFGCTRL_X0Y0        BUFG (Prop_bufg_I_O)         0.096     9.888 r  BUFG/O
                         net (fo=3563, routed)        1.853    11.740    sys_clk
    RAMB36_X0Y6          RAMB36E1                                     r  tag_mem_reg_0/CLKARDCLK
  -------------------------------------------------------------------    -------------------
    RAMB36_X0Y6          RAMB36E1 (Prop_ramb36e1_CLKARDCLK_DOADO[0])
                                                      2.454    14.194 r  tag_mem_reg_0/DOADO[0]
                         net (fo=2, routed)           1.397    15.591    VexRiscv/IBusCachedPlugin_cache/basesoc_tag_do_tag[0]
    SLICE_X18Y36         LUT6 (Prop_lut6_I0_O)        0.124    15.715 r  VexRiscv/IBusCachedPlugin_cache/tag_mem_reg_0_i_31/O
                         net (fo=1, routed)           0.430    16.145    VexRiscv/IBusCachedPlugin_cache/tag_mem_reg_0_i_31_n_0
    SLICE_X17Y38         LUT5 (Prop_lut5_I0_O)        0.124    16.269 r  VexRiscv/IBusCachedPlugin_cache/tag_mem_reg_0_i_27/O
                         net (fo=1, routed)           0.000    16.269    VexRiscv/IBusCachedPlugin_cache/tag_mem_reg_0_i_27_n_0
    SLICE_X17Y38         CARRY4 (Prop_carry4_S[0]_CO[3])
                                                      0.532    16.801 r  VexRiscv/IBusCachedPlugin_cache/tag_mem_reg_0_i_22/CO[3]
                         net (fo=1, routed)           0.000    16.801    VexRiscv/IBusCachedPlugin_cache/tag_mem_reg_0_i_22_n_0
    SLICE_X17Y39         CARRY4 (Prop_carry4_CI_CO[0])
                                                      0.271    17.072 r  VexRiscv/IBusCachedPlugin_cache/tag_mem_reg_0_i_19/CO[0]
                         net (fo=6, routed)           1.268    18.340    VexRiscv/IBusCachedPlugin_cache/basesoc_wb_sdram_ack0
    SLICE_X46Y48         LUT6 (Prop_lut6_I1_O)        0.373    18.713 r  VexRiscv/IBusCachedPlugin_cache/data_mem_grain0_reg_0_i_21/O
                         net (fo=4, routed)           0.427    19.139    VexRiscv/IBusCachedPlugin_cache/p_213_out
    SLICE_X46Y49         LUT3 (Prop_lut3_I2_O)        0.116    19.255 r  VexRiscv/IBusCachedPlugin_cache/data_mem_grain4_reg_0_i_7/O
                         net (fo=4, routed)           0.898    20.153    VexRiscv/IBusCachedPlugin_cache/data_mem_grain4_reg_0_i_7_n_0
    SLICE_X46Y61         LUT5 (Prop_lut5_I3_O)        0.328    20.481 r  VexRiscv/IBusCachedPlugin_cache/data_mem_grain5_reg_0_i_6/O
                         net (fo=2, routed)           1.788    22.269    basesoc_data_port_we[5]
    RAMB36_X2Y17         RAMB36E1                                     r  data_mem_grain5_reg_1/WEA[0]
  -------------------------------------------------------------------    -------------------

                         (clock crg_clkout0 rise edge)
                                                     13.333    13.333 r  
    E3                                                0.000    13.333 r  clk100 (IN)
                         net (fo=0)                   0.000    13.333    clk100
    E3                   IBUF (Prop_ibuf_I_O)         1.411    14.745 r  clk100_IBUF_inst/O
                         net (fo=1, routed)           1.920    16.665    clk100_IBUF
    BUFGCTRL_X0Y16       BUFG (Prop_bufg_I_O)         0.091    16.756 r  clk100_IBUF_BUFG_inst/O
                         net (fo=1, routed)           2.028    18.783    clk100_IBUF_BUFG
    SLICE_X36Y28         LUT1 (Prop_lut1_I0_O)        0.100    18.883 r  clk100_inst/O
                         net (fo=9, routed)           1.477    20.360    crg_clkin
    MMCME2_ADV_X0Y0      MMCME2_ADV (Prop_mmcme2_adv_CLKIN1_CLKOUT0)
                                                      0.083    20.443 r  MMCME2_ADV/CLKOUT0
                         net (fo=1, routed)           1.923    22.366    crg_clkout0
    BUFGCTRL_X0Y0        BUFG (Prop_bufg_I_O)         0.091    22.457 r  BUFG/O
                         net (fo=3563, routed)        1.632    24.089    sys_clk
    RAMB36_X2Y17         RAMB36E1                                     r  data_mem_grain5_reg_1/CLKARDCLK
                         clock pessimism              0.772    24.861    
                         clock uncertainty           -0.070    24.791    
    RAMB36_X2Y17         RAMB36E1 (Setup_ramb36e1_CLKARDCLK_WEA[0])
                                                     -0.532    24.259    data_mem_grain5_reg_1
  -------------------------------------------------------------------
                         required time                         24.259    
                         arrival time                         -22.269    
  -------------------------------------------------------------------
                         slack                                  1.990    

Slack (MET) :             2.001ns  (required time - arrival time)
  Source:                 tag_mem_reg_0/CLKARDCLK
                            (rising edge-triggered cell RAMB36E1 clocked by crg_clkout0  {rise@0.000ns fall@6.667ns period=13.333ns})
  Destination:            data_mem_grain7_reg_0/WEA[0]
                            (rising edge-triggered cell RAMB36E1 clocked by crg_clkout0  {rise@0.000ns fall@6.667ns period=13.333ns})
  Path Group:             crg_clkout0
  Path Type:              Setup (Max at Slow Process Corner)
  Requirement:            13.333ns  (crg_clkout0 rise@13.333ns - crg_clkout0 rise@0.000ns)
  Data Path Delay:        10.518ns  (logic 4.322ns (41.091%)  route 6.196ns (58.909%))
  Logic Levels:           7  (CARRY4=2 LUT3=1 LUT5=2 LUT6=2)
  Clock Path Skew:        -0.212ns (DCD - SCD + CPR)
    Destination Clock Delay (DCD):    10.757ns = ( 24.090 - 13.333 ) 
    Source Clock Delay      (SCD):    11.740ns
    Clock Pessimism Removal (CPR):    0.772ns
  Clock Uncertainty:      0.070ns  ((TSJ^2 + DJ^2)^1/2) / 2 + PE
    Total System Jitter     (TSJ):    0.071ns
    Discrete Jitter          (DJ):    0.121ns
    Phase Error              (PE):    0.000ns

    Location             Delay type                Incr(ns)  Path(ns)    Netlist Resource(s)
  -------------------------------------------------------------------    -------------------
                         (clock crg_clkout0 rise edge)
                                                      0.000     0.000 r  
    E3                                                0.000     0.000 r  clk100 (IN)
                         net (fo=0)                   0.000     0.000    clk100
    E3                   IBUF (Prop_ibuf_I_O)         1.482     1.482 r  clk100_IBUF_inst/O
                         net (fo=1, routed)           2.025     3.506    clk100_IBUF
    BUFGCTRL_X0Y16       BUFG (Prop_bufg_I_O)         0.096     3.602 r  clk100_IBUF_BUFG_inst/O
                         net (fo=1, routed)           2.240     5.843    clk100_IBUF_BUFG
    SLICE_X36Y28         LUT1 (Prop_lut1_I0_O)        0.124     5.967 r  clk100_inst/O
                         net (fo=9, routed)           1.719     7.685    crg_clkin
    MMCME2_ADV_X0Y0      MMCME2_ADV (Prop_mmcme2_adv_CLKIN1_CLKOUT0)
                                                      0.088     7.773 r  MMCME2_ADV/CLKOUT0
                         net (fo=1, routed)           2.018     9.792    crg_clkout0
    BUFGCTRL_X0Y0        BUFG (Prop_bufg_I_O)         0.096     9.888 r  BUFG/O
                         net (fo=3563, routed)        1.853    11.740    sys_clk
    RAMB36_X0Y6          RAMB36E1                                     r  tag_mem_reg_0/CLKARDCLK
  -------------------------------------------------------------------    -------------------
    RAMB36_X0Y6          RAMB36E1 (Prop_ramb36e1_CLKARDCLK_DOADO[0])
                                                      2.454    14.194 r  tag_mem_reg_0/DOADO[0]
                         net (fo=2, routed)           1.397    15.591    VexRiscv/IBusCachedPlugin_cache/basesoc_tag_do_tag[0]
    SLICE_X18Y36         LUT6 (Prop_lut6_I0_O)        0.124    15.715 r  VexRiscv/IBusCachedPlugin_cache/tag_mem_reg_0_i_31/O
                         net (fo=1, routed)           0.430    16.145    VexRiscv/IBusCachedPlugin_cache/tag_mem_reg_0_i_31_n_0
    SLICE_X17Y38         LUT5 (Prop_lut5_I0_O)        0.124    16.269 r  VexRiscv/IBusCachedPlugin_cache/tag_mem_reg_0_i_27/O
                         net (fo=1, routed)           0.000    16.269    VexRiscv/IBusCachedPlugin_cache/tag_mem_reg_0_i_27_n_0
    SLICE_X17Y38         CARRY4 (Prop_carry4_S[0]_CO[3])
                                                      0.532    16.801 r  VexRiscv/IBusCachedPlugin_cache/tag_mem_reg_0_i_22/CO[3]
                         net (fo=1, routed)           0.000    16.801    VexRiscv/IBusCachedPlugin_cache/tag_mem_reg_0_i_22_n_0
    SLICE_X17Y39         CARRY4 (Prop_carry4_CI_CO[0])
                                                      0.271    17.072 r  VexRiscv/IBusCachedPlugin_cache/tag_mem_reg_0_i_19/CO[0]
                         net (fo=6, routed)           1.268    18.340    VexRiscv/IBusCachedPlugin_cache/basesoc_wb_sdram_ack0
    SLICE_X46Y48         LUT6 (Prop_lut6_I1_O)        0.373    18.713 r  VexRiscv/IBusCachedPlugin_cache/data_mem_grain0_reg_0_i_21/O
                         net (fo=4, routed)           0.427    19.139    VexRiscv/IBusCachedPlugin_cache/p_213_out
    SLICE_X46Y49         LUT3 (Prop_lut3_I2_O)        0.116    19.255 r  VexRiscv/IBusCachedPlugin_cache/data_mem_grain4_reg_0_i_7/O
                         net (fo=4, routed)           1.326    20.581    VexRiscv/IBusCachedPlugin_cache/data_mem_grain4_reg_0_i_7_n_0
    SLICE_X62Y61         LUT5 (Prop_lut5_I3_O)        0.328    20.909 r  VexRiscv/IBusCachedPlugin_cache/data_mem_grain7_reg_0_i_6/O
                         net (fo=2, routed)           1.349    22.259    basesoc_data_port_we[7]
    RAMB36_X3Y13         RAMB36E1                                     r  data_mem_grain7_reg_0/WEA[0]
  -------------------------------------------------------------------    -------------------

                         (clock crg_clkout0 rise edge)
                                                     13.333    13.333 r  
    E3                                                0.000    13.333 r  clk100 (IN)
                         net (fo=0)                   0.000    13.333    clk100
    E3                   IBUF (Prop_ibuf_I_O)         1.411    14.745 r  clk100_IBUF_inst/O
                         net (fo=1, routed)           1.920    16.665    clk100_IBUF
    BUFGCTRL_X0Y16       BUFG (Prop_bufg_I_O)         0.091    16.756 r  clk100_IBUF_BUFG_inst/O
                         net (fo=1, routed)           2.028    18.783    clk100_IBUF_BUFG
    SLICE_X36Y28         LUT1 (Prop_lut1_I0_O)        0.100    18.883 r  clk100_inst/O
                         net (fo=9, routed)           1.477    20.360    crg_clkin
    MMCME2_ADV_X0Y0      MMCME2_ADV (Prop_mmcme2_adv_CLKIN1_CLKOUT0)
                                                      0.083    20.443 r  MMCME2_ADV/CLKOUT0
                         net (fo=1, routed)           1.923    22.366    crg_clkout0
    BUFGCTRL_X0Y0        BUFG (Prop_bufg_I_O)         0.091    22.457 r  BUFG/O
                         net (fo=3563, routed)        1.633    24.090    sys_clk
    RAMB36_X3Y13         RAMB36E1                                     r  data_mem_grain7_reg_0/CLKARDCLK
                         clock pessimism              0.772    24.862    
                         clock uncertainty           -0.070    24.792    
    RAMB36_X3Y13         RAMB36E1 (Setup_ramb36e1_CLKARDCLK_WEA[0])
                                                     -0.532    24.260    data_mem_grain7_reg_0
  -------------------------------------------------------------------
                         required time                         24.260    
                         arrival time                         -22.259    
  -------------------------------------------------------------------
                         slack                                  2.001    

Slack (MET) :             2.022ns  (required time - arrival time)
  Source:                 tag_mem_reg_0/CLKARDCLK
                            (rising edge-triggered cell RAMB36E1 clocked by crg_clkout0  {rise@0.000ns fall@6.667ns period=13.333ns})
  Destination:            data_mem_grain9_reg_0/WEA[0]
                            (rising edge-triggered cell RAMB36E1 clocked by crg_clkout0  {rise@0.000ns fall@6.667ns period=13.333ns})
  Path Group:             crg_clkout0
  Path Type:              Setup (Max at Slow Process Corner)
  Requirement:            13.333ns  (crg_clkout0 rise@13.333ns - crg_clkout0 rise@0.000ns)
  Data Path Delay:        10.413ns  (logic 4.343ns (41.709%)  route 6.070ns (58.291%))
  Logic Levels:           7  (CARRY4=2 LUT3=1 LUT5=2 LUT6=2)
  Clock Path Skew:        -0.297ns (DCD - SCD + CPR)
    Destination Clock Delay (DCD):    10.672ns = ( 24.005 - 13.333 ) 
    Source Clock Delay      (SCD):    11.740ns
    Clock Pessimism Removal (CPR):    0.772ns
  Clock Uncertainty:      0.070ns  ((TSJ^2 + DJ^2)^1/2) / 2 + PE
    Total System Jitter     (TSJ):    0.071ns
    Discrete Jitter          (DJ):    0.121ns
    Phase Error              (PE):    0.000ns

    Location             Delay type                Incr(ns)  Path(ns)    Netlist Resource(s)
  -------------------------------------------------------------------    -------------------
                         (clock crg_clkout0 rise edge)
                                                      0.000     0.000 r  
    E3                                                0.000     0.000 r  clk100 (IN)
                         net (fo=0)                   0.000     0.000    clk100
    E3                   IBUF (Prop_ibuf_I_O)         1.482     1.482 r  clk100_IBUF_inst/O
                         net (fo=1, routed)           2.025     3.506    clk100_IBUF
    BUFGCTRL_X0Y16       BUFG (Prop_bufg_I_O)         0.096     3.602 r  clk100_IBUF_BUFG_inst/O
                         net (fo=1, routed)           2.240     5.843    clk100_IBUF_BUFG
    SLICE_X36Y28         LUT1 (Prop_lut1_I0_O)        0.124     5.967 r  clk100_inst/O
                         net (fo=9, routed)           1.719     7.685    crg_clkin
    MMCME2_ADV_X0Y0      MMCME2_ADV (Prop_mmcme2_adv_CLKIN1_CLKOUT0)
                                                      0.088     7.773 r  MMCME2_ADV/CLKOUT0
                         net (fo=1, routed)           2.018     9.792    crg_clkout0
    BUFGCTRL_X0Y0        BUFG (Prop_bufg_I_O)         0.096     9.888 r  BUFG/O
                         net (fo=3563, routed)        1.853    11.740    sys_clk
    RAMB36_X0Y6          RAMB36E1                                     r  tag_mem_reg_0/CLKARDCLK
  -------------------------------------------------------------------    -------------------
    RAMB36_X0Y6          RAMB36E1 (Prop_ramb36e1_CLKARDCLK_DOADO[0])
                                                      2.454    14.194 r  tag_mem_reg_0/DOADO[0]
                         net (fo=2, routed)           1.397    15.591    VexRiscv/IBusCachedPlugin_cache/basesoc_tag_do_tag[0]
    SLICE_X18Y36         LUT6 (Prop_lut6_I0_O)        0.124    15.715 r  VexRiscv/IBusCachedPlugin_cache/tag_mem_reg_0_i_31/O
                         net (fo=1, routed)           0.430    16.145    VexRiscv/IBusCachedPlugin_cache/tag_mem_reg_0_i_31_n_0
    SLICE_X17Y38         LUT5 (Prop_lut5_I0_O)        0.124    16.269 r  VexRiscv/IBusCachedPlugin_cache/tag_mem_reg_0_i_27/O
                         net (fo=1, routed)           0.000    16.269    VexRiscv/IBusCachedPlugin_cache/tag_mem_reg_0_i_27_n_0
    SLICE_X17Y38         CARRY4 (Prop_carry4_S[0]_CO[3])
                                                      0.532    16.801 r  VexRiscv/IBusCachedPlugin_cache/tag_mem_reg_0_i_22/CO[3]
                         net (fo=1, routed)           0.000    16.801    VexRiscv/IBusCachedPlugin_cache/tag_mem_reg_0_i_22_n_0
    SLICE_X17Y39         CARRY4 (Prop_carry4_CI_CO[0])
                                                      0.271    17.072 r  VexRiscv/IBusCachedPlugin_cache/tag_mem_reg_0_i_19/CO[0]
                         net (fo=6, routed)           1.268    18.340    VexRiscv/IBusCachedPlugin_cache/basesoc_wb_sdram_ack0
    SLICE_X46Y48         LUT6 (Prop_lut6_I1_O)        0.373    18.713 r  VexRiscv/IBusCachedPlugin_cache/data_mem_grain0_reg_0_i_21/O
                         net (fo=4, routed)           0.438    19.150    VexRiscv/IBusCachedPlugin_cache/p_213_out
    SLICE_X46Y49         LUT3 (Prop_lut3_I2_O)        0.117    19.267 r  VexRiscv/IBusCachedPlugin_cache/data_mem_grain8_reg_0_i_7/O
                         net (fo=4, routed)           1.206    20.473    VexRiscv/IBusCachedPlugin_cache/data_mem_grain8_reg_0_i_7_n_0
    SLICE_X61Y62         LUT5 (Prop_lut5_I3_O)        0.348    20.821 r  VexRiscv/IBusCachedPlugin_cache/data_mem_grain9_reg_0_i_6/O
                         net (fo=2, routed)           1.332    22.153    basesoc_data_port_we[9]
    RAMB36_X1Y17         RAMB36E1                                     r  data_mem_grain9_reg_0/WEA[0]
  -------------------------------------------------------------------    -------------------

                         (clock crg_clkout0 rise edge)
                                                     13.333    13.333 r  
    E3                                                0.000    13.333 r  clk100 (IN)
                         net (fo=0)                   0.000    13.333    clk100
    E3                   IBUF (Prop_ibuf_I_O)         1.411    14.745 r  clk100_IBUF_inst/O
                         net (fo=1, routed)           1.920    16.665    clk100_IBUF
    BUFGCTRL_X0Y16       BUFG (Prop_bufg_I_O)         0.091    16.756 r  clk100_IBUF_BUFG_inst/O
                         net (fo=1, routed)           2.028    18.783    clk100_IBUF_BUFG
    SLICE_X36Y28         LUT1 (Prop_lut1_I0_O)        0.100    18.883 r  clk100_inst/O
                         net (fo=9, routed)           1.477    20.360    crg_clkin
    MMCME2_ADV_X0Y0      MMCME2_ADV (Prop_mmcme2_adv_CLKIN1_CLKOUT0)
                                                      0.083    20.443 r  MMCME2_ADV/CLKOUT0
                         net (fo=1, routed)           1.923    22.366    crg_clkout0
    BUFGCTRL_X0Y0        BUFG (Prop_bufg_I_O)         0.091    22.457 r  BUFG/O
                         net (fo=3563, routed)        1.548    24.005    sys_clk
    RAMB36_X1Y17         RAMB36E1                                     r  data_mem_grain9_reg_0/CLKARDCLK
                         clock pessimism              0.772    24.777    
                         clock uncertainty           -0.070    24.707    
    RAMB36_X1Y17         RAMB36E1 (Setup_ramb36e1_CLKARDCLK_WEA[0])
                                                     -0.532    24.175    data_mem_grain9_reg_0
  -------------------------------------------------------------------
                         required time                         24.175    
                         arrival time                         -22.153    
  -------------------------------------------------------------------
                         slack                                  2.022    

Slack (MET) :             2.129ns  (required time - arrival time)
  Source:                 tag_mem_reg_0/CLKARDCLK
                            (rising edge-triggered cell RAMB36E1 clocked by crg_clkout0  {rise@0.000ns fall@6.667ns period=13.333ns})
  Destination:            data_mem_grain5_reg_0/WEA[0]
                            (rising edge-triggered cell RAMB36E1 clocked by crg_clkout0  {rise@0.000ns fall@6.667ns period=13.333ns})
  Path Group:             crg_clkout0
  Path Type:              Setup (Max at Slow Process Corner)
  Requirement:            13.333ns  (crg_clkout0 rise@13.333ns - crg_clkout0 rise@0.000ns)
  Data Path Delay:        10.317ns  (logic 4.322ns (41.893%)  route 5.995ns (58.107%))
  Logic Levels:           7  (CARRY4=2 LUT3=1 LUT5=2 LUT6=2)
  Clock Path Skew:        -0.286ns (DCD - SCD + CPR)
    Destination Clock Delay (DCD):    10.683ns = ( 24.016 - 13.333 ) 
    Source Clock Delay      (SCD):    11.740ns
    Clock Pessimism Removal (CPR):    0.772ns
  Clock Uncertainty:      0.070ns  ((TSJ^2 + DJ^2)^1/2) / 2 + PE
    Total System Jitter     (TSJ):    0.071ns
    Discrete Jitter          (DJ):    0.121ns
    Phase Error              (PE):    0.000ns

    Location             Delay type                Incr(ns)  Path(ns)    Netlist Resource(s)
  -------------------------------------------------------------------    -------------------
                         (clock crg_clkout0 rise edge)
                                                      0.000     0.000 r  
    E3                                                0.000     0.000 r  clk100 (IN)
                         net (fo=0)                   0.000     0.000    clk100
    E3                   IBUF (Prop_ibuf_I_O)         1.482     1.482 r  clk100_IBUF_inst/O
                         net (fo=1, routed)           2.025     3.506    clk100_IBUF
    BUFGCTRL_X0Y16       BUFG (Prop_bufg_I_O)         0.096     3.602 r  clk100_IBUF_BUFG_inst/O
                         net (fo=1, routed)           2.240     5.843    clk100_IBUF_BUFG
    SLICE_X36Y28         LUT1 (Prop_lut1_I0_O)        0.124     5.967 r  clk100_inst/O
                         net (fo=9, routed)           1.719     7.685    crg_clkin
    MMCME2_ADV_X0Y0      MMCME2_ADV (Prop_mmcme2_adv_CLKIN1_CLKOUT0)
                                                      0.088     7.773 r  MMCME2_ADV/CLKOUT0
                         net (fo=1, routed)           2.018     9.792    crg_clkout0
    BUFGCTRL_X0Y0        BUFG (Prop_bufg_I_O)         0.096     9.888 r  BUFG/O
                         net (fo=3563, routed)        1.853    11.740    sys_clk
    RAMB36_X0Y6          RAMB36E1                                     r  tag_mem_reg_0/CLKARDCLK
  -------------------------------------------------------------------    -------------------
    RAMB36_X0Y6          RAMB36E1 (Prop_ramb36e1_CLKARDCLK_DOADO[0])
                                                      2.454    14.194 r  tag_mem_reg_0/DOADO[0]
                         net (fo=2, routed)           1.397    15.591    VexRiscv/IBusCachedPlugin_cache/basesoc_tag_do_tag[0]
    SLICE_X18Y36         LUT6 (Prop_lut6_I0_O)        0.124    15.715 r  VexRiscv/IBusCachedPlugin_cache/tag_mem_reg_0_i_31/O
                         net (fo=1, routed)           0.430    16.145    VexRiscv/IBusCachedPlugin_cache/tag_mem_reg_0_i_31_n_0
    SLICE_X17Y38         LUT5 (Prop_lut5_I0_O)        0.124    16.269 r  VexRiscv/IBusCachedPlugin_cache/tag_mem_reg_0_i_27/O
                         net (fo=1, routed)           0.000    16.269    VexRiscv/IBusCachedPlugin_cache/tag_mem_reg_0_i_27_n_0
    SLICE_X17Y38         CARRY4 (Prop_carry4_S[0]_CO[3])
                                                      0.532    16.801 r  VexRiscv/IBusCachedPlugin_cache/tag_mem_reg_0_i_22/CO[3]
                         net (fo=1, routed)           0.000    16.801    VexRiscv/IBusCachedPlugin_cache/tag_mem_reg_0_i_22_n_0
    SLICE_X17Y39         CARRY4 (Prop_carry4_CI_CO[0])
                                                      0.271    17.072 r  VexRiscv/IBusCachedPlugin_cache/tag_mem_reg_0_i_19/CO[0]
                         net (fo=6, routed)           1.268    18.340    VexRiscv/IBusCachedPlugin_cache/basesoc_wb_sdram_ack0
    SLICE_X46Y48         LUT6 (Prop_lut6_I1_O)        0.373    18.713 r  VexRiscv/IBusCachedPlugin_cache/data_mem_grain0_reg_0_i_21/O
                         net (fo=4, routed)           0.427    19.139    VexRiscv/IBusCachedPlugin_cache/p_213_out
    SLICE_X46Y49         LUT3 (Prop_lut3_I2_O)        0.116    19.255 r  VexRiscv/IBusCachedPlugin_cache/data_mem_grain4_reg_0_i_7/O
                         net (fo=4, routed)           0.898    20.153    VexRiscv/IBusCachedPlugin_cache/data_mem_grain4_reg_0_i_7_n_0
    SLICE_X46Y61         LUT5 (Prop_lut5_I3_O)        0.328    20.481 r  VexRiscv/IBusCachedPlugin_cache/data_mem_grain5_reg_0_i_6/O
                         net (fo=2, routed)           1.576    22.057    basesoc_data_port_we[5]
    RAMB36_X0Y12         RAMB36E1                                     r  data_mem_grain5_reg_0/WEA[0]
  -------------------------------------------------------------------    -------------------

                         (clock crg_clkout0 rise edge)
                                                     13.333    13.333 r  
    E3                                                0.000    13.333 r  clk100 (IN)
                         net (fo=0)                   0.000    13.333    clk100
    E3                   IBUF (Prop_ibuf_I_O)         1.411    14.745 r  clk100_IBUF_inst/O
                         net (fo=1, routed)           1.920    16.665    clk100_IBUF
    BUFGCTRL_X0Y16       BUFG (Prop_bufg_I_O)         0.091    16.756 r  clk100_IBUF_BUFG_inst/O
                         net (fo=1, routed)           2.028    18.783    clk100_IBUF_BUFG
    SLICE_X36Y28         LUT1 (Prop_lut1_I0_O)        0.100    18.883 r  clk100_inst/O
                         net (fo=9, routed)           1.477    20.360    crg_clkin
    MMCME2_ADV_X0Y0      MMCME2_ADV (Prop_mmcme2_adv_CLKIN1_CLKOUT0)
                                                      0.083    20.443 r  MMCME2_ADV/CLKOUT0
                         net (fo=1, routed)           1.923    22.366    crg_clkout0
    BUFGCTRL_X0Y0        BUFG (Prop_bufg_I_O)         0.091    22.457 r  BUFG/O
                         net (fo=3563, routed)        1.559    24.016    sys_clk
    RAMB36_X0Y12         RAMB36E1                                     r  data_mem_grain5_reg_0/CLKARDCLK
                         clock pessimism              0.772    24.788    
                         clock uncertainty           -0.070    24.718    
    RAMB36_X0Y12         RAMB36E1 (Setup_ramb36e1_CLKARDCLK_WEA[0])
                                                     -0.532    24.186    data_mem_grain5_reg_0
  -------------------------------------------------------------------
                         required time                         24.186    
                         arrival time                         -22.057    
  -------------------------------------------------------------------
                         slack                                  2.129    

Slack (MET) :             2.162ns  (required time - arrival time)
  Source:                 tag_mem_reg_0/CLKARDCLK
                            (rising edge-triggered cell RAMB36E1 clocked by crg_clkout0  {rise@0.000ns fall@6.667ns period=13.333ns})
  Destination:            data_mem_grain11_reg_0/WEA[0]
                            (rising edge-triggered cell RAMB36E1 clocked by crg_clkout0  {rise@0.000ns fall@6.667ns period=13.333ns})
  Path Group:             crg_clkout0
  Path Type:              Setup (Max at Slow Process Corner)
  Requirement:            13.333ns  (crg_clkout0 rise@13.333ns - crg_clkout0 rise@0.000ns)
  Data Path Delay:        10.264ns  (logic 4.343ns (42.314%)  route 5.921ns (57.686%))
  Logic Levels:           7  (CARRY4=2 LUT3=1 LUT5=2 LUT6=2)
  Clock Path Skew:        -0.306ns (DCD - SCD + CPR)
    Destination Clock Delay (DCD):    10.663ns = ( 23.996 - 13.333 ) 
    Source Clock Delay      (SCD):    11.740ns
    Clock Pessimism Removal (CPR):    0.772ns
  Clock Uncertainty:      0.070ns  ((TSJ^2 + DJ^2)^1/2) / 2 + PE
    Total System Jitter     (TSJ):    0.071ns
    Discrete Jitter          (DJ):    0.121ns
    Phase Error              (PE):    0.000ns

    Location             Delay type                Incr(ns)  Path(ns)    Netlist Resource(s)
  -------------------------------------------------------------------    -------------------
                         (clock crg_clkout0 rise edge)
                                                      0.000     0.000 r  
    E3                                                0.000     0.000 r  clk100 (IN)
                         net (fo=0)                   0.000     0.000    clk100
    E3                   IBUF (Prop_ibuf_I_O)         1.482     1.482 r  clk100_IBUF_inst/O
                         net (fo=1, routed)           2.025     3.506    clk100_IBUF
    BUFGCTRL_X0Y16       BUFG (Prop_bufg_I_O)         0.096     3.602 r  clk100_IBUF_BUFG_inst/O
                         net (fo=1, routed)           2.240     5.843    clk100_IBUF_BUFG
    SLICE_X36Y28         LUT1 (Prop_lut1_I0_O)        0.124     5.967 r  clk100_inst/O
                         net (fo=9, routed)           1.719     7.685    crg_clkin
    MMCME2_ADV_X0Y0      MMCME2_ADV (Prop_mmcme2_adv_CLKIN1_CLKOUT0)
                                                      0.088     7.773 r  MMCME2_ADV/CLKOUT0
                         net (fo=1, routed)           2.018     9.792    crg_clkout0
    BUFGCTRL_X0Y0        BUFG (Prop_bufg_I_O)         0.096     9.888 r  BUFG/O
                         net (fo=3563, routed)        1.853    11.740    sys_clk
    RAMB36_X0Y6          RAMB36E1                                     r  tag_mem_reg_0/CLKARDCLK
  -------------------------------------------------------------------    -------------------
    RAMB36_X0Y6          RAMB36E1 (Prop_ramb36e1_CLKARDCLK_DOADO[0])
                                                      2.454    14.194 r  tag_mem_reg_0/DOADO[0]
                         net (fo=2, routed)           1.397    15.591    VexRiscv/IBusCachedPlugin_cache/basesoc_tag_do_tag[0]
    SLICE_X18Y36         LUT6 (Prop_lut6_I0_O)        0.124    15.715 r  VexRiscv/IBusCachedPlugin_cache/tag_mem_reg_0_i_31/O
                         net (fo=1, routed)           0.430    16.145    VexRiscv/IBusCachedPlugin_cache/tag_mem_reg_0_i_31_n_0
    SLICE_X17Y38         LUT5 (Prop_lut5_I0_O)        0.124    16.269 r  VexRiscv/IBusCachedPlugin_cache/tag_mem_reg_0_i_27/O
                         net (fo=1, routed)           0.000    16.269    VexRiscv/IBusCachedPlugin_cache/tag_mem_reg_0_i_27_n_0
    SLICE_X17Y38         CARRY4 (Prop_carry4_S[0]_CO[3])
                                                      0.532    16.801 r  VexRiscv/IBusCachedPlugin_cache/tag_mem_reg_0_i_22/CO[3]
                         net (fo=1, routed)           0.000    16.801    VexRiscv/IBusCachedPlugin_cache/tag_mem_reg_0_i_22_n_0
    SLICE_X17Y39         CARRY4 (Prop_carry4_CI_CO[0])
                                                      0.271    17.072 r  VexRiscv/IBusCachedPlugin_cache/tag_mem_reg_0_i_19/CO[0]
                         net (fo=6, routed)           1.268    18.340    VexRiscv/IBusCachedPlugin_cache/basesoc_wb_sdram_ack0
    SLICE_X46Y48         LUT6 (Prop_lut6_I1_O)        0.373    18.713 r  VexRiscv/IBusCachedPlugin_cache/data_mem_grain0_reg_0_i_21/O
                         net (fo=4, routed)           0.438    19.150    VexRiscv/IBusCachedPlugin_cache/p_213_out
    SLICE_X46Y49         LUT3 (Prop_lut3_I2_O)        0.117    19.267 r  VexRiscv/IBusCachedPlugin_cache/data_mem_grain8_reg_0_i_7/O
                         net (fo=4, routed)           1.202    20.469    VexRiscv/IBusCachedPlugin_cache/data_mem_grain8_reg_0_i_7_n_0
    SLICE_X61Y62         LUT5 (Prop_lut5_I3_O)        0.348    20.817 r  VexRiscv/IBusCachedPlugin_cache/data_mem_grain11_reg_0_i_6/O
                         net (fo=2, routed)           1.187    22.004    basesoc_data_port_we[11]
    RAMB36_X1Y15         RAMB36E1                                     r  data_mem_grain11_reg_0/WEA[0]
  -------------------------------------------------------------------    -------------------

                         (clock crg_clkout0 rise edge)
                                                     13.333    13.333 r  
    E3                                                0.000    13.333 r  clk100 (IN)
                         net (fo=0)                   0.000    13.333    clk100
    E3                   IBUF (Prop_ibuf_I_O)         1.411    14.745 r  clk100_IBUF_inst/O
                         net (fo=1, routed)           1.920    16.665    clk100_IBUF
    BUFGCTRL_X0Y16       BUFG (Prop_bufg_I_O)         0.091    16.756 r  clk100_IBUF_BUFG_inst/O
                         net (fo=1, routed)           2.028    18.783    clk100_IBUF_BUFG
    SLICE_X36Y28         LUT1 (Prop_lut1_I0_O)        0.100    18.883 r  clk100_inst/O
                         net (fo=9, routed)           1.477    20.360    crg_clkin
    MMCME2_ADV_X0Y0      MMCME2_ADV (Prop_mmcme2_adv_CLKIN1_CLKOUT0)
                                                      0.083    20.443 r  MMCME2_ADV/CLKOUT0
                         net (fo=1, routed)           1.923    22.366    crg_clkout0
    BUFGCTRL_X0Y0        BUFG (Prop_bufg_I_O)         0.091    22.457 r  BUFG/O
                         net (fo=3563, routed)        1.539    23.996    sys_clk
    RAMB36_X1Y15         RAMB36E1                                     r  data_mem_grain11_reg_0/CLKARDCLK
                         clock pessimism              0.772    24.768    
                         clock uncertainty           -0.070    24.698    
    RAMB36_X1Y15         RAMB36E1 (Setup_ramb36e1_CLKARDCLK_WEA[0])
                                                     -0.532    24.166    data_mem_grain11_reg_0
  -------------------------------------------------------------------
                         required time                         24.166    
                         arrival time                         -22.004    
  -------------------------------------------------------------------
                         slack                                  2.162    

Slack (MET) :             2.223ns  (required time - arrival time)
  Source:                 tag_mem_reg_0/CLKARDCLK
                            (rising edge-triggered cell RAMB36E1 clocked by crg_clkout0  {rise@0.000ns fall@6.667ns period=13.333ns})
  Destination:            data_mem_grain8_reg_0/WEA[0]
                            (rising edge-triggered cell RAMB36E1 clocked by crg_clkout0  {rise@0.000ns fall@6.667ns period=13.333ns})
  Path Group:             crg_clkout0
  Path Type:              Setup (Max at Slow Process Corner)
  Requirement:            13.333ns  (crg_clkout0 rise@13.333ns - crg_clkout0 rise@0.000ns)
  Data Path Delay:        10.428ns  (logic 4.343ns (41.647%)  route 6.085ns (58.353%))
  Logic Levels:           7  (CARRY4=2 LUT3=1 LUT5=2 LUT6=2)
  Clock Path Skew:        -0.080ns (DCD - SCD + CPR)
    Destination Clock Delay (DCD):    10.880ns = ( 24.214 - 13.333 ) 
    Source Clock Delay      (SCD):    11.740ns
    Clock Pessimism Removal (CPR):    0.780ns
  Clock Uncertainty:      0.070ns  ((TSJ^2 + DJ^2)^1/2) / 2 + PE
    Total System Jitter     (TSJ):    0.071ns
    Discrete Jitter          (DJ):    0.121ns
    Phase Error              (PE):    0.000ns

    Location             Delay type                Incr(ns)  Path(ns)    Netlist Resource(s)
  -------------------------------------------------------------------    -------------------
                         (clock crg_clkout0 rise edge)
                                                      0.000     0.000 r  
    E3                                                0.000     0.000 r  clk100 (IN)
                         net (fo=0)                   0.000     0.000    clk100
    E3                   IBUF (Prop_ibuf_I_O)         1.482     1.482 r  clk100_IBUF_inst/O
                         net (fo=1, routed)           2.025     3.506    clk100_IBUF
    BUFGCTRL_X0Y16       BUFG (Prop_bufg_I_O)         0.096     3.602 r  clk100_IBUF_BUFG_inst/O
                         net (fo=1, routed)           2.240     5.843    clk100_IBUF_BUFG
    SLICE_X36Y28         LUT1 (Prop_lut1_I0_O)        0.124     5.967 r  clk100_inst/O
                         net (fo=9, routed)           1.719     7.685    crg_clkin
    MMCME2_ADV_X0Y0      MMCME2_ADV (Prop_mmcme2_adv_CLKIN1_CLKOUT0)
                                                      0.088     7.773 r  MMCME2_ADV/CLKOUT0
                         net (fo=1, routed)           2.018     9.792    crg_clkout0
    BUFGCTRL_X0Y0        BUFG (Prop_bufg_I_O)         0.096     9.888 r  BUFG/O
                         net (fo=3563, routed)        1.853    11.740    sys_clk
    RAMB36_X0Y6          RAMB36E1                                     r  tag_mem_reg_0/CLKARDCLK
  -------------------------------------------------------------------    -------------------
    RAMB36_X0Y6          RAMB36E1 (Prop_ramb36e1_CLKARDCLK_DOADO[0])
                                                      2.454    14.194 r  tag_mem_reg_0/DOADO[0]
                         net (fo=2, routed)           1.397    15.591    VexRiscv/IBusCachedPlugin_cache/basesoc_tag_do_tag[0]
    SLICE_X18Y36         LUT6 (Prop_lut6_I0_O)        0.124    15.715 r  VexRiscv/IBusCachedPlugin_cache/tag_mem_reg_0_i_31/O
                         net (fo=1, routed)           0.430    16.145    VexRiscv/IBusCachedPlugin_cache/tag_mem_reg_0_i_31_n_0
    SLICE_X17Y38         LUT5 (Prop_lut5_I0_O)        0.124    16.269 r  VexRiscv/IBusCachedPlugin_cache/tag_mem_reg_0_i_27/O
                         net (fo=1, routed)           0.000    16.269    VexRiscv/IBusCachedPlugin_cache/tag_mem_reg_0_i_27_n_0
    SLICE_X17Y38         CARRY4 (Prop_carry4_S[0]_CO[3])
                                                      0.532    16.801 r  VexRiscv/IBusCachedPlugin_cache/tag_mem_reg_0_i_22/CO[3]
                         net (fo=1, routed)           0.000    16.801    VexRiscv/IBusCachedPlugin_cache/tag_mem_reg_0_i_22_n_0
    SLICE_X17Y39         CARRY4 (Prop_carry4_CI_CO[0])
                                                      0.271    17.072 r  VexRiscv/IBusCachedPlugin_cache/tag_mem_reg_0_i_19/CO[0]
                         net (fo=6, routed)           1.268    18.340    VexRiscv/IBusCachedPlugin_cache/basesoc_wb_sdram_ack0
    SLICE_X46Y48         LUT6 (Prop_lut6_I1_O)        0.373    18.713 r  VexRiscv/IBusCachedPlugin_cache/data_mem_grain0_reg_0_i_21/O
                         net (fo=4, routed)           0.438    19.150    VexRiscv/IBusCachedPlugin_cache/p_213_out
    SLICE_X46Y49         LUT3 (Prop_lut3_I2_O)        0.117    19.267 r  VexRiscv/IBusCachedPlugin_cache/data_mem_grain8_reg_0_i_7/O
                         net (fo=4, routed)           0.815    20.082    VexRiscv/IBusCachedPlugin_cache/data_mem_grain8_reg_0_i_7_n_0
    SLICE_X61Y48         LUT5 (Prop_lut5_I3_O)        0.348    20.430 r  VexRiscv/IBusCachedPlugin_cache/data_mem_grain8_reg_0_i_6/O
                         net (fo=2, routed)           1.738    22.169    basesoc_data_port_we[8]
    RAMB36_X2Y3          RAMB36E1                                     r  data_mem_grain8_reg_0/WEA[0]
  -------------------------------------------------------------------    -------------------

                         (clock crg_clkout0 rise edge)
                                                     13.333    13.333 r  
    E3                                                0.000    13.333 r  clk100 (IN)
                         net (fo=0)                   0.000    13.333    clk100
    E3                   IBUF (Prop_ibuf_I_O)         1.411    14.745 r  clk100_IBUF_inst/O
                         net (fo=1, routed)           1.920    16.665    clk100_IBUF
    BUFGCTRL_X0Y16       BUFG (Prop_bufg_I_O)         0.091    16.756 r  clk100_IBUF_BUFG_inst/O
                         net (fo=1, routed)           2.028    18.783    clk100_IBUF_BUFG
    SLICE_X36Y28         LUT1 (Prop_lut1_I0_O)        0.100    18.883 r  clk100_inst/O
                         net (fo=9, routed)           1.477    20.360    crg_clkin
    MMCME2_ADV_X0Y0      MMCME2_ADV (Prop_mmcme2_adv_CLKIN1_CLKOUT0)
                                                      0.083    20.443 r  MMCME2_ADV/CLKOUT0
                         net (fo=1, routed)           1.923    22.366    crg_clkout0
    BUFGCTRL_X0Y0        BUFG (Prop_bufg_I_O)         0.091    22.457 r  BUFG/O
                         net (fo=3563, routed)        1.756    24.214    sys_clk
    RAMB36_X2Y3          RAMB36E1                                     r  data_mem_grain8_reg_0/CLKARDCLK
                         clock pessimism              0.780    24.994    
                         clock uncertainty           -0.070    24.924    
    RAMB36_X2Y3          RAMB36E1 (Setup_ramb36e1_CLKARDCLK_WEA[0])
                                                     -0.532    24.392    data_mem_grain8_reg_0
  -------------------------------------------------------------------
                         required time                         24.392    
                         arrival time                         -22.169    
  -------------------------------------------------------------------
                         slack                                  2.223    





Min Delay Paths
--------------------------------------------------------------------------------------
Slack (MET) :             0.069ns  (arrival time - required time)
  Source:                 VexRiscv/memory_to_writeBack_MEMORY_STORE_DATA_RF_reg[20]/C
                            (rising edge-triggered cell FDRE clocked by crg_clkout0  {rise@0.000ns fall@6.667ns period=13.333ns})
  Destination:            VexRiscv/toplevel_dataCache_1_io_mem_cmd_rData_data_reg[20]/D
                            (rising edge-triggered cell FDRE clocked by crg_clkout0  {rise@0.000ns fall@6.667ns period=13.333ns})
  Path Group:             crg_clkout0
  Path Type:              Hold (Min at Fast Process Corner)
  Requirement:            0.000ns  (crg_clkout0 rise@0.000ns - crg_clkout0 rise@0.000ns)
  Data Path Delay:        0.398ns  (logic 0.141ns (35.429%)  route 0.257ns (64.571%))
  Logic Levels:           0  
  Clock Path Skew:        0.266ns (DCD - SCD - CPR)
    Destination Clock Delay (DCD):    4.878ns
    Source Clock Delay      (SCD):    3.876ns
    Clock Pessimism Removal (CPR):    0.736ns

    Location             Delay type                Incr(ns)  Path(ns)    Netlist Resource(s)
  -------------------------------------------------------------------    -------------------
                         (clock crg_clkout0 rise edge)
                                                      0.000     0.000 r  
    E3                                                0.000     0.000 r  clk100 (IN)
                         net (fo=0)                   0.000     0.000    clk100
    E3                   IBUF (Prop_ibuf_I_O)         0.250     0.250 r  clk100_IBUF_inst/O
                         net (fo=1, routed)           0.644     0.894    clk100_IBUF
    BUFGCTRL_X0Y16       BUFG (Prop_bufg_I_O)         0.026     0.920 r  clk100_IBUF_BUFG_inst/O
                         net (fo=1, routed)           0.776     1.696    clk100_IBUF_BUFG
    SLICE_X36Y28         LUT1 (Prop_lut1_I0_O)        0.045     1.741 r  clk100_inst/O
                         net (fo=9, routed)           0.786     2.526    crg_clkin
    MMCME2_ADV_X0Y0      MMCME2_ADV (Prop_mmcme2_adv_CLKIN1_CLKOUT0)
                                                      0.050     2.576 r  MMCME2_ADV/CLKOUT0
                         net (fo=1, routed)           0.648     3.224    crg_clkout0
    BUFGCTRL_X0Y0        BUFG (Prop_bufg_I_O)         0.026     3.250 r  BUFG/O
                         net (fo=3563, routed)        0.626     3.876    VexRiscv/stageB_flusher_counter_reg[0]_1
    SLICE_X51Y37         FDRE                                         r  VexRiscv/memory_to_writeBack_MEMORY_STORE_DATA_RF_reg[20]/C
  -------------------------------------------------------------------    -------------------
    SLICE_X51Y37         FDRE (Prop_fdre_C_Q)         0.141     4.017 r  VexRiscv/memory_to_writeBack_MEMORY_STORE_DATA_RF_reg[20]/Q
                         net (fo=3, routed)           0.257     4.274    VexRiscv/memory_to_writeBack_MEMORY_STORE_DATA_RF[20]
    SLICE_X54Y42         FDRE                                         r  VexRiscv/toplevel_dataCache_1_io_mem_cmd_rData_data_reg[20]/D
  -------------------------------------------------------------------    -------------------

                         (clock crg_clkout0 rise edge)
                                                      0.000     0.000 r  
    E3                                                0.000     0.000 r  clk100 (IN)
                         net (fo=0)                   0.000     0.000    clk100
    E3                   IBUF (Prop_ibuf_I_O)         0.438     0.438 r  clk100_IBUF_inst/O
                         net (fo=1, routed)           0.699     1.136    clk100_IBUF
    BUFGCTRL_X0Y16       BUFG (Prop_bufg_I_O)         0.029     1.165 r  clk100_IBUF_BUFG_inst/O
                         net (fo=1, routed)           1.077     2.243    clk100_IBUF_BUFG
    SLICE_X36Y28         LUT1 (Prop_lut1_I0_O)        0.056     2.299 r  clk100_inst/O
                         net (fo=9, routed)           0.897     3.195    crg_clkin
    MMCME2_ADV_X0Y0      MMCME2_ADV (Prop_mmcme2_adv_CLKIN1_CLKOUT0)
                                                      0.053     3.248 r  MMCME2_ADV/CLKOUT0
                         net (fo=1, routed)           0.700     3.949    crg_clkout0
    BUFGCTRL_X0Y0        BUFG (Prop_bufg_I_O)         0.029     3.978 r  BUFG/O
                         net (fo=3563, routed)        0.901     4.878    VexRiscv/stageB_flusher_counter_reg[0]_1
    SLICE_X54Y42         FDRE                                         r  VexRiscv/toplevel_dataCache_1_io_mem_cmd_rData_data_reg[20]/C
                         clock pessimism             -0.736     4.142    
    SLICE_X54Y42         FDRE (Hold_fdre_C_D)         0.063     4.205    VexRiscv/toplevel_dataCache_1_io_mem_cmd_rData_data_reg[20]
  -------------------------------------------------------------------
                         required time                         -4.205    
                         arrival time                           4.274    
  -------------------------------------------------------------------
                         slack                                  0.069    

Slack (MET) :             0.070ns  (arrival time - required time)
  Source:                 basesoc_tx_phase_reg[3]/C
                            (rising edge-triggered cell FDSE clocked by crg_clkout0  {rise@0.000ns fall@6.667ns period=13.333ns})
  Destination:            basesoc_tx_phase_reg[5]/D
                            (rising edge-triggered cell FDRE clocked by crg_clkout0  {rise@0.000ns fall@6.667ns period=13.333ns})
  Path Group:             crg_clkout0
  Path Type:              Hold (Min at Fast Process Corner)
  Requirement:            0.000ns  (crg_clkout0 rise@0.000ns - crg_clkout0 rise@0.000ns)
  Data Path Delay:        0.383ns  (logic 0.312ns (81.559%)  route 0.071ns (18.441%))
  Logic Levels:           2  (CARRY4=2)
  Clock Path Skew:        0.207ns (DCD - SCD - CPR)
    Destination Clock Delay (DCD):    4.843ns
    Source Clock Delay      (SCD):    3.903ns
    Clock Pessimism Removal (CPR):    0.732ns

    Location             Delay type                Incr(ns)  Path(ns)    Netlist Resource(s)
  -------------------------------------------------------------------    -------------------
                         (clock crg_clkout0 rise edge)
                                                      0.000     0.000 r  
    E3                                                0.000     0.000 r  clk100 (IN)
                         net (fo=0)                   0.000     0.000    clk100
    E3                   IBUF (Prop_ibuf_I_O)         0.250     0.250 r  clk100_IBUF_inst/O
                         net (fo=1, routed)           0.644     0.894    clk100_IBUF
    BUFGCTRL_X0Y16       BUFG (Prop_bufg_I_O)         0.026     0.920 r  clk100_IBUF_BUFG_inst/O
                         net (fo=1, routed)           0.776     1.696    clk100_IBUF_BUFG
    SLICE_X36Y28         LUT1 (Prop_lut1_I0_O)        0.045     1.741 r  clk100_inst/O
                         net (fo=9, routed)           0.786     2.526    crg_clkin
    MMCME2_ADV_X0Y0      MMCME2_ADV (Prop_mmcme2_adv_CLKIN1_CLKOUT0)
                                                      0.050     2.576 r  MMCME2_ADV/CLKOUT0
                         net (fo=1, routed)           0.648     3.224    crg_clkout0
    BUFGCTRL_X0Y0        BUFG (Prop_bufg_I_O)         0.026     3.250 r  BUFG/O
                         net (fo=3563, routed)        0.653     3.903    sys_clk
    SLICE_X72Y49         FDSE                                         r  basesoc_tx_phase_reg[3]/C
  -------------------------------------------------------------------    -------------------
    SLICE_X72Y49         FDSE (Prop_fdse_C_Q)         0.141     4.044 r  basesoc_tx_phase_reg[3]/Q
                         net (fo=2, routed)           0.070     4.114    basesoc_tx_phase[3]
    SLICE_X72Y49         CARRY4 (Prop_carry4_DI[2]_CO[3])
                                                      0.117     4.231 r  basesoc_tx_phase_reg[4]_i_1/CO[3]
                         net (fo=1, routed)           0.001     4.232    basesoc_tx_phase_reg[4]_i_1_n_0
    SLICE_X72Y50         CARRY4 (Prop_carry4_CI_O[0])
                                                      0.054     4.286 r  basesoc_tx_phase_reg[8]_i_1/O[0]
                         net (fo=1, routed)           0.000     4.286    basesoc_tx_phase0[5]
    SLICE_X72Y50         FDRE                                         r  basesoc_tx_phase_reg[5]/D
  -------------------------------------------------------------------    -------------------

                         (clock crg_clkout0 rise edge)
                                                      0.000     0.000 r  
    E3                                                0.000     0.000 r  clk100 (IN)
                         net (fo=0)                   0.000     0.000    clk100
    E3                   IBUF (Prop_ibuf_I_O)         0.438     0.438 r  clk100_IBUF_inst/O
                         net (fo=1, routed)           0.699     1.136    clk100_IBUF
    BUFGCTRL_X0Y16       BUFG (Prop_bufg_I_O)         0.029     1.165 r  clk100_IBUF_BUFG_inst/O
                         net (fo=1, routed)           1.077     2.243    clk100_IBUF_BUFG
    SLICE_X36Y28         LUT1 (Prop_lut1_I0_O)        0.056     2.299 r  clk100_inst/O
                         net (fo=9, routed)           0.897     3.195    crg_clkin
    MMCME2_ADV_X0Y0      MMCME2_ADV (Prop_mmcme2_adv_CLKIN1_CLKOUT0)
                                                      0.053     3.248 r  MMCME2_ADV/CLKOUT0
                         net (fo=1, routed)           0.700     3.949    crg_clkout0
    BUFGCTRL_X0Y0        BUFG (Prop_bufg_I_O)         0.029     3.978 r  BUFG/O
                         net (fo=3563, routed)        0.866     4.843    sys_clk
    SLICE_X72Y50         FDRE                                         r  basesoc_tx_phase_reg[5]/C
                         clock pessimism             -0.732     4.111    
    SLICE_X72Y50         FDRE (Hold_fdre_C_D)         0.105     4.216    basesoc_tx_phase_reg[5]
  -------------------------------------------------------------------
                         required time                         -4.216    
                         arrival time                           4.286    
  -------------------------------------------------------------------
                         slack                                  0.070    

Slack (MET) :             0.074ns  (arrival time - required time)
  Source:                 basesoc_rx_phase_reg[3]/C
                            (rising edge-triggered cell FDRE clocked by crg_clkout0  {rise@0.000ns fall@6.667ns period=13.333ns})
  Destination:            basesoc_rx_phase_reg[5]/D
                            (rising edge-triggered cell FDRE clocked by crg_clkout0  {rise@0.000ns fall@6.667ns period=13.333ns})
  Path Group:             crg_clkout0
  Path Type:              Hold (Min at Fast Process Corner)
  Requirement:            0.000ns  (crg_clkout0 rise@0.000ns - crg_clkout0 rise@0.000ns)
  Data Path Delay:        0.380ns  (logic 0.312ns (82.171%)  route 0.068ns (17.829%))
  Logic Levels:           2  (CARRY4=2)
  Clock Path Skew:        0.200ns (DCD - SCD - CPR)
    Destination Clock Delay (DCD):    4.816ns
    Source Clock Delay      (SCD):    3.883ns
    Clock Pessimism Removal (CPR):    0.732ns

    Location             Delay type                Incr(ns)  Path(ns)    Netlist Resource(s)
  -------------------------------------------------------------------    -------------------
                         (clock crg_clkout0 rise edge)
                                                      0.000     0.000 r  
    E3                                                0.000     0.000 r  clk100 (IN)
                         net (fo=0)                   0.000     0.000    clk100
    E3                   IBUF (Prop_ibuf_I_O)         0.250     0.250 r  clk100_IBUF_inst/O
                         net (fo=1, routed)           0.644     0.894    clk100_IBUF
    BUFGCTRL_X0Y16       BUFG (Prop_bufg_I_O)         0.026     0.920 r  clk100_IBUF_BUFG_inst/O
                         net (fo=1, routed)           0.776     1.696    clk100_IBUF_BUFG
    SLICE_X36Y28         LUT1 (Prop_lut1_I0_O)        0.045     1.741 r  clk100_inst/O
                         net (fo=9, routed)           0.786     2.526    crg_clkin
    MMCME2_ADV_X0Y0      MMCME2_ADV (Prop_mmcme2_adv_CLKIN1_CLKOUT0)
                                                      0.050     2.576 r  MMCME2_ADV/CLKOUT0
                         net (fo=1, routed)           0.648     3.224    crg_clkout0
    BUFGCTRL_X0Y0        BUFG (Prop_bufg_I_O)         0.026     3.250 r  BUFG/O
                         net (fo=3563, routed)        0.633     3.883    sys_clk
    SLICE_X71Y49         FDRE                                         r  basesoc_rx_phase_reg[3]/C
  -------------------------------------------------------------------    -------------------
    SLICE_X71Y49         FDRE (Prop_fdre_C_Q)         0.141     4.024 r  basesoc_rx_phase_reg[3]/Q
                         net (fo=2, routed)           0.067     4.091    basesoc_rx_phase[3]
    SLICE_X71Y49         CARRY4 (Prop_carry4_DI[2]_CO[3])
                                                      0.117     4.208 r  basesoc_rx_phase_reg[4]_i_1/CO[3]
                         net (fo=1, routed)           0.001     4.209    basesoc_rx_phase_reg[4]_i_1_n_0
    SLICE_X71Y50         CARRY4 (Prop_carry4_CI_O[0])
                                                      0.054     4.263 r  basesoc_rx_phase_reg[8]_i_1/O[0]
                         net (fo=1, routed)           0.000     4.263    basesoc_rx_phase_reg[8]_i_1_n_7
    SLICE_X71Y50         FDRE                                         r  basesoc_rx_phase_reg[5]/D
  -------------------------------------------------------------------    -------------------

                         (clock crg_clkout0 rise edge)
                                                      0.000     0.000 r  
    E3                                                0.000     0.000 r  clk100 (IN)
                         net (fo=0)                   0.000     0.000    clk100
    E3                   IBUF (Prop_ibuf_I_O)         0.438     0.438 r  clk100_IBUF_inst/O
                         net (fo=1, routed)           0.699     1.136    clk100_IBUF
    BUFGCTRL_X0Y16       BUFG (Prop_bufg_I_O)         0.029     1.165 r  clk100_IBUF_BUFG_inst/O
                         net (fo=1, routed)           1.077     2.243    clk100_IBUF_BUFG
    SLICE_X36Y28         LUT1 (Prop_lut1_I0_O)        0.056     2.299 r  clk100_inst/O
                         net (fo=9, routed)           0.897     3.195    crg_clkin
    MMCME2_ADV_X0Y0      MMCME2_ADV (Prop_mmcme2_adv_CLKIN1_CLKOUT0)
                                                      0.053     3.248 r  MMCME2_ADV/CLKOUT0
                         net (fo=1, routed)           0.700     3.949    crg_clkout0
    BUFGCTRL_X0Y0        BUFG (Prop_bufg_I_O)         0.029     3.978 r  BUFG/O
                         net (fo=3563, routed)        0.839     4.816    sys_clk
    SLICE_X71Y50         FDRE                                         r  basesoc_rx_phase_reg[5]/C
                         clock pessimism             -0.732     4.084    
    SLICE_X71Y50         FDRE (Hold_fdre_C_D)         0.105     4.189    basesoc_rx_phase_reg[5]
  -------------------------------------------------------------------
                         required time                         -4.189    
                         arrival time                           4.263    
  -------------------------------------------------------------------
                         slack                                  0.074    

Slack (MET) :             0.081ns  (arrival time - required time)
  Source:                 VexRiscv/iBusWishbone_DAT_MISO_regNext_reg[15]/C
                            (rising edge-triggered cell FDRE clocked by crg_clkout0  {rise@0.000ns fall@6.667ns period=13.333ns})
  Destination:            VexRiscv/IBusCachedPlugin_cache/banks_0_reg/DIADI[15]
                            (rising edge-triggered cell RAMB36E1 clocked by crg_clkout0  {rise@0.000ns fall@6.667ns period=13.333ns})
  Path Group:             crg_clkout0
  Path Type:              Hold (Min at Fast Process Corner)
  Requirement:            0.000ns  (crg_clkout0 rise@0.000ns - crg_clkout0 rise@0.000ns)
  Data Path Delay:        0.607ns  (logic 0.141ns (23.247%)  route 0.466ns (76.753%))
  Logic Levels:           0  
  Clock Path Skew:        0.370ns (DCD - SCD - CPR)
    Destination Clock Delay (DCD):    4.920ns
    Source Clock Delay      (SCD):    3.817ns
    Clock Pessimism Removal (CPR):    0.732ns

    Location             Delay type                Incr(ns)  Path(ns)    Netlist Resource(s)
  -------------------------------------------------------------------    -------------------
                         (clock crg_clkout0 rise edge)
                                                      0.000     0.000 r  
    E3                                                0.000     0.000 r  clk100 (IN)
                         net (fo=0)                   0.000     0.000    clk100
    E3                   IBUF (Prop_ibuf_I_O)         0.250     0.250 r  clk100_IBUF_inst/O
                         net (fo=1, routed)           0.644     0.894    clk100_IBUF
    BUFGCTRL_X0Y16       BUFG (Prop_bufg_I_O)         0.026     0.920 r  clk100_IBUF_BUFG_inst/O
                         net (fo=1, routed)           0.776     1.696    clk100_IBUF_BUFG
    SLICE_X36Y28         LUT1 (Prop_lut1_I0_O)        0.045     1.741 r  clk100_inst/O
                         net (fo=9, routed)           0.786     2.526    crg_clkin
    MMCME2_ADV_X0Y0      MMCME2_ADV (Prop_mmcme2_adv_CLKIN1_CLKOUT0)
                                                      0.050     2.576 r  MMCME2_ADV/CLKOUT0
                         net (fo=1, routed)           0.648     3.224    crg_clkout0
    BUFGCTRL_X0Y0        BUFG (Prop_bufg_I_O)         0.026     3.250 r  BUFG/O
                         net (fo=3563, routed)        0.567     3.817    VexRiscv/stageB_flusher_counter_reg[0]_1
    SLICE_X63Y51         FDRE                                         r  VexRiscv/iBusWishbone_DAT_MISO_regNext_reg[15]/C
  -------------------------------------------------------------------    -------------------
    SLICE_X63Y51         FDRE (Prop_fdre_C_Q)         0.141     3.958 r  VexRiscv/iBusWishbone_DAT_MISO_regNext_reg[15]/Q
                         net (fo=3, routed)           0.466     4.423    VexRiscv/IBusCachedPlugin_cache/iBusWishbone_DAT_MISO_regNext[15]
    RAMB36_X1Y6          RAMB36E1                                     r  VexRiscv/IBusCachedPlugin_cache/banks_0_reg/DIADI[15]
  -------------------------------------------------------------------    -------------------

                         (clock crg_clkout0 rise edge)
                                                      0.000     0.000 r  
    E3                                                0.000     0.000 r  clk100 (IN)
                         net (fo=0)                   0.000     0.000    clk100
    E3                   IBUF (Prop_ibuf_I_O)         0.438     0.438 r  clk100_IBUF_inst/O
                         net (fo=1, routed)           0.699     1.136    clk100_IBUF
    BUFGCTRL_X0Y16       BUFG (Prop_bufg_I_O)         0.029     1.165 r  clk100_IBUF_BUFG_inst/O
                         net (fo=1, routed)           1.077     2.243    clk100_IBUF_BUFG
    SLICE_X36Y28         LUT1 (Prop_lut1_I0_O)        0.056     2.299 r  clk100_inst/O
                         net (fo=9, routed)           0.897     3.195    crg_clkin
    MMCME2_ADV_X0Y0      MMCME2_ADV (Prop_mmcme2_adv_CLKIN1_CLKOUT0)
                                                      0.053     3.248 r  MMCME2_ADV/CLKOUT0
                         net (fo=1, routed)           0.700     3.949    crg_clkout0
    BUFGCTRL_X0Y0        BUFG (Prop_bufg_I_O)         0.029     3.978 r  BUFG/O
                         net (fo=3563, routed)        0.942     4.920    VexRiscv/IBusCachedPlugin_cache/lineLoader_flushCounter_reg[7]_0
    RAMB36_X1Y6          RAMB36E1                                     r  VexRiscv/IBusCachedPlugin_cache/banks_0_reg/CLKARDCLK
                         clock pessimism             -0.732     4.187    
    RAMB36_X1Y6          RAMB36E1 (Hold_ramb36e1_CLKARDCLK_DIADI[15])
                                                      0.155     4.342    VexRiscv/IBusCachedPlugin_cache/banks_0_reg
  -------------------------------------------------------------------
                         required time                         -4.342    
                         arrival time                           4.423    
  -------------------------------------------------------------------
                         slack                                  0.081    

Slack (MET) :             0.081ns  (arrival time - required time)
  Source:                 basesoc_tx_phase_reg[3]/C
                            (rising edge-triggered cell FDSE clocked by crg_clkout0  {rise@0.000ns fall@6.667ns period=13.333ns})
  Destination:            basesoc_tx_phase_reg[7]/D
                            (rising edge-triggered cell FDSE clocked by crg_clkout0  {rise@0.000ns fall@6.667ns period=13.333ns})
  Path Group:             crg_clkout0
  Path Type:              Hold (Min at Fast Process Corner)
  Requirement:            0.000ns  (crg_clkout0 rise@0.000ns - crg_clkout0 rise@0.000ns)
  Data Path Delay:        0.394ns  (logic 0.323ns (82.074%)  route 0.071ns (17.926%))
  Logic Levels:           2  (CARRY4=2)
  Clock Path Skew:        0.207ns (DCD - SCD - CPR)
    Destination Clock Delay (DCD):    4.843ns
    Source Clock Delay      (SCD):    3.903ns
    Clock Pessimism Removal (CPR):    0.732ns

    Location             Delay type                Incr(ns)  Path(ns)    Netlist Resource(s)
  -------------------------------------------------------------------    -------------------
                         (clock crg_clkout0 rise edge)
                                                      0.000     0.000 r  
    E3                                                0.000     0.000 r  clk100 (IN)
                         net (fo=0)                   0.000     0.000    clk100
    E3                   IBUF (Prop_ibuf_I_O)         0.250     0.250 r  clk100_IBUF_inst/O
                         net (fo=1, routed)           0.644     0.894    clk100_IBUF
    BUFGCTRL_X0Y16       BUFG (Prop_bufg_I_O)         0.026     0.920 r  clk100_IBUF_BUFG_inst/O
                         net (fo=1, routed)           0.776     1.696    clk100_IBUF_BUFG
    SLICE_X36Y28         LUT1 (Prop_lut1_I0_O)        0.045     1.741 r  clk100_inst/O
                         net (fo=9, routed)           0.786     2.526    crg_clkin
    MMCME2_ADV_X0Y0      MMCME2_ADV (Prop_mmcme2_adv_CLKIN1_CLKOUT0)
                                                      0.050     2.576 r  MMCME2_ADV/CLKOUT0
                         net (fo=1, routed)           0.648     3.224    crg_clkout0
    BUFGCTRL_X0Y0        BUFG (Prop_bufg_I_O)         0.026     3.250 r  BUFG/O
                         net (fo=3563, routed)        0.653     3.903    sys_clk
    SLICE_X72Y49         FDSE                                         r  basesoc_tx_phase_reg[3]/C
  -------------------------------------------------------------------    -------------------
    SLICE_X72Y49         FDSE (Prop_fdse_C_Q)         0.141     4.044 r  basesoc_tx_phase_reg[3]/Q
                         net (fo=2, routed)           0.070     4.114    basesoc_tx_phase[3]
    SLICE_X72Y49         CARRY4 (Prop_carry4_DI[2]_CO[3])
                                                      0.117     4.231 r  basesoc_tx_phase_reg[4]_i_1/CO[3]
                         net (fo=1, routed)           0.001     4.232    basesoc_tx_phase_reg[4]_i_1_n_0
    SLICE_X72Y50         CARRY4 (Prop_carry4_CI_O[2])
                                                      0.065     4.297 r  basesoc_tx_phase_reg[8]_i_1/O[2]
                         net (fo=1, routed)           0.000     4.297    basesoc_tx_phase0[7]
    SLICE_X72Y50         FDSE                                         r  basesoc_tx_phase_reg[7]/D
  -------------------------------------------------------------------    -------------------

                         (clock crg_clkout0 rise edge)
                                                      0.000     0.000 r  
    E3                                                0.000     0.000 r  clk100 (IN)
                         net (fo=0)                   0.000     0.000    clk100
    E3                   IBUF (Prop_ibuf_I_O)         0.438     0.438 r  clk100_IBUF_inst/O
                         net (fo=1, routed)           0.699     1.136    clk100_IBUF
    BUFGCTRL_X0Y16       BUFG (Prop_bufg_I_O)         0.029     1.165 r  clk100_IBUF_BUFG_inst/O
                         net (fo=1, routed)           1.077     2.243    clk100_IBUF_BUFG
    SLICE_X36Y28         LUT1 (Prop_lut1_I0_O)        0.056     2.299 r  clk100_inst/O
                         net (fo=9, routed)           0.897     3.195    crg_clkin
    MMCME2_ADV_X0Y0      MMCME2_ADV (Prop_mmcme2_adv_CLKIN1_CLKOUT0)
                                                      0.053     3.248 r  MMCME2_ADV/CLKOUT0
                         net (fo=1, routed)           0.700     3.949    crg_clkout0
    BUFGCTRL_X0Y0        BUFG (Prop_bufg_I_O)         0.029     3.978 r  BUFG/O
                         net (fo=3563, routed)        0.866     4.843    sys_clk
    SLICE_X72Y50         FDSE                                         r  basesoc_tx_phase_reg[7]/C
                         clock pessimism             -0.732     4.111    
    SLICE_X72Y50         FDSE (Hold_fdse_C_D)         0.105     4.216    basesoc_tx_phase_reg[7]
  -------------------------------------------------------------------
                         required time                         -4.216    
                         arrival time                           4.297    
  -------------------------------------------------------------------
                         slack                                  0.081    

Slack (MET) :             0.082ns  (arrival time - required time)
  Source:                 VexRiscv/dataCache_1/stageB_mmuRsp_physicalAddress_reg[30]/C
                            (rising edge-triggered cell FDRE clocked by crg_clkout0  {rise@0.000ns fall@6.667ns period=13.333ns})
  Destination:            VexRiscv/toplevel_dataCache_1_io_mem_cmd_rData_address_reg[30]/D
                            (rising edge-triggered cell FDRE clocked by crg_clkout0  {rise@0.000ns fall@6.667ns period=13.333ns})
  Path Group:             crg_clkout0
  Path Type:              Hold (Min at Fast Process Corner)
  Requirement:            0.000ns  (crg_clkout0 rise@0.000ns - crg_clkout0 rise@0.000ns)
  Data Path Delay:        0.347ns  (logic 0.128ns (36.869%)  route 0.219ns (63.131%))
  Logic Levels:           0  
  Clock Path Skew:        0.266ns (DCD - SCD - CPR)
    Destination Clock Delay (DCD):    4.878ns
    Source Clock Delay      (SCD):    3.876ns
    Clock Pessimism Removal (CPR):    0.736ns

    Location             Delay type                Incr(ns)  Path(ns)    Netlist Resource(s)
  -------------------------------------------------------------------    -------------------
                         (clock crg_clkout0 rise edge)
                                                      0.000     0.000 r  
    E3                                                0.000     0.000 r  clk100 (IN)
                         net (fo=0)                   0.000     0.000    clk100
    E3                   IBUF (Prop_ibuf_I_O)         0.250     0.250 r  clk100_IBUF_inst/O
                         net (fo=1, routed)           0.644     0.894    clk100_IBUF
    BUFGCTRL_X0Y16       BUFG (Prop_bufg_I_O)         0.026     0.920 r  clk100_IBUF_BUFG_inst/O
                         net (fo=1, routed)           0.776     1.696    clk100_IBUF_BUFG
    SLICE_X36Y28         LUT1 (Prop_lut1_I0_O)        0.045     1.741 r  clk100_inst/O
                         net (fo=9, routed)           0.786     2.526    crg_clkin
    MMCME2_ADV_X0Y0      MMCME2_ADV (Prop_mmcme2_adv_CLKIN1_CLKOUT0)
                                                      0.050     2.576 r  MMCME2_ADV/CLKOUT0
                         net (fo=1, routed)           0.648     3.224    crg_clkout0
    BUFGCTRL_X0Y0        BUFG (Prop_bufg_I_O)         0.026     3.250 r  BUFG/O
                         net (fo=3563, routed)        0.626     3.876    VexRiscv/dataCache_1/stageB_flusher_counter_reg[0]_2
    SLICE_X52Y38         FDRE                                         r  VexRiscv/dataCache_1/stageB_mmuRsp_physicalAddress_reg[30]/C
  -------------------------------------------------------------------    -------------------
    SLICE_X52Y38         FDRE (Prop_fdre_C_Q)         0.128     4.004 r  VexRiscv/dataCache_1/stageB_mmuRsp_physicalAddress_reg[30]/Q
                         net (fo=3, routed)           0.219     4.224    VexRiscv/dataCache_1_io_mem_cmd_payload_address[30]
    SLICE_X46Y37         FDRE                                         r  VexRiscv/toplevel_dataCache_1_io_mem_cmd_rData_address_reg[30]/D
  -------------------------------------------------------------------    -------------------

                         (clock crg_clkout0 rise edge)
                                                      0.000     0.000 r  
    E3                                                0.000     0.000 r  clk100 (IN)
                         net (fo=0)                   0.000     0.000    clk100
    E3                   IBUF (Prop_ibuf_I_O)         0.438     0.438 r  clk100_IBUF_inst/O
                         net (fo=1, routed)           0.699     1.136    clk100_IBUF
    BUFGCTRL_X0Y16       BUFG (Prop_bufg_I_O)         0.029     1.165 r  clk100_IBUF_BUFG_inst/O
                         net (fo=1, routed)           1.077     2.243    clk100_IBUF_BUFG
    SLICE_X36Y28         LUT1 (Prop_lut1_I0_O)        0.056     2.299 r  clk100_inst/O
                         net (fo=9, routed)           0.897     3.195    crg_clkin
    MMCME2_ADV_X0Y0      MMCME2_ADV (Prop_mmcme2_adv_CLKIN1_CLKOUT0)
                                                      0.053     3.248 r  MMCME2_ADV/CLKOUT0
                         net (fo=1, routed)           0.700     3.949    crg_clkout0
    BUFGCTRL_X0Y0        BUFG (Prop_bufg_I_O)         0.029     3.978 r  BUFG/O
                         net (fo=3563, routed)        0.901     4.878    VexRiscv/stageB_flusher_counter_reg[0]_1
    SLICE_X46Y37         FDRE                                         r  VexRiscv/toplevel_dataCache_1_io_mem_cmd_rData_address_reg[30]/C
                         clock pessimism             -0.736     4.142    
    SLICE_X46Y37         FDRE (Hold_fdre_C_D)        -0.001     4.141    VexRiscv/toplevel_dataCache_1_io_mem_cmd_rData_address_reg[30]
  -------------------------------------------------------------------
                         required time                         -4.141    
                         arrival time                           4.224    
  -------------------------------------------------------------------
                         slack                                  0.082    

Slack (MET) :             0.082ns  (arrival time - required time)
  Source:                 VexRiscv/memory_to_writeBack_MEMORY_STORE_DATA_RF_reg[20]/C
                            (rising edge-triggered cell FDRE clocked by crg_clkout0  {rise@0.000ns fall@6.667ns period=13.333ns})
  Destination:            VexRiscv/toplevel_dataCache_1_io_mem_cmd_s2mPipe_rData_data_reg[20]/D
                            (rising edge-triggered cell FDRE clocked by crg_clkout0  {rise@0.000ns fall@6.667ns period=13.333ns})
  Path Group:             crg_clkout0
  Path Type:              Hold (Min at Fast Process Corner)
  Requirement:            0.000ns  (crg_clkout0 rise@0.000ns - crg_clkout0 rise@0.000ns)
  Data Path Delay:        0.470ns  (logic 0.186ns (39.554%)  route 0.284ns (60.447%))
  Logic Levels:           1  (LUT3=1)
  Clock Path Skew:        0.267ns (DCD - SCD - CPR)
    Destination Clock Delay (DCD):    4.879ns
    Source Clock Delay      (SCD):    3.876ns
    Clock Pessimism Removal (CPR):    0.736ns

    Location             Delay type                Incr(ns)  Path(ns)    Netlist Resource(s)
  -------------------------------------------------------------------    -------------------
                         (clock crg_clkout0 rise edge)
                                                      0.000     0.000 r  
    E3                                                0.000     0.000 r  clk100 (IN)
                         net (fo=0)                   0.000     0.000    clk100
    E3                   IBUF (Prop_ibuf_I_O)         0.250     0.250 r  clk100_IBUF_inst/O
                         net (fo=1, routed)           0.644     0.894    clk100_IBUF
    BUFGCTRL_X0Y16       BUFG (Prop_bufg_I_O)         0.026     0.920 r  clk100_IBUF_BUFG_inst/O
                         net (fo=1, routed)           0.776     1.696    clk100_IBUF_BUFG
    SLICE_X36Y28         LUT1 (Prop_lut1_I0_O)        0.045     1.741 r  clk100_inst/O
                         net (fo=9, routed)           0.786     2.526    crg_clkin
    MMCME2_ADV_X0Y0      MMCME2_ADV (Prop_mmcme2_adv_CLKIN1_CLKOUT0)
                                                      0.050     2.576 r  MMCME2_ADV/CLKOUT0
                         net (fo=1, routed)           0.648     3.224    crg_clkout0
    BUFGCTRL_X0Y0        BUFG (Prop_bufg_I_O)         0.026     3.250 r  BUFG/O
                         net (fo=3563, routed)        0.626     3.876    VexRiscv/stageB_flusher_counter_reg[0]_1
    SLICE_X51Y37         FDRE                                         r  VexRiscv/memory_to_writeBack_MEMORY_STORE_DATA_RF_reg[20]/C
  -------------------------------------------------------------------    -------------------
    SLICE_X51Y37         FDRE (Prop_fdre_C_Q)         0.141     4.017 r  VexRiscv/memory_to_writeBack_MEMORY_STORE_DATA_RF_reg[20]/Q
                         net (fo=3, routed)           0.284     4.302    VexRiscv/memory_to_writeBack_MEMORY_STORE_DATA_RF[20]
    SLICE_X54Y43         LUT3 (Prop_lut3_I0_O)        0.045     4.347 r  VexRiscv/toplevel_dataCache_1_io_mem_cmd_s2mPipe_rData_data[20]_i_1/O
                         net (fo=1, routed)           0.000     4.347    VexRiscv/toplevel_dataCache_1_io_mem_cmd_s2mPipe_payload_data[20]
    SLICE_X54Y43         FDRE                                         r  VexRiscv/toplevel_dataCache_1_io_mem_cmd_s2mPipe_rData_data_reg[20]/D
  -------------------------------------------------------------------    -------------------

                         (clock crg_clkout0 rise edge)
                                                      0.000     0.000 r  
    E3                                                0.000     0.000 r  clk100 (IN)
                         net (fo=0)                   0.000     0.000    clk100
    E3                   IBUF (Prop_ibuf_I_O)         0.438     0.438 r  clk100_IBUF_inst/O
                         net (fo=1, routed)           0.699     1.136    clk100_IBUF
    BUFGCTRL_X0Y16       BUFG (Prop_bufg_I_O)         0.029     1.165 r  clk100_IBUF_BUFG_inst/O
                         net (fo=1, routed)           1.077     2.243    clk100_IBUF_BUFG
    SLICE_X36Y28         LUT1 (Prop_lut1_I0_O)        0.056     2.299 r  clk100_inst/O
                         net (fo=9, routed)           0.897     3.195    crg_clkin
    MMCME2_ADV_X0Y0      MMCME2_ADV (Prop_mmcme2_adv_CLKIN1_CLKOUT0)
                                                      0.053     3.248 r  MMCME2_ADV/CLKOUT0
                         net (fo=1, routed)           0.700     3.949    crg_clkout0
    BUFGCTRL_X0Y0        BUFG (Prop_bufg_I_O)         0.029     3.978 r  BUFG/O
                         net (fo=3563, routed)        0.902     4.879    VexRiscv/stageB_flusher_counter_reg[0]_1
    SLICE_X54Y43         FDRE                                         r  VexRiscv/toplevel_dataCache_1_io_mem_cmd_s2mPipe_rData_data_reg[20]/C
                         clock pessimism             -0.736     4.143    
    SLICE_X54Y43         FDRE (Hold_fdre_C_D)         0.121     4.264    VexRiscv/toplevel_dataCache_1_io_mem_cmd_s2mPipe_rData_data_reg[20]
  -------------------------------------------------------------------
                         required time                         -4.264    
                         arrival time                           4.347    
  -------------------------------------------------------------------
                         slack                                  0.082    

Slack (MET) :             0.083ns  (arrival time - required time)
  Source:                 VexRiscv/dataCache_1/stageB_mmuRsp_physicalAddress_reg[18]/C
                            (rising edge-triggered cell FDRE clocked by crg_clkout0  {rise@0.000ns fall@6.667ns period=13.333ns})
  Destination:            VexRiscv/toplevel_dataCache_1_io_mem_cmd_rData_address_reg[18]/D
                            (rising edge-triggered cell FDRE clocked by crg_clkout0  {rise@0.000ns fall@6.667ns period=13.333ns})
  Path Group:             crg_clkout0
  Path Type:              Hold (Min at Fast Process Corner)
  Requirement:            0.000ns  (crg_clkout0 rise@0.000ns - crg_clkout0 rise@0.000ns)
  Data Path Delay:        0.418ns  (logic 0.141ns (33.742%)  route 0.277ns (66.258%))
  Logic Levels:           0  
  Clock Path Skew:        0.269ns (DCD - SCD - CPR)
    Destination Clock Delay (DCD):    4.880ns
    Source Clock Delay      (SCD):    3.875ns
    Clock Pessimism Removal (CPR):    0.736ns

    Location             Delay type                Incr(ns)  Path(ns)    Netlist Resource(s)
  -------------------------------------------------------------------    -------------------
                         (clock crg_clkout0 rise edge)
                                                      0.000     0.000 r  
    E3                                                0.000     0.000 r  clk100 (IN)
                         net (fo=0)                   0.000     0.000    clk100
    E3                   IBUF (Prop_ibuf_I_O)         0.250     0.250 r  clk100_IBUF_inst/O
                         net (fo=1, routed)           0.644     0.894    clk100_IBUF
    BUFGCTRL_X0Y16       BUFG (Prop_bufg_I_O)         0.026     0.920 r  clk100_IBUF_BUFG_inst/O
                         net (fo=1, routed)           0.776     1.696    clk100_IBUF_BUFG
    SLICE_X36Y28         LUT1 (Prop_lut1_I0_O)        0.045     1.741 r  clk100_inst/O
                         net (fo=9, routed)           0.786     2.526    crg_clkin
    MMCME2_ADV_X0Y0      MMCME2_ADV (Prop_mmcme2_adv_CLKIN1_CLKOUT0)
                                                      0.050     2.576 r  MMCME2_ADV/CLKOUT0
                         net (fo=1, routed)           0.648     3.224    crg_clkout0
    BUFGCTRL_X0Y0        BUFG (Prop_bufg_I_O)         0.026     3.250 r  BUFG/O
                         net (fo=3563, routed)        0.625     3.875    VexRiscv/dataCache_1/stageB_flusher_counter_reg[0]_2
    SLICE_X52Y37         FDRE                                         r  VexRiscv/dataCache_1/stageB_mmuRsp_physicalAddress_reg[18]/C
  -------------------------------------------------------------------    -------------------
    SLICE_X52Y37         FDRE (Prop_fdre_C_Q)         0.141     4.016 r  VexRiscv/dataCache_1/stageB_mmuRsp_physicalAddress_reg[18]/Q
                         net (fo=3, routed)           0.277     4.293    VexRiscv/dataCache_1_io_mem_cmd_payload_address[18]
    SLICE_X43Y37         FDRE                                         r  VexRiscv/toplevel_dataCache_1_io_mem_cmd_rData_address_reg[18]/D
  -------------------------------------------------------------------    -------------------

                         (clock crg_clkout0 rise edge)
                                                      0.000     0.000 r  
    E3                                                0.000     0.000 r  clk100 (IN)
                         net (fo=0)                   0.000     0.000    clk100
    E3                   IBUF (Prop_ibuf_I_O)         0.438     0.438 r  clk100_IBUF_inst/O
                         net (fo=1, routed)           0.699     1.136    clk100_IBUF
    BUFGCTRL_X0Y16       BUFG (Prop_bufg_I_O)         0.029     1.165 r  clk100_IBUF_BUFG_inst/O
                         net (fo=1, routed)           1.077     2.243    clk100_IBUF_BUFG
    SLICE_X36Y28         LUT1 (Prop_lut1_I0_O)        0.056     2.299 r  clk100_inst/O
                         net (fo=9, routed)           0.897     3.195    crg_clkin
    MMCME2_ADV_X0Y0      MMCME2_ADV (Prop_mmcme2_adv_CLKIN1_CLKOUT0)
                                                      0.053     3.248 r  MMCME2_ADV/CLKOUT0
                         net (fo=1, routed)           0.700     3.949    crg_clkout0
    BUFGCTRL_X0Y0        BUFG (Prop_bufg_I_O)         0.029     3.978 r  BUFG/O
                         net (fo=3563, routed)        0.903     4.880    VexRiscv/stageB_flusher_counter_reg[0]_1
    SLICE_X43Y37         FDRE                                         r  VexRiscv/toplevel_dataCache_1_io_mem_cmd_rData_address_reg[18]/C
                         clock pessimism             -0.736     4.144    
    SLICE_X43Y37         FDRE (Hold_fdre_C_D)         0.066     4.210    VexRiscv/toplevel_dataCache_1_io_mem_cmd_rData_address_reg[18]
  -------------------------------------------------------------------
                         required time                         -4.210    
                         arrival time                           4.293    
  -------------------------------------------------------------------
                         slack                                  0.083    

Slack (MET) :             0.085ns  (arrival time - required time)
  Source:                 basesoc_sdram_bankmachine6_produce_reg[1]/C
                            (rising edge-triggered cell FDRE clocked by crg_clkout0  {rise@0.000ns fall@6.667ns period=13.333ns})
  Destination:            storage_8_reg_0_7_12_17/RAMA/WADR1
                            (rising edge-triggered cell RAMD32 clocked by crg_clkout0  {rise@0.000ns fall@6.667ns period=13.333ns})
  Path Group:             crg_clkout0
  Path Type:              Hold (Min at Fast Process Corner)
  Requirement:            0.000ns  (crg_clkout0 rise@0.000ns - crg_clkout0 rise@0.000ns)
  Data Path Delay:        0.410ns  (logic 0.141ns (34.398%)  route 0.269ns (65.602%))
  Logic Levels:           0  
  Clock Path Skew:        0.016ns (DCD - SCD - CPR)
    Destination Clock Delay (DCD):    4.813ns
    Source Clock Delay      (SCD):    3.814ns
    Clock Pessimism Removal (CPR):    0.983ns

    Location             Delay type                Incr(ns)  Path(ns)    Netlist Resource(s)
  -------------------------------------------------------------------    -------------------
                         (clock crg_clkout0 rise edge)
                                                      0.000     0.000 r  
    E3                                                0.000     0.000 r  clk100 (IN)
                         net (fo=0)                   0.000     0.000    clk100
    E3                   IBUF (Prop_ibuf_I_O)         0.250     0.250 r  clk100_IBUF_inst/O
                         net (fo=1, routed)           0.644     0.894    clk100_IBUF
    BUFGCTRL_X0Y16       BUFG (Prop_bufg_I_O)         0.026     0.920 r  clk100_IBUF_BUFG_inst/O
                         net (fo=1, routed)           0.776     1.696    clk100_IBUF_BUFG
    SLICE_X36Y28         LUT1 (Prop_lut1_I0_O)        0.045     1.741 r  clk100_inst/O
                         net (fo=9, routed)           0.786     2.526    crg_clkin
    MMCME2_ADV_X0Y0      MMCME2_ADV (Prop_mmcme2_adv_CLKIN1_CLKOUT0)
                                                      0.050     2.576 r  MMCME2_ADV/CLKOUT0
                         net (fo=1, routed)           0.648     3.224    crg_clkout0
    BUFGCTRL_X0Y0        BUFG (Prop_bufg_I_O)         0.026     3.250 r  BUFG/O
                         net (fo=3563, routed)        0.564     3.814    sys_clk
    SLICE_X68Y60         FDRE                                         r  basesoc_sdram_bankmachine6_produce_reg[1]/C
  -------------------------------------------------------------------    -------------------
    SLICE_X68Y60         FDRE (Prop_fdre_C_Q)         0.141     3.955 r  basesoc_sdram_bankmachine6_produce_reg[1]/Q
                         net (fo=34, routed)          0.269     4.224    storage_8_reg_0_7_12_17/ADDRD1
    SLICE_X70Y60         RAMD32                                       r  storage_8_reg_0_7_12_17/RAMA/WADR1
  -------------------------------------------------------------------    -------------------

                         (clock crg_clkout0 rise edge)
                                                      0.000     0.000 r  
    E3                                                0.000     0.000 r  clk100 (IN)
                         net (fo=0)                   0.000     0.000    clk100
    E3                   IBUF (Prop_ibuf_I_O)         0.438     0.438 r  clk100_IBUF_inst/O
                         net (fo=1, routed)           0.699     1.136    clk100_IBUF
    BUFGCTRL_X0Y16       BUFG (Prop_bufg_I_O)         0.029     1.165 r  clk100_IBUF_BUFG_inst/O
                         net (fo=1, routed)           1.077     2.243    clk100_IBUF_BUFG
    SLICE_X36Y28         LUT1 (Prop_lut1_I0_O)        0.056     2.299 r  clk100_inst/O
                         net (fo=9, routed)           0.897     3.195    crg_clkin
    MMCME2_ADV_X0Y0      MMCME2_ADV (Prop_mmcme2_adv_CLKIN1_CLKOUT0)
                                                      0.053     3.248 r  MMCME2_ADV/CLKOUT0
                         net (fo=1, routed)           0.700     3.949    crg_clkout0
    BUFGCTRL_X0Y0        BUFG (Prop_bufg_I_O)         0.029     3.978 r  BUFG/O
                         net (fo=3563, routed)        0.836     4.813    storage_8_reg_0_7_12_17/WCLK
    SLICE_X70Y60         RAMD32                                       r  storage_8_reg_0_7_12_17/RAMA/CLK
                         clock pessimism             -0.983     3.830    
    SLICE_X70Y60         RAMD32 (Hold_ramd32_CLK_WADR1)
                                                      0.309     4.139    storage_8_reg_0_7_12_17/RAMA
  -------------------------------------------------------------------
                         required time                         -4.139    
                         arrival time                           4.224    
  -------------------------------------------------------------------
                         slack                                  0.085    

Slack (MET) :             0.085ns  (arrival time - required time)
  Source:                 basesoc_sdram_bankmachine6_produce_reg[1]/C
                            (rising edge-triggered cell FDRE clocked by crg_clkout0  {rise@0.000ns fall@6.667ns period=13.333ns})
  Destination:            storage_8_reg_0_7_12_17/RAMA_D1/WADR1
                            (rising edge-triggered cell RAMD32 clocked by crg_clkout0  {rise@0.000ns fall@6.667ns period=13.333ns})
  Path Group:             crg_clkout0
  Path Type:              Hold (Min at Fast Process Corner)
  Requirement:            0.000ns  (crg_clkout0 rise@0.000ns - crg_clkout0 rise@0.000ns)
  Data Path Delay:        0.410ns  (logic 0.141ns (34.398%)  route 0.269ns (65.602%))
  Logic Levels:           0  
  Clock Path Skew:        0.016ns (DCD - SCD - CPR)
    Destination Clock Delay (DCD):    4.813ns
    Source Clock Delay      (SCD):    3.814ns
    Clock Pessimism Removal (CPR):    0.983ns

    Location             Delay type                Incr(ns)  Path(ns)    Netlist Resource(s)
  -------------------------------------------------------------------    -------------------
                         (clock crg_clkout0 rise edge)
                                                      0.000     0.000 r  
    E3                                                0.000     0.000 r  clk100 (IN)
                         net (fo=0)                   0.000     0.000    clk100
    E3                   IBUF (Prop_ibuf_I_O)         0.250     0.250 r  clk100_IBUF_inst/O
                         net (fo=1, routed)           0.644     0.894    clk100_IBUF
    BUFGCTRL_X0Y16       BUFG (Prop_bufg_I_O)         0.026     0.920 r  clk100_IBUF_BUFG_inst/O
                         net (fo=1, routed)           0.776     1.696    clk100_IBUF_BUFG
    SLICE_X36Y28         LUT1 (Prop_lut1_I0_O)        0.045     1.741 r  clk100_inst/O
                         net (fo=9, routed)           0.786     2.526    crg_clkin
    MMCME2_ADV_X0Y0      MMCME2_ADV (Prop_mmcme2_adv_CLKIN1_CLKOUT0)
                                                      0.050     2.576 r  MMCME2_ADV/CLKOUT0
                         net (fo=1, routed)           0.648     3.224    crg_clkout0
    BUFGCTRL_X0Y0        BUFG (Prop_bufg_I_O)         0.026     3.250 r  BUFG/O
                         net (fo=3563, routed)        0.564     3.814    sys_clk
    SLICE_X68Y60         FDRE                                         r  basesoc_sdram_bankmachine6_produce_reg[1]/C
  -------------------------------------------------------------------    -------------------
    SLICE_X68Y60         FDRE (Prop_fdre_C_Q)         0.141     3.955 r  basesoc_sdram_bankmachine6_produce_reg[1]/Q
                         net (fo=34, routed)          0.269     4.224    storage_8_reg_0_7_12_17/ADDRD1
    SLICE_X70Y60         RAMD32                                       r  storage_8_reg_0_7_12_17/RAMA_D1/WADR1
  -------------------------------------------------------------------    -------------------

                         (clock crg_clkout0 rise edge)
                                                      0.000     0.000 r  
    E3                                                0.000     0.000 r  clk100 (IN)
                         net (fo=0)                   0.000     0.000    clk100
    E3                   IBUF (Prop_ibuf_I_O)         0.438     0.438 r  clk100_IBUF_inst/O
                         net (fo=1, routed)           0.699     1.136    clk100_IBUF
    BUFGCTRL_X0Y16       BUFG (Prop_bufg_I_O)         0.029     1.165 r  clk100_IBUF_BUFG_inst/O
                         net (fo=1, routed)           1.077     2.243    clk100_IBUF_BUFG
    SLICE_X36Y28         LUT1 (Prop_lut1_I0_O)        0.056     2.299 r  clk100_inst/O
                         net (fo=9, routed)           0.897     3.195    crg_clkin
    MMCME2_ADV_X0Y0      MMCME2_ADV (Prop_mmcme2_adv_CLKIN1_CLKOUT0)
                                                      0.053     3.248 r  MMCME2_ADV/CLKOUT0
                         net (fo=1, routed)           0.700     3.949    crg_clkout0
    BUFGCTRL_X0Y0        BUFG (Prop_bufg_I_O)         0.029     3.978 r  BUFG/O
                         net (fo=3563, routed)        0.836     4.813    storage_8_reg_0_7_12_17/WCLK
    SLICE_X70Y60         RAMD32                                       r  storage_8_reg_0_7_12_17/RAMA_D1/CLK
                         clock pessimism             -0.983     3.830    
    SLICE_X70Y60         RAMD32 (Hold_ramd32_CLK_WADR1)
                                                      0.309     4.139    storage_8_reg_0_7_12_17/RAMA_D1
  -------------------------------------------------------------------
                         required time                         -4.139    
                         arrival time                           4.224    
  -------------------------------------------------------------------
                         slack                                  0.085    





Pulse Width Checks
--------------------------------------------------------------------------------------
Clock Name:         crg_clkout0
Waveform(ns):       { 0.000 6.667 }
Period(ns):         13.333
Sources:            { MMCME2_ADV/CLKOUT0 }

Check Type        Corner  Lib Pin             Reference Pin  Required(ns)  Actual(ns)  Slack(ns)  Location         Pin
Min Period        n/a     RAMB18E1/CLKARDCLK  n/a            2.944         13.333      10.389     RAMB18_X2Y10     VexRiscv/RegFilePlugin_regFile_reg_1/CLKARDCLK
Min Period        n/a     RAMB18E1/CLKBWRCLK  n/a            2.944         13.333      10.389     RAMB18_X2Y10     VexRiscv/RegFilePlugin_regFile_reg_1/CLKBWRCLK
Min Period        n/a     RAMB18E1/CLKARDCLK  n/a            2.944         13.333      10.389     RAMB18_X1Y10     VexRiscv/RegFilePlugin_regFile_reg_2/CLKARDCLK
Min Period        n/a     RAMB18E1/CLKBWRCLK  n/a            2.944         13.333      10.389     RAMB18_X1Y10     VexRiscv/RegFilePlugin_regFile_reg_2/CLKBWRCLK
Min Period        n/a     RAMB36E1/CLKARDCLK  n/a            2.944         13.333      10.389     RAMB36_X1Y6      VexRiscv/IBusCachedPlugin_cache/banks_0_reg/CLKARDCLK
Min Period        n/a     RAMB18E1/CLKARDCLK  n/a            2.944         13.333      10.389     RAMB18_X1Y14     VexRiscv/IBusCachedPlugin_cache/ways_0_tags_reg/CLKARDCLK
Min Period        n/a     RAMB18E1/CLKBWRCLK  n/a            2.944         13.333      10.389     RAMB18_X1Y14     VexRiscv/IBusCachedPlugin_cache/ways_0_tags_reg/CLKBWRCLK
Min Period        n/a     RAMB18E1/CLKARDCLK  n/a            2.944         13.333      10.389     RAMB18_X2Y8      VexRiscv/dataCache_1/ways_0_data_symbol0_reg/CLKARDCLK
Min Period        n/a     RAMB18E1/CLKARDCLK  n/a            2.944         13.333      10.389     RAMB18_X2Y9      VexRiscv/dataCache_1/ways_0_data_symbol1_reg/CLKARDCLK
Min Period        n/a     RAMB18E1/CLKARDCLK  n/a            2.944         13.333      10.389     RAMB18_X1Y11     VexRiscv/dataCache_1/ways_0_data_symbol2_reg/CLKARDCLK
Max Period        n/a     MMCME2_ADV/CLKOUT0  n/a            213.360       13.333      200.027    MMCME2_ADV_X0Y0  MMCME2_ADV/CLKOUT0
Low Pulse Width   Slow    RAMD32/CLK          n/a            1.250         6.667       5.417      SLICE_X70Y57     storage_1_reg_0_15_0_5/RAMA/CLK
Low Pulse Width   Fast    RAMD32/CLK          n/a            1.250         6.667       5.417      SLICE_X70Y57     storage_1_reg_0_15_0_5/RAMA/CLK
Low Pulse Width   Slow    RAMD32/CLK          n/a            1.250         6.667       5.417      SLICE_X70Y57     storage_1_reg_0_15_0_5/RAMA_D1/CLK
Low Pulse Width   Fast    RAMD32/CLK          n/a            1.250         6.667       5.417      SLICE_X70Y57     storage_1_reg_0_15_0_5/RAMA_D1/CLK
Low Pulse Width   Slow    RAMD32/CLK          n/a            1.250         6.667       5.417      SLICE_X70Y57     storage_1_reg_0_15_0_5/RAMB/CLK
Low Pulse Width   Fast    RAMD32/CLK          n/a            1.250         6.667       5.417      SLICE_X70Y57     storage_1_reg_0_15_0_5/RAMB/CLK
Low Pulse Width   Slow    RAMD32/CLK          n/a            1.250         6.667       5.417      SLICE_X70Y57     storage_1_reg_0_15_0_5/RAMB_D1/CLK
Low Pulse Width   Fast    RAMD32/CLK          n/a            1.250         6.667       5.417      SLICE_X70Y57     storage_1_reg_0_15_0_5/RAMB_D1/CLK
Low Pulse Width   Slow    RAMD32/CLK          n/a            1.250         6.667       5.417      SLICE_X70Y57     storage_1_reg_0_15_0_5/RAMC/CLK
Low Pulse Width   Fast    RAMD32/CLK          n/a            1.250         6.667       5.417      SLICE_X70Y57     storage_1_reg_0_15_0_5/RAMC/CLK
High Pulse Width  Slow    RAMD32/CLK          n/a            1.250         6.667       5.417      SLICE_X70Y57     storage_1_reg_0_15_0_5/RAMA/CLK
High Pulse Width  Fast    RAMD32/CLK          n/a            1.250         6.667       5.417      SLICE_X70Y57     storage_1_reg_0_15_0_5/RAMA/CLK
High Pulse Width  Slow    RAMD32/CLK          n/a            1.250         6.667       5.417      SLICE_X70Y57     storage_1_reg_0_15_0_5/RAMA_D1/CLK
High Pulse Width  Fast    RAMD32/CLK          n/a            1.250         6.667       5.417      SLICE_X70Y57     storage_1_reg_0_15_0_5/RAMA_D1/CLK
High Pulse Width  Slow    RAMD32/CLK          n/a            1.250         6.667       5.417      SLICE_X70Y57     storage_1_reg_0_15_0_5/RAMB/CLK
High Pulse Width  Fast    RAMD32/CLK          n/a            1.250         6.667       5.417      SLICE_X70Y57     storage_1_reg_0_15_0_5/RAMB/CLK
High Pulse Width  Slow    RAMD32/CLK          n/a            1.250         6.667       5.417      SLICE_X70Y57     storage_1_reg_0_15_0_5/RAMB_D1/CLK
High Pulse Width  Fast    RAMD32/CLK          n/a            1.250         6.667       5.417      SLICE_X70Y57     storage_1_reg_0_15_0_5/RAMB_D1/CLK
High Pulse Width  Slow    RAMD32/CLK          n/a            1.250         6.667       5.417      SLICE_X70Y57     storage_1_reg_0_15_0_5/RAMC/CLK
High Pulse Width  Fast    RAMD32/CLK          n/a            1.250         6.667       5.417      SLICE_X70Y57     storage_1_reg_0_15_0_5/RAMC/CLK



---------------------------------------------------------------------------------------------------
From Clock:  crg_clkout1
  To Clock:  crg_clkout1

Setup :           NA  Failing Endpoints,  Worst Slack           NA  ,  Total Violation           NA
Hold  :           NA  Failing Endpoints,  Worst Slack           NA  ,  Total Violation           NA
PW    :            0  Failing Endpoints,  Worst Slack        4.511ns,  Total Violation        0.000ns
---------------------------------------------------------------------------------------------------


Pulse Width Checks
--------------------------------------------------------------------------------------
Clock Name:         crg_clkout1
Waveform(ns):       { 0.000 3.333 }
Period(ns):         6.667
Sources:            { MMCME2_ADV/CLKOUT1 }

Check Type  Corner  Lib Pin             Reference Pin  Required(ns)  Actual(ns)  Slack(ns)  Location         Pin
Min Period  n/a     BUFG/I              n/a            2.155         6.667       4.511      BUFGCTRL_X0Y1    BUFG_1/I
Min Period  n/a     ISERDESE2/CLK       n/a            1.667         6.667       5.000      ILOGIC_X1Y54     ISERDESE2/CLK
Min Period  n/a     ISERDESE2/CLKB      n/a            1.667         6.667       5.000      ILOGIC_X1Y54     ISERDESE2/CLKB
Min Period  n/a     ISERDESE2/CLK       n/a            1.667         6.667       5.000      ILOGIC_X1Y59     ISERDESE2_1/CLK
Min Period  n/a     ISERDESE2/CLKB      n/a            1.667         6.667       5.000      ILOGIC_X1Y59     ISERDESE2_1/CLKB
Min Period  n/a     ISERDESE2/CLK       n/a            1.667         6.667       5.000      ILOGIC_X1Y80     ISERDESE2_10/CLK
Min Period  n/a     ISERDESE2/CLKB      n/a            1.667         6.667       5.000      ILOGIC_X1Y80     ISERDESE2_10/CLKB
Min Period  n/a     ISERDESE2/CLK       n/a            1.667         6.667       5.000      ILOGIC_X1Y84     ISERDESE2_11/CLK
Min Period  n/a     ISERDESE2/CLKB      n/a            1.667         6.667       5.000      ILOGIC_X1Y84     ISERDESE2_11/CLKB
Min Period  n/a     ISERDESE2/CLK       n/a            1.667         6.667       5.000      ILOGIC_X1Y79     ISERDESE2_12/CLK
Max Period  n/a     MMCME2_ADV/CLKOUT1  n/a            213.360       6.667       206.693    MMCME2_ADV_X0Y0  MMCME2_ADV/CLKOUT1



---------------------------------------------------------------------------------------------------
From Clock:  crg_clkout2
  To Clock:  crg_clkout2

Setup :           NA  Failing Endpoints,  Worst Slack           NA  ,  Total Violation           NA
Hold  :           NA  Failing Endpoints,  Worst Slack           NA  ,  Total Violation           NA
PW    :            0  Failing Endpoints,  Worst Slack        4.511ns,  Total Violation        0.000ns
---------------------------------------------------------------------------------------------------


Pulse Width Checks
--------------------------------------------------------------------------------------
Clock Name:         crg_clkout2
Waveform(ns):       { 1.667 5.000 }
Period(ns):         6.667
Sources:            { MMCME2_ADV/CLKOUT2 }

Check Type  Corner  Lib Pin             Reference Pin  Required(ns)  Actual(ns)  Slack(ns)  Location         Pin
Min Period  n/a     BUFG/I              n/a            2.155         6.667       4.511      BUFGCTRL_X0Y3    BUFG_2/I
Min Period  n/a     OSERDESE2/CLK       n/a            1.667         6.667       5.000      OLOGIC_X1Y58     OSERDESE2_23/CLK
Min Period  n/a     OSERDESE2/CLK       n/a            1.667         6.667       5.000      OLOGIC_X1Y82     OSERDESE2_24/CLK
Min Period  n/a     MMCME2_ADV/CLKOUT2  n/a            1.249         6.667       5.418      MMCME2_ADV_X0Y0  MMCME2_ADV/CLKOUT2
Max Period  n/a     MMCME2_ADV/CLKOUT2  n/a            213.360       6.667       206.693    MMCME2_ADV_X0Y0  MMCME2_ADV/CLKOUT2



---------------------------------------------------------------------------------------------------
From Clock:  crg_clkout3
  To Clock:  crg_clkout3

Setup :            0  Failing Endpoints,  Worst Slack        1.246ns,  Total Violation        0.000ns
Hold  :            0  Failing Endpoints,  Worst Slack        0.122ns,  Total Violation        0.000ns
PW    :            0  Failing Endpoints,  Worst Slack        0.264ns,  Total Violation        0.000ns
---------------------------------------------------------------------------------------------------


Max Delay Paths
--------------------------------------------------------------------------------------
Slack (MET) :             1.246ns  (required time - arrival time)
  Source:                 FDPE_6/C
                            (rising edge-triggered cell FDPE clocked by crg_clkout3  {rise@0.000ns fall@2.500ns period=5.000ns})
  Destination:            FDPE_7/D
                            (rising edge-triggered cell FDPE clocked by crg_clkout3  {rise@0.000ns fall@2.500ns period=5.000ns})
  Path Group:             crg_clkout3
  Path Type:              Setup (Max at Slow Process Corner)
  Requirement:            2.000ns  (MaxDelay Path 2.000ns)
  Data Path Delay:        0.646ns  (logic 0.456ns (70.599%)  route 0.190ns (29.401%))
  Logic Levels:           0  
  Clock Path Skew:        0.000ns (DCD - SCD + CPR)
    Destination Clock Delay (DCD):    10.726ns
    Source Clock Delay      (SCD):    11.611ns
    Clock Pessimism Removal (CPR):    0.885ns
  Clock Uncertainty:      0.061ns  ((TSJ^2 + DJ^2)^1/2) / 2 + PE
    Total System Jitter     (TSJ):    0.071ns
    Discrete Jitter          (DJ):    0.100ns
    Phase Error              (PE):    0.000ns
  Timing Exception:       MaxDelay Path 2.000ns

    Location             Delay type                Incr(ns)  Path(ns)    Netlist Resource(s)
  -------------------------------------------------------------------    -------------------
                         (clock crg_clkout3 rise edge)
                                                      0.000     0.000 r  
    E3                                                0.000     0.000 r  clk100 (IN)
                         net (fo=0)                   0.000     0.000    clk100
    E3                   IBUF (Prop_ibuf_I_O)         1.482     1.482 r  clk100_IBUF_inst/O
                         net (fo=1, routed)           2.025     3.506    clk100_IBUF
    BUFGCTRL_X0Y16       BUFG (Prop_bufg_I_O)         0.096     3.602 r  clk100_IBUF_BUFG_inst/O
                         net (fo=1, routed)           2.240     5.843    clk100_IBUF_BUFG
    SLICE_X36Y28         LUT1 (Prop_lut1_I0_O)        0.124     5.967 r  clk100_inst/O
                         net (fo=9, routed)           1.719     7.685    crg_clkin
    MMCME2_ADV_X0Y0      MMCME2_ADV (Prop_mmcme2_adv_CLKIN1_CLKOUT3)
                                                      0.088     7.773 r  MMCME2_ADV/CLKOUT3
                         net (fo=1, routed)           2.018     9.792    crg_clkout3
    BUFGCTRL_X0Y2        BUFG (Prop_bufg_I_O)         0.096     9.888 r  BUFG_3/O
                         net (fo=8, routed)           1.723    11.611    crg_clkout_buf3
    SLICE_X83Y64         FDPE                                         r  FDPE_6/C
  -------------------------------------------------------------------    -------------------
    SLICE_X83Y64         FDPE (Prop_fdpe_C_Q)         0.456    12.067 r  FDPE_6/Q
                         net (fo=1, routed)           0.190    12.257    xilinxasyncresetsynchronizerimpl3_rst_meta
    SLICE_X83Y64         FDPE                                         r  FDPE_7/D
  -------------------------------------------------------------------    -------------------

                         max delay                    2.000     2.000    
    E3                                                0.000     2.000 r  clk100 (IN)
                         net (fo=0)                   0.000     2.000    clk100
    E3                   IBUF (Prop_ibuf_I_O)         1.411     3.411 r  clk100_IBUF_inst/O
                         net (fo=1, routed)           1.920     5.331    clk100_IBUF
    BUFGCTRL_X0Y16       BUFG (Prop_bufg_I_O)         0.091     5.422 r  clk100_IBUF_BUFG_inst/O
                         net (fo=1, routed)           2.028     7.450    clk100_IBUF_BUFG
    SLICE_X36Y28         LUT1 (Prop_lut1_I0_O)        0.100     7.550 r  clk100_inst/O
                         net (fo=9, routed)           1.477     9.027    crg_clkin
    MMCME2_ADV_X0Y0      MMCME2_ADV (Prop_mmcme2_adv_CLKIN1_CLKOUT3)
                                                      0.083     9.110 r  MMCME2_ADV/CLKOUT3
                         net (fo=1, routed)           1.923    11.033    crg_clkout3
    BUFGCTRL_X0Y2        BUFG (Prop_bufg_I_O)         0.091    11.124 r  BUFG_3/O
                         net (fo=8, routed)           1.602    12.726    crg_clkout_buf3
    SLICE_X83Y64         FDPE                                         r  FDPE_7/C
                         clock pessimism              0.885    13.611    
                         clock uncertainty           -0.061    13.550    
    SLICE_X83Y64         FDPE (Setup_fdpe_C_D)       -0.047    13.503    FDPE_7
  -------------------------------------------------------------------
                         required time                         13.503    
                         arrival time                         -12.257    
  -------------------------------------------------------------------
                         slack                                  1.246    

Slack (MET) :             2.904ns  (required time - arrival time)
  Source:                 crg_reset_counter_reg[0]/C
                            (rising edge-triggered cell FDSE clocked by crg_clkout3  {rise@0.000ns fall@2.500ns period=5.000ns})
  Destination:            crg_reset_counter_reg[0]/CE
                            (rising edge-triggered cell FDSE clocked by crg_clkout3  {rise@0.000ns fall@2.500ns period=5.000ns})
  Path Group:             crg_clkout3
  Path Type:              Setup (Max at Slow Process Corner)
  Requirement:            5.000ns  (crg_clkout3 rise@5.000ns - crg_clkout3 rise@0.000ns)
  Data Path Delay:        1.830ns  (logic 0.580ns (31.700%)  route 1.250ns (68.300%))
  Logic Levels:           1  (LUT4=1)
  Clock Path Skew:        0.000ns (DCD - SCD + CPR)
    Destination Clock Delay (DCD):    10.714ns = ( 15.714 - 5.000 ) 
    Source Clock Delay      (SCD):    11.596ns
    Clock Pessimism Removal (CPR):    0.882ns
  Clock Uncertainty:      0.061ns  ((TSJ^2 + DJ^2)^1/2) / 2 + PE
    Total System Jitter     (TSJ):    0.071ns
    Discrete Jitter          (DJ):    0.100ns
    Phase Error              (PE):    0.000ns

    Location             Delay type                Incr(ns)  Path(ns)    Netlist Resource(s)
  -------------------------------------------------------------------    -------------------
                         (clock crg_clkout3 rise edge)
                                                      0.000     0.000 r  
    E3                                                0.000     0.000 r  clk100 (IN)
                         net (fo=0)                   0.000     0.000    clk100
    E3                   IBUF (Prop_ibuf_I_O)         1.482     1.482 r  clk100_IBUF_inst/O
                         net (fo=1, routed)           2.025     3.506    clk100_IBUF
    BUFGCTRL_X0Y16       BUFG (Prop_bufg_I_O)         0.096     3.602 r  clk100_IBUF_BUFG_inst/O
                         net (fo=1, routed)           2.240     5.843    clk100_IBUF_BUFG
    SLICE_X36Y28         LUT1 (Prop_lut1_I0_O)        0.124     5.967 r  clk100_inst/O
                         net (fo=9, routed)           1.719     7.685    crg_clkin
    MMCME2_ADV_X0Y0      MMCME2_ADV (Prop_mmcme2_adv_CLKIN1_CLKOUT3)
                                                      0.088     7.773 r  MMCME2_ADV/CLKOUT3
                         net (fo=1, routed)           2.018     9.792    crg_clkout3
    BUFGCTRL_X0Y2        BUFG (Prop_bufg_I_O)         0.096     9.888 r  BUFG_3/O
                         net (fo=8, routed)           1.708    11.596    crg_clkout_buf3
    SLICE_X85Y75         FDSE                                         r  crg_reset_counter_reg[0]/C
  -------------------------------------------------------------------    -------------------
    SLICE_X85Y75         FDSE (Prop_fdse_C_Q)         0.456    12.052 r  crg_reset_counter_reg[0]/Q
                         net (fo=5, routed)           0.859    12.911    crg_reset_counter[0]
    SLICE_X85Y75         LUT4 (Prop_lut4_I1_O)        0.124    13.035 r  crg_reset_counter[3]_i_1/O
                         net (fo=5, routed)           0.391    13.426    crg_reset_counter[3]_i_1_n_0
    SLICE_X85Y75         FDSE                                         r  crg_reset_counter_reg[0]/CE
  -------------------------------------------------------------------    -------------------

                         (clock crg_clkout3 rise edge)
                                                      5.000     5.000 r  
    E3                                                0.000     5.000 r  clk100 (IN)
                         net (fo=0)                   0.000     5.000    clk100
    E3                   IBUF (Prop_ibuf_I_O)         1.411     6.411 r  clk100_IBUF_inst/O
                         net (fo=1, routed)           1.920     8.331    clk100_IBUF
    BUFGCTRL_X0Y16       BUFG (Prop_bufg_I_O)         0.091     8.422 r  clk100_IBUF_BUFG_inst/O
                         net (fo=1, routed)           2.028    10.450    clk100_IBUF_BUFG
    SLICE_X36Y28         LUT1 (Prop_lut1_I0_O)        0.100    10.550 r  clk100_inst/O
                         net (fo=9, routed)           1.477    12.027    crg_clkin
    MMCME2_ADV_X0Y0      MMCME2_ADV (Prop_mmcme2_adv_CLKIN1_CLKOUT3)
                                                      0.083    12.110 r  MMCME2_ADV/CLKOUT3
                         net (fo=1, routed)           1.923    14.033    crg_clkout3
    BUFGCTRL_X0Y2        BUFG (Prop_bufg_I_O)         0.091    14.124 r  BUFG_3/O
                         net (fo=8, routed)           1.590    15.714    crg_clkout_buf3
    SLICE_X85Y75         FDSE                                         r  crg_reset_counter_reg[0]/C
                         clock pessimism              0.882    16.596    
                         clock uncertainty           -0.061    16.535    
    SLICE_X85Y75         FDSE (Setup_fdse_C_CE)      -0.205    16.330    crg_reset_counter_reg[0]
  -------------------------------------------------------------------
                         required time                         16.330    
                         arrival time                         -13.426    
  -------------------------------------------------------------------
                         slack                                  2.904    

Slack (MET) :             2.904ns  (required time - arrival time)
  Source:                 crg_reset_counter_reg[0]/C
                            (rising edge-triggered cell FDSE clocked by crg_clkout3  {rise@0.000ns fall@2.500ns period=5.000ns})
  Destination:            crg_reset_counter_reg[1]/CE
                            (rising edge-triggered cell FDSE clocked by crg_clkout3  {rise@0.000ns fall@2.500ns period=5.000ns})
  Path Group:             crg_clkout3
  Path Type:              Setup (Max at Slow Process Corner)
  Requirement:            5.000ns  (crg_clkout3 rise@5.000ns - crg_clkout3 rise@0.000ns)
  Data Path Delay:        1.830ns  (logic 0.580ns (31.700%)  route 1.250ns (68.300%))
  Logic Levels:           1  (LUT4=1)
  Clock Path Skew:        0.000ns (DCD - SCD + CPR)
    Destination Clock Delay (DCD):    10.714ns = ( 15.714 - 5.000 ) 
    Source Clock Delay      (SCD):    11.596ns
    Clock Pessimism Removal (CPR):    0.882ns
  Clock Uncertainty:      0.061ns  ((TSJ^2 + DJ^2)^1/2) / 2 + PE
    Total System Jitter     (TSJ):    0.071ns
    Discrete Jitter          (DJ):    0.100ns
    Phase Error              (PE):    0.000ns

    Location             Delay type                Incr(ns)  Path(ns)    Netlist Resource(s)
  -------------------------------------------------------------------    -------------------
                         (clock crg_clkout3 rise edge)
                                                      0.000     0.000 r  
    E3                                                0.000     0.000 r  clk100 (IN)
                         net (fo=0)                   0.000     0.000    clk100
    E3                   IBUF (Prop_ibuf_I_O)         1.482     1.482 r  clk100_IBUF_inst/O
                         net (fo=1, routed)           2.025     3.506    clk100_IBUF
    BUFGCTRL_X0Y16       BUFG (Prop_bufg_I_O)         0.096     3.602 r  clk100_IBUF_BUFG_inst/O
                         net (fo=1, routed)           2.240     5.843    clk100_IBUF_BUFG
    SLICE_X36Y28         LUT1 (Prop_lut1_I0_O)        0.124     5.967 r  clk100_inst/O
                         net (fo=9, routed)           1.719     7.685    crg_clkin
    MMCME2_ADV_X0Y0      MMCME2_ADV (Prop_mmcme2_adv_CLKIN1_CLKOUT3)
                                                      0.088     7.773 r  MMCME2_ADV/CLKOUT3
                         net (fo=1, routed)           2.018     9.792    crg_clkout3
    BUFGCTRL_X0Y2        BUFG (Prop_bufg_I_O)         0.096     9.888 r  BUFG_3/O
                         net (fo=8, routed)           1.708    11.596    crg_clkout_buf3
    SLICE_X85Y75         FDSE                                         r  crg_reset_counter_reg[0]/C
  -------------------------------------------------------------------    -------------------
    SLICE_X85Y75         FDSE (Prop_fdse_C_Q)         0.456    12.052 r  crg_reset_counter_reg[0]/Q
                         net (fo=5, routed)           0.859    12.911    crg_reset_counter[0]
    SLICE_X85Y75         LUT4 (Prop_lut4_I1_O)        0.124    13.035 r  crg_reset_counter[3]_i_1/O
                         net (fo=5, routed)           0.391    13.426    crg_reset_counter[3]_i_1_n_0
    SLICE_X85Y75         FDSE                                         r  crg_reset_counter_reg[1]/CE
  -------------------------------------------------------------------    -------------------

                         (clock crg_clkout3 rise edge)
                                                      5.000     5.000 r  
    E3                                                0.000     5.000 r  clk100 (IN)
                         net (fo=0)                   0.000     5.000    clk100
    E3                   IBUF (Prop_ibuf_I_O)         1.411     6.411 r  clk100_IBUF_inst/O
                         net (fo=1, routed)           1.920     8.331    clk100_IBUF
    BUFGCTRL_X0Y16       BUFG (Prop_bufg_I_O)         0.091     8.422 r  clk100_IBUF_BUFG_inst/O
                         net (fo=1, routed)           2.028    10.450    clk100_IBUF_BUFG
    SLICE_X36Y28         LUT1 (Prop_lut1_I0_O)        0.100    10.550 r  clk100_inst/O
                         net (fo=9, routed)           1.477    12.027    crg_clkin
    MMCME2_ADV_X0Y0      MMCME2_ADV (Prop_mmcme2_adv_CLKIN1_CLKOUT3)
                                                      0.083    12.110 r  MMCME2_ADV/CLKOUT3
                         net (fo=1, routed)           1.923    14.033    crg_clkout3
    BUFGCTRL_X0Y2        BUFG (Prop_bufg_I_O)         0.091    14.124 r  BUFG_3/O
                         net (fo=8, routed)           1.590    15.714    crg_clkout_buf3
    SLICE_X85Y75         FDSE                                         r  crg_reset_counter_reg[1]/C
                         clock pessimism              0.882    16.596    
                         clock uncertainty           -0.061    16.535    
    SLICE_X85Y75         FDSE (Setup_fdse_C_CE)      -0.205    16.330    crg_reset_counter_reg[1]
  -------------------------------------------------------------------
                         required time                         16.330    
                         arrival time                         -13.426    
  -------------------------------------------------------------------
                         slack                                  2.904    

Slack (MET) :             2.904ns  (required time - arrival time)
  Source:                 crg_reset_counter_reg[0]/C
                            (rising edge-triggered cell FDSE clocked by crg_clkout3  {rise@0.000ns fall@2.500ns period=5.000ns})
  Destination:            crg_reset_counter_reg[2]/CE
                            (rising edge-triggered cell FDSE clocked by crg_clkout3  {rise@0.000ns fall@2.500ns period=5.000ns})
  Path Group:             crg_clkout3
  Path Type:              Setup (Max at Slow Process Corner)
  Requirement:            5.000ns  (crg_clkout3 rise@5.000ns - crg_clkout3 rise@0.000ns)
  Data Path Delay:        1.830ns  (logic 0.580ns (31.700%)  route 1.250ns (68.300%))
  Logic Levels:           1  (LUT4=1)
  Clock Path Skew:        0.000ns (DCD - SCD + CPR)
    Destination Clock Delay (DCD):    10.714ns = ( 15.714 - 5.000 ) 
    Source Clock Delay      (SCD):    11.596ns
    Clock Pessimism Removal (CPR):    0.882ns
  Clock Uncertainty:      0.061ns  ((TSJ^2 + DJ^2)^1/2) / 2 + PE
    Total System Jitter     (TSJ):    0.071ns
    Discrete Jitter          (DJ):    0.100ns
    Phase Error              (PE):    0.000ns

    Location             Delay type                Incr(ns)  Path(ns)    Netlist Resource(s)
  -------------------------------------------------------------------    -------------------
                         (clock crg_clkout3 rise edge)
                                                      0.000     0.000 r  
    E3                                                0.000     0.000 r  clk100 (IN)
                         net (fo=0)                   0.000     0.000    clk100
    E3                   IBUF (Prop_ibuf_I_O)         1.482     1.482 r  clk100_IBUF_inst/O
                         net (fo=1, routed)           2.025     3.506    clk100_IBUF
    BUFGCTRL_X0Y16       BUFG (Prop_bufg_I_O)         0.096     3.602 r  clk100_IBUF_BUFG_inst/O
                         net (fo=1, routed)           2.240     5.843    clk100_IBUF_BUFG
    SLICE_X36Y28         LUT1 (Prop_lut1_I0_O)        0.124     5.967 r  clk100_inst/O
                         net (fo=9, routed)           1.719     7.685    crg_clkin
    MMCME2_ADV_X0Y0      MMCME2_ADV (Prop_mmcme2_adv_CLKIN1_CLKOUT3)
                                                      0.088     7.773 r  MMCME2_ADV/CLKOUT3
                         net (fo=1, routed)           2.018     9.792    crg_clkout3
    BUFGCTRL_X0Y2        BUFG (Prop_bufg_I_O)         0.096     9.888 r  BUFG_3/O
                         net (fo=8, routed)           1.708    11.596    crg_clkout_buf3
    SLICE_X85Y75         FDSE                                         r  crg_reset_counter_reg[0]/C
  -------------------------------------------------------------------    -------------------
    SLICE_X85Y75         FDSE (Prop_fdse_C_Q)         0.456    12.052 r  crg_reset_counter_reg[0]/Q
                         net (fo=5, routed)           0.859    12.911    crg_reset_counter[0]
    SLICE_X85Y75         LUT4 (Prop_lut4_I1_O)        0.124    13.035 r  crg_reset_counter[3]_i_1/O
                         net (fo=5, routed)           0.391    13.426    crg_reset_counter[3]_i_1_n_0
    SLICE_X85Y75         FDSE                                         r  crg_reset_counter_reg[2]/CE
  -------------------------------------------------------------------    -------------------

                         (clock crg_clkout3 rise edge)
                                                      5.000     5.000 r  
    E3                                                0.000     5.000 r  clk100 (IN)
                         net (fo=0)                   0.000     5.000    clk100
    E3                   IBUF (Prop_ibuf_I_O)         1.411     6.411 r  clk100_IBUF_inst/O
                         net (fo=1, routed)           1.920     8.331    clk100_IBUF
    BUFGCTRL_X0Y16       BUFG (Prop_bufg_I_O)         0.091     8.422 r  clk100_IBUF_BUFG_inst/O
                         net (fo=1, routed)           2.028    10.450    clk100_IBUF_BUFG
    SLICE_X36Y28         LUT1 (Prop_lut1_I0_O)        0.100    10.550 r  clk100_inst/O
                         net (fo=9, routed)           1.477    12.027    crg_clkin
    MMCME2_ADV_X0Y0      MMCME2_ADV (Prop_mmcme2_adv_CLKIN1_CLKOUT3)
                                                      0.083    12.110 r  MMCME2_ADV/CLKOUT3
                         net (fo=1, routed)           1.923    14.033    crg_clkout3
    BUFGCTRL_X0Y2        BUFG (Prop_bufg_I_O)         0.091    14.124 r  BUFG_3/O
                         net (fo=8, routed)           1.590    15.714    crg_clkout_buf3
    SLICE_X85Y75         FDSE                                         r  crg_reset_counter_reg[2]/C
                         clock pessimism              0.882    16.596    
                         clock uncertainty           -0.061    16.535    
    SLICE_X85Y75         FDSE (Setup_fdse_C_CE)      -0.205    16.330    crg_reset_counter_reg[2]
  -------------------------------------------------------------------
                         required time                         16.330    
                         arrival time                         -13.426    
  -------------------------------------------------------------------
                         slack                                  2.904    

Slack (MET) :             2.904ns  (required time - arrival time)
  Source:                 crg_reset_counter_reg[0]/C
                            (rising edge-triggered cell FDSE clocked by crg_clkout3  {rise@0.000ns fall@2.500ns period=5.000ns})
  Destination:            crg_reset_counter_reg[3]/CE
                            (rising edge-triggered cell FDSE clocked by crg_clkout3  {rise@0.000ns fall@2.500ns period=5.000ns})
  Path Group:             crg_clkout3
  Path Type:              Setup (Max at Slow Process Corner)
  Requirement:            5.000ns  (crg_clkout3 rise@5.000ns - crg_clkout3 rise@0.000ns)
  Data Path Delay:        1.830ns  (logic 0.580ns (31.700%)  route 1.250ns (68.300%))
  Logic Levels:           1  (LUT4=1)
  Clock Path Skew:        0.000ns (DCD - SCD + CPR)
    Destination Clock Delay (DCD):    10.714ns = ( 15.714 - 5.000 ) 
    Source Clock Delay      (SCD):    11.596ns
    Clock Pessimism Removal (CPR):    0.882ns
  Clock Uncertainty:      0.061ns  ((TSJ^2 + DJ^2)^1/2) / 2 + PE
    Total System Jitter     (TSJ):    0.071ns
    Discrete Jitter          (DJ):    0.100ns
    Phase Error              (PE):    0.000ns

    Location             Delay type                Incr(ns)  Path(ns)    Netlist Resource(s)
  -------------------------------------------------------------------    -------------------
                         (clock crg_clkout3 rise edge)
                                                      0.000     0.000 r  
    E3                                                0.000     0.000 r  clk100 (IN)
                         net (fo=0)                   0.000     0.000    clk100
    E3                   IBUF (Prop_ibuf_I_O)         1.482     1.482 r  clk100_IBUF_inst/O
                         net (fo=1, routed)           2.025     3.506    clk100_IBUF
    BUFGCTRL_X0Y16       BUFG (Prop_bufg_I_O)         0.096     3.602 r  clk100_IBUF_BUFG_inst/O
                         net (fo=1, routed)           2.240     5.843    clk100_IBUF_BUFG
    SLICE_X36Y28         LUT1 (Prop_lut1_I0_O)        0.124     5.967 r  clk100_inst/O
                         net (fo=9, routed)           1.719     7.685    crg_clkin
    MMCME2_ADV_X0Y0      MMCME2_ADV (Prop_mmcme2_adv_CLKIN1_CLKOUT3)
                                                      0.088     7.773 r  MMCME2_ADV/CLKOUT3
                         net (fo=1, routed)           2.018     9.792    crg_clkout3
    BUFGCTRL_X0Y2        BUFG (Prop_bufg_I_O)         0.096     9.888 r  BUFG_3/O
                         net (fo=8, routed)           1.708    11.596    crg_clkout_buf3
    SLICE_X85Y75         FDSE                                         r  crg_reset_counter_reg[0]/C
  -------------------------------------------------------------------    -------------------
    SLICE_X85Y75         FDSE (Prop_fdse_C_Q)         0.456    12.052 r  crg_reset_counter_reg[0]/Q
                         net (fo=5, routed)           0.859    12.911    crg_reset_counter[0]
    SLICE_X85Y75         LUT4 (Prop_lut4_I1_O)        0.124    13.035 r  crg_reset_counter[3]_i_1/O
                         net (fo=5, routed)           0.391    13.426    crg_reset_counter[3]_i_1_n_0
    SLICE_X85Y75         FDSE                                         r  crg_reset_counter_reg[3]/CE
  -------------------------------------------------------------------    -------------------

                         (clock crg_clkout3 rise edge)
                                                      5.000     5.000 r  
    E3                                                0.000     5.000 r  clk100 (IN)
                         net (fo=0)                   0.000     5.000    clk100
    E3                   IBUF (Prop_ibuf_I_O)         1.411     6.411 r  clk100_IBUF_inst/O
                         net (fo=1, routed)           1.920     8.331    clk100_IBUF
    BUFGCTRL_X0Y16       BUFG (Prop_bufg_I_O)         0.091     8.422 r  clk100_IBUF_BUFG_inst/O
                         net (fo=1, routed)           2.028    10.450    clk100_IBUF_BUFG
    SLICE_X36Y28         LUT1 (Prop_lut1_I0_O)        0.100    10.550 r  clk100_inst/O
                         net (fo=9, routed)           1.477    12.027    crg_clkin
    MMCME2_ADV_X0Y0      MMCME2_ADV (Prop_mmcme2_adv_CLKIN1_CLKOUT3)
                                                      0.083    12.110 r  MMCME2_ADV/CLKOUT3
                         net (fo=1, routed)           1.923    14.033    crg_clkout3
    BUFGCTRL_X0Y2        BUFG (Prop_bufg_I_O)         0.091    14.124 r  BUFG_3/O
                         net (fo=8, routed)           1.590    15.714    crg_clkout_buf3
    SLICE_X85Y75         FDSE                                         r  crg_reset_counter_reg[3]/C
                         clock pessimism              0.882    16.596    
                         clock uncertainty           -0.061    16.535    
    SLICE_X85Y75         FDSE (Setup_fdse_C_CE)      -0.205    16.330    crg_reset_counter_reg[3]
  -------------------------------------------------------------------
                         required time                         16.330    
                         arrival time                         -13.426    
  -------------------------------------------------------------------
                         slack                                  2.904    

Slack (MET) :             2.941ns  (required time - arrival time)
  Source:                 FDPE_7/C
                            (rising edge-triggered cell FDPE clocked by crg_clkout3  {rise@0.000ns fall@2.500ns period=5.000ns})
  Destination:            crg_reset_counter_reg[0]/S
                            (rising edge-triggered cell FDSE clocked by crg_clkout3  {rise@0.000ns fall@2.500ns period=5.000ns})
  Path Group:             crg_clkout3
  Path Type:              Setup (Max at Slow Process Corner)
  Requirement:            5.000ns  (crg_clkout3 rise@5.000ns - crg_clkout3 rise@0.000ns)
  Data Path Delay:        1.341ns  (logic 0.419ns (31.248%)  route 0.922ns (68.752%))
  Logic Levels:           0  
  Clock Path Skew:        -0.053ns (DCD - SCD + CPR)
    Destination Clock Delay (DCD):    10.714ns = ( 15.714 - 5.000 ) 
    Source Clock Delay      (SCD):    11.611ns
    Clock Pessimism Removal (CPR):    0.844ns
  Clock Uncertainty:      0.061ns  ((TSJ^2 + DJ^2)^1/2) / 2 + PE
    Total System Jitter     (TSJ):    0.071ns
    Discrete Jitter          (DJ):    0.100ns
    Phase Error              (PE):    0.000ns

    Location             Delay type                Incr(ns)  Path(ns)    Netlist Resource(s)
  -------------------------------------------------------------------    -------------------
                         (clock crg_clkout3 rise edge)
                                                      0.000     0.000 r  
    E3                                                0.000     0.000 r  clk100 (IN)
                         net (fo=0)                   0.000     0.000    clk100
    E3                   IBUF (Prop_ibuf_I_O)         1.482     1.482 r  clk100_IBUF_inst/O
                         net (fo=1, routed)           2.025     3.506    clk100_IBUF
    BUFGCTRL_X0Y16       BUFG (Prop_bufg_I_O)         0.096     3.602 r  clk100_IBUF_BUFG_inst/O
                         net (fo=1, routed)           2.240     5.843    clk100_IBUF_BUFG
    SLICE_X36Y28         LUT1 (Prop_lut1_I0_O)        0.124     5.967 r  clk100_inst/O
                         net (fo=9, routed)           1.719     7.685    crg_clkin
    MMCME2_ADV_X0Y0      MMCME2_ADV (Prop_mmcme2_adv_CLKIN1_CLKOUT3)
                                                      0.088     7.773 r  MMCME2_ADV/CLKOUT3
                         net (fo=1, routed)           2.018     9.792    crg_clkout3
    BUFGCTRL_X0Y2        BUFG (Prop_bufg_I_O)         0.096     9.888 r  BUFG_3/O
                         net (fo=8, routed)           1.723    11.611    crg_clkout_buf3
    SLICE_X83Y64         FDPE                                         r  FDPE_7/C
  -------------------------------------------------------------------    -------------------
    SLICE_X83Y64         FDPE (Prop_fdpe_C_Q)         0.419    12.030 r  FDPE_7/Q
                         net (fo=5, routed)           0.922    12.952    iodelay_rst
    SLICE_X85Y75         FDSE                                         r  crg_reset_counter_reg[0]/S
  -------------------------------------------------------------------    -------------------

                         (clock crg_clkout3 rise edge)
                                                      5.000     5.000 r  
    E3                                                0.000     5.000 r  clk100 (IN)
                         net (fo=0)                   0.000     5.000    clk100
    E3                   IBUF (Prop_ibuf_I_O)         1.411     6.411 r  clk100_IBUF_inst/O
                         net (fo=1, routed)           1.920     8.331    clk100_IBUF
    BUFGCTRL_X0Y16       BUFG (Prop_bufg_I_O)         0.091     8.422 r  clk100_IBUF_BUFG_inst/O
                         net (fo=1, routed)           2.028    10.450    clk100_IBUF_BUFG
    SLICE_X36Y28         LUT1 (Prop_lut1_I0_O)        0.100    10.550 r  clk100_inst/O
                         net (fo=9, routed)           1.477    12.027    crg_clkin
    MMCME2_ADV_X0Y0      MMCME2_ADV (Prop_mmcme2_adv_CLKIN1_CLKOUT3)
                                                      0.083    12.110 r  MMCME2_ADV/CLKOUT3
                         net (fo=1, routed)           1.923    14.033    crg_clkout3
    BUFGCTRL_X0Y2        BUFG (Prop_bufg_I_O)         0.091    14.124 r  BUFG_3/O
                         net (fo=8, routed)           1.590    15.714    crg_clkout_buf3
    SLICE_X85Y75         FDSE                                         r  crg_reset_counter_reg[0]/C
                         clock pessimism              0.844    16.558    
                         clock uncertainty           -0.061    16.497    
    SLICE_X85Y75         FDSE (Setup_fdse_C_S)       -0.604    15.893    crg_reset_counter_reg[0]
  -------------------------------------------------------------------
                         required time                         15.893    
                         arrival time                         -12.952    
  -------------------------------------------------------------------
                         slack                                  2.941    

Slack (MET) :             2.941ns  (required time - arrival time)
  Source:                 FDPE_7/C
                            (rising edge-triggered cell FDPE clocked by crg_clkout3  {rise@0.000ns fall@2.500ns period=5.000ns})
  Destination:            crg_reset_counter_reg[1]/S
                            (rising edge-triggered cell FDSE clocked by crg_clkout3  {rise@0.000ns fall@2.500ns period=5.000ns})
  Path Group:             crg_clkout3
  Path Type:              Setup (Max at Slow Process Corner)
  Requirement:            5.000ns  (crg_clkout3 rise@5.000ns - crg_clkout3 rise@0.000ns)
  Data Path Delay:        1.341ns  (logic 0.419ns (31.248%)  route 0.922ns (68.752%))
  Logic Levels:           0  
  Clock Path Skew:        -0.053ns (DCD - SCD + CPR)
    Destination Clock Delay (DCD):    10.714ns = ( 15.714 - 5.000 ) 
    Source Clock Delay      (SCD):    11.611ns
    Clock Pessimism Removal (CPR):    0.844ns
  Clock Uncertainty:      0.061ns  ((TSJ^2 + DJ^2)^1/2) / 2 + PE
    Total System Jitter     (TSJ):    0.071ns
    Discrete Jitter          (DJ):    0.100ns
    Phase Error              (PE):    0.000ns

    Location             Delay type                Incr(ns)  Path(ns)    Netlist Resource(s)
  -------------------------------------------------------------------    -------------------
                         (clock crg_clkout3 rise edge)
                                                      0.000     0.000 r  
    E3                                                0.000     0.000 r  clk100 (IN)
                         net (fo=0)                   0.000     0.000    clk100
    E3                   IBUF (Prop_ibuf_I_O)         1.482     1.482 r  clk100_IBUF_inst/O
                         net (fo=1, routed)           2.025     3.506    clk100_IBUF
    BUFGCTRL_X0Y16       BUFG (Prop_bufg_I_O)         0.096     3.602 r  clk100_IBUF_BUFG_inst/O
                         net (fo=1, routed)           2.240     5.843    clk100_IBUF_BUFG
    SLICE_X36Y28         LUT1 (Prop_lut1_I0_O)        0.124     5.967 r  clk100_inst/O
                         net (fo=9, routed)           1.719     7.685    crg_clkin
    MMCME2_ADV_X0Y0      MMCME2_ADV (Prop_mmcme2_adv_CLKIN1_CLKOUT3)
                                                      0.088     7.773 r  MMCME2_ADV/CLKOUT3
                         net (fo=1, routed)           2.018     9.792    crg_clkout3
    BUFGCTRL_X0Y2        BUFG (Prop_bufg_I_O)         0.096     9.888 r  BUFG_3/O
                         net (fo=8, routed)           1.723    11.611    crg_clkout_buf3
    SLICE_X83Y64         FDPE                                         r  FDPE_7/C
  -------------------------------------------------------------------    -------------------
    SLICE_X83Y64         FDPE (Prop_fdpe_C_Q)         0.419    12.030 r  FDPE_7/Q
                         net (fo=5, routed)           0.922    12.952    iodelay_rst
    SLICE_X85Y75         FDSE                                         r  crg_reset_counter_reg[1]/S
  -------------------------------------------------------------------    -------------------

                         (clock crg_clkout3 rise edge)
                                                      5.000     5.000 r  
    E3                                                0.000     5.000 r  clk100 (IN)
                         net (fo=0)                   0.000     5.000    clk100
    E3                   IBUF (Prop_ibuf_I_O)         1.411     6.411 r  clk100_IBUF_inst/O
                         net (fo=1, routed)           1.920     8.331    clk100_IBUF
    BUFGCTRL_X0Y16       BUFG (Prop_bufg_I_O)         0.091     8.422 r  clk100_IBUF_BUFG_inst/O
                         net (fo=1, routed)           2.028    10.450    clk100_IBUF_BUFG
    SLICE_X36Y28         LUT1 (Prop_lut1_I0_O)        0.100    10.550 r  clk100_inst/O
                         net (fo=9, routed)           1.477    12.027    crg_clkin
    MMCME2_ADV_X0Y0      MMCME2_ADV (Prop_mmcme2_adv_CLKIN1_CLKOUT3)
                                                      0.083    12.110 r  MMCME2_ADV/CLKOUT3
                         net (fo=1, routed)           1.923    14.033    crg_clkout3
    BUFGCTRL_X0Y2        BUFG (Prop_bufg_I_O)         0.091    14.124 r  BUFG_3/O
                         net (fo=8, routed)           1.590    15.714    crg_clkout_buf3
    SLICE_X85Y75         FDSE                                         r  crg_reset_counter_reg[1]/C
                         clock pessimism              0.844    16.558    
                         clock uncertainty           -0.061    16.497    
    SLICE_X85Y75         FDSE (Setup_fdse_C_S)       -0.604    15.893    crg_reset_counter_reg[1]
  -------------------------------------------------------------------
                         required time                         15.893    
                         arrival time                         -12.952    
  -------------------------------------------------------------------
                         slack                                  2.941    

Slack (MET) :             2.941ns  (required time - arrival time)
  Source:                 FDPE_7/C
                            (rising edge-triggered cell FDPE clocked by crg_clkout3  {rise@0.000ns fall@2.500ns period=5.000ns})
  Destination:            crg_reset_counter_reg[2]/S
                            (rising edge-triggered cell FDSE clocked by crg_clkout3  {rise@0.000ns fall@2.500ns period=5.000ns})
  Path Group:             crg_clkout3
  Path Type:              Setup (Max at Slow Process Corner)
  Requirement:            5.000ns  (crg_clkout3 rise@5.000ns - crg_clkout3 rise@0.000ns)
  Data Path Delay:        1.341ns  (logic 0.419ns (31.248%)  route 0.922ns (68.752%))
  Logic Levels:           0  
  Clock Path Skew:        -0.053ns (DCD - SCD + CPR)
    Destination Clock Delay (DCD):    10.714ns = ( 15.714 - 5.000 ) 
    Source Clock Delay      (SCD):    11.611ns
    Clock Pessimism Removal (CPR):    0.844ns
  Clock Uncertainty:      0.061ns  ((TSJ^2 + DJ^2)^1/2) / 2 + PE
    Total System Jitter     (TSJ):    0.071ns
    Discrete Jitter          (DJ):    0.100ns
    Phase Error              (PE):    0.000ns

    Location             Delay type                Incr(ns)  Path(ns)    Netlist Resource(s)
  -------------------------------------------------------------------    -------------------
                         (clock crg_clkout3 rise edge)
                                                      0.000     0.000 r  
    E3                                                0.000     0.000 r  clk100 (IN)
                         net (fo=0)                   0.000     0.000    clk100
    E3                   IBUF (Prop_ibuf_I_O)         1.482     1.482 r  clk100_IBUF_inst/O
                         net (fo=1, routed)           2.025     3.506    clk100_IBUF
    BUFGCTRL_X0Y16       BUFG (Prop_bufg_I_O)         0.096     3.602 r  clk100_IBUF_BUFG_inst/O
                         net (fo=1, routed)           2.240     5.843    clk100_IBUF_BUFG
    SLICE_X36Y28         LUT1 (Prop_lut1_I0_O)        0.124     5.967 r  clk100_inst/O
                         net (fo=9, routed)           1.719     7.685    crg_clkin
    MMCME2_ADV_X0Y0      MMCME2_ADV (Prop_mmcme2_adv_CLKIN1_CLKOUT3)
                                                      0.088     7.773 r  MMCME2_ADV/CLKOUT3
                         net (fo=1, routed)           2.018     9.792    crg_clkout3
    BUFGCTRL_X0Y2        BUFG (Prop_bufg_I_O)         0.096     9.888 r  BUFG_3/O
                         net (fo=8, routed)           1.723    11.611    crg_clkout_buf3
    SLICE_X83Y64         FDPE                                         r  FDPE_7/C
  -------------------------------------------------------------------    -------------------
    SLICE_X83Y64         FDPE (Prop_fdpe_C_Q)         0.419    12.030 r  FDPE_7/Q
                         net (fo=5, routed)           0.922    12.952    iodelay_rst
    SLICE_X85Y75         FDSE                                         r  crg_reset_counter_reg[2]/S
  -------------------------------------------------------------------    -------------------

                         (clock crg_clkout3 rise edge)
                                                      5.000     5.000 r  
    E3                                                0.000     5.000 r  clk100 (IN)
                         net (fo=0)                   0.000     5.000    clk100
    E3                   IBUF (Prop_ibuf_I_O)         1.411     6.411 r  clk100_IBUF_inst/O
                         net (fo=1, routed)           1.920     8.331    clk100_IBUF
    BUFGCTRL_X0Y16       BUFG (Prop_bufg_I_O)         0.091     8.422 r  clk100_IBUF_BUFG_inst/O
                         net (fo=1, routed)           2.028    10.450    clk100_IBUF_BUFG
    SLICE_X36Y28         LUT1 (Prop_lut1_I0_O)        0.100    10.550 r  clk100_inst/O
                         net (fo=9, routed)           1.477    12.027    crg_clkin
    MMCME2_ADV_X0Y0      MMCME2_ADV (Prop_mmcme2_adv_CLKIN1_CLKOUT3)
                                                      0.083    12.110 r  MMCME2_ADV/CLKOUT3
                         net (fo=1, routed)           1.923    14.033    crg_clkout3
    BUFGCTRL_X0Y2        BUFG (Prop_bufg_I_O)         0.091    14.124 r  BUFG_3/O
                         net (fo=8, routed)           1.590    15.714    crg_clkout_buf3
    SLICE_X85Y75         FDSE                                         r  crg_reset_counter_reg[2]/C
                         clock pessimism              0.844    16.558    
                         clock uncertainty           -0.061    16.497    
    SLICE_X85Y75         FDSE (Setup_fdse_C_S)       -0.604    15.893    crg_reset_counter_reg[2]
  -------------------------------------------------------------------
                         required time                         15.893    
                         arrival time                         -12.952    
  -------------------------------------------------------------------
                         slack                                  2.941    

Slack (MET) :             2.941ns  (required time - arrival time)
  Source:                 FDPE_7/C
                            (rising edge-triggered cell FDPE clocked by crg_clkout3  {rise@0.000ns fall@2.500ns period=5.000ns})
  Destination:            crg_reset_counter_reg[3]/S
                            (rising edge-triggered cell FDSE clocked by crg_clkout3  {rise@0.000ns fall@2.500ns period=5.000ns})
  Path Group:             crg_clkout3
  Path Type:              Setup (Max at Slow Process Corner)
  Requirement:            5.000ns  (crg_clkout3 rise@5.000ns - crg_clkout3 rise@0.000ns)
  Data Path Delay:        1.341ns  (logic 0.419ns (31.248%)  route 0.922ns (68.752%))
  Logic Levels:           0  
  Clock Path Skew:        -0.053ns (DCD - SCD + CPR)
    Destination Clock Delay (DCD):    10.714ns = ( 15.714 - 5.000 ) 
    Source Clock Delay      (SCD):    11.611ns
    Clock Pessimism Removal (CPR):    0.844ns
  Clock Uncertainty:      0.061ns  ((TSJ^2 + DJ^2)^1/2) / 2 + PE
    Total System Jitter     (TSJ):    0.071ns
    Discrete Jitter          (DJ):    0.100ns
    Phase Error              (PE):    0.000ns

    Location             Delay type                Incr(ns)  Path(ns)    Netlist Resource(s)
  -------------------------------------------------------------------    -------------------
                         (clock crg_clkout3 rise edge)
                                                      0.000     0.000 r  
    E3                                                0.000     0.000 r  clk100 (IN)
                         net (fo=0)                   0.000     0.000    clk100
    E3                   IBUF (Prop_ibuf_I_O)         1.482     1.482 r  clk100_IBUF_inst/O
                         net (fo=1, routed)           2.025     3.506    clk100_IBUF
    BUFGCTRL_X0Y16       BUFG (Prop_bufg_I_O)         0.096     3.602 r  clk100_IBUF_BUFG_inst/O
                         net (fo=1, routed)           2.240     5.843    clk100_IBUF_BUFG
    SLICE_X36Y28         LUT1 (Prop_lut1_I0_O)        0.124     5.967 r  clk100_inst/O
                         net (fo=9, routed)           1.719     7.685    crg_clkin
    MMCME2_ADV_X0Y0      MMCME2_ADV (Prop_mmcme2_adv_CLKIN1_CLKOUT3)
                                                      0.088     7.773 r  MMCME2_ADV/CLKOUT3
                         net (fo=1, routed)           2.018     9.792    crg_clkout3
    BUFGCTRL_X0Y2        BUFG (Prop_bufg_I_O)         0.096     9.888 r  BUFG_3/O
                         net (fo=8, routed)           1.723    11.611    crg_clkout_buf3
    SLICE_X83Y64         FDPE                                         r  FDPE_7/C
  -------------------------------------------------------------------    -------------------
    SLICE_X83Y64         FDPE (Prop_fdpe_C_Q)         0.419    12.030 r  FDPE_7/Q
                         net (fo=5, routed)           0.922    12.952    iodelay_rst
    SLICE_X85Y75         FDSE                                         r  crg_reset_counter_reg[3]/S
  -------------------------------------------------------------------    -------------------

                         (clock crg_clkout3 rise edge)
                                                      5.000     5.000 r  
    E3                                                0.000     5.000 r  clk100 (IN)
                         net (fo=0)                   0.000     5.000    clk100
    E3                   IBUF (Prop_ibuf_I_O)         1.411     6.411 r  clk100_IBUF_inst/O
                         net (fo=1, routed)           1.920     8.331    clk100_IBUF
    BUFGCTRL_X0Y16       BUFG (Prop_bufg_I_O)         0.091     8.422 r  clk100_IBUF_BUFG_inst/O
                         net (fo=1, routed)           2.028    10.450    clk100_IBUF_BUFG
    SLICE_X36Y28         LUT1 (Prop_lut1_I0_O)        0.100    10.550 r  clk100_inst/O
                         net (fo=9, routed)           1.477    12.027    crg_clkin
    MMCME2_ADV_X0Y0      MMCME2_ADV (Prop_mmcme2_adv_CLKIN1_CLKOUT3)
                                                      0.083    12.110 r  MMCME2_ADV/CLKOUT3
                         net (fo=1, routed)           1.923    14.033    crg_clkout3
    BUFGCTRL_X0Y2        BUFG (Prop_bufg_I_O)         0.091    14.124 r  BUFG_3/O
                         net (fo=8, routed)           1.590    15.714    crg_clkout_buf3
    SLICE_X85Y75         FDSE                                         r  crg_reset_counter_reg[3]/C
                         clock pessimism              0.844    16.558    
                         clock uncertainty           -0.061    16.497    
    SLICE_X85Y75         FDSE (Setup_fdse_C_S)       -0.604    15.893    crg_reset_counter_reg[3]
  -------------------------------------------------------------------
                         required time                         15.893    
                         arrival time                         -12.952    
  -------------------------------------------------------------------
                         slack                                  2.941    

Slack (MET) :             2.966ns  (required time - arrival time)
  Source:                 FDPE_7/C
                            (rising edge-triggered cell FDPE clocked by crg_clkout3  {rise@0.000ns fall@2.500ns period=5.000ns})
  Destination:            crg_ic_reset_reg/D
                            (rising edge-triggered cell FDRE clocked by crg_clkout3  {rise@0.000ns fall@2.500ns period=5.000ns})
  Path Group:             crg_clkout3
  Path Type:              Setup (Max at Slow Process Corner)
  Requirement:            5.000ns  (crg_clkout3 rise@5.000ns - crg_clkout3 rise@0.000ns)
  Data Path Delay:        1.950ns  (logic 0.718ns (36.816%)  route 1.232ns (63.184%))
  Logic Levels:           1  (LUT3=1)
  Clock Path Skew:        -0.051ns (DCD - SCD + CPR)
    Destination Clock Delay (DCD):    10.716ns = ( 15.716 - 5.000 ) 
    Source Clock Delay      (SCD):    11.611ns
    Clock Pessimism Removal (CPR):    0.844ns
  Clock Uncertainty:      0.061ns  ((TSJ^2 + DJ^2)^1/2) / 2 + PE
    Total System Jitter     (TSJ):    0.071ns
    Discrete Jitter          (DJ):    0.100ns
    Phase Error              (PE):    0.000ns

    Location             Delay type                Incr(ns)  Path(ns)    Netlist Resource(s)
  -------------------------------------------------------------------    -------------------
                         (clock crg_clkout3 rise edge)
                                                      0.000     0.000 r  
    E3                                                0.000     0.000 r  clk100 (IN)
                         net (fo=0)                   0.000     0.000    clk100
    E3                   IBUF (Prop_ibuf_I_O)         1.482     1.482 r  clk100_IBUF_inst/O
                         net (fo=1, routed)           2.025     3.506    clk100_IBUF
    BUFGCTRL_X0Y16       BUFG (Prop_bufg_I_O)         0.096     3.602 r  clk100_IBUF_BUFG_inst/O
                         net (fo=1, routed)           2.240     5.843    clk100_IBUF_BUFG
    SLICE_X36Y28         LUT1 (Prop_lut1_I0_O)        0.124     5.967 r  clk100_inst/O
                         net (fo=9, routed)           1.719     7.685    crg_clkin
    MMCME2_ADV_X0Y0      MMCME2_ADV (Prop_mmcme2_adv_CLKIN1_CLKOUT3)
                                                      0.088     7.773 r  MMCME2_ADV/CLKOUT3
                         net (fo=1, routed)           2.018     9.792    crg_clkout3
    BUFGCTRL_X0Y2        BUFG (Prop_bufg_I_O)         0.096     9.888 r  BUFG_3/O
                         net (fo=8, routed)           1.723    11.611    crg_clkout_buf3
    SLICE_X83Y64         FDPE                                         r  FDPE_7/C
  -------------------------------------------------------------------    -------------------
    SLICE_X83Y64         FDPE (Prop_fdpe_C_Q)         0.419    12.030 r  FDPE_7/Q
                         net (fo=5, routed)           1.232    13.262    iodelay_rst
    SLICE_X86Y75         LUT3 (Prop_lut3_I2_O)        0.299    13.561 r  crg_ic_reset_i_1/O
                         net (fo=1, routed)           0.000    13.561    crg_ic_reset_i_1_n_0
    SLICE_X86Y75         FDRE                                         r  crg_ic_reset_reg/D
  -------------------------------------------------------------------    -------------------

                         (clock crg_clkout3 rise edge)
                                                      5.000     5.000 r  
    E3                                                0.000     5.000 r  clk100 (IN)
                         net (fo=0)                   0.000     5.000    clk100
    E3                   IBUF (Prop_ibuf_I_O)         1.411     6.411 r  clk100_IBUF_inst/O
                         net (fo=1, routed)           1.920     8.331    clk100_IBUF
    BUFGCTRL_X0Y16       BUFG (Prop_bufg_I_O)         0.091     8.422 r  clk100_IBUF_BUFG_inst/O
                         net (fo=1, routed)           2.028    10.450    clk100_IBUF_BUFG
    SLICE_X36Y28         LUT1 (Prop_lut1_I0_O)        0.100    10.550 r  clk100_inst/O
                         net (fo=9, routed)           1.477    12.027    crg_clkin
    MMCME2_ADV_X0Y0      MMCME2_ADV (Prop_mmcme2_adv_CLKIN1_CLKOUT3)
                                                      0.083    12.110 r  MMCME2_ADV/CLKOUT3
                         net (fo=1, routed)           1.923    14.033    crg_clkout3
    BUFGCTRL_X0Y2        BUFG (Prop_bufg_I_O)         0.091    14.124 r  BUFG_3/O
                         net (fo=8, routed)           1.592    15.716    crg_clkout_buf3
    SLICE_X86Y75         FDRE                                         r  crg_ic_reset_reg/C
                         clock pessimism              0.844    16.560    
                         clock uncertainty           -0.061    16.499    
    SLICE_X86Y75         FDRE (Setup_fdre_C_D)        0.029    16.528    crg_ic_reset_reg
  -------------------------------------------------------------------
                         required time                         16.528    
                         arrival time                         -13.561    
  -------------------------------------------------------------------
                         slack                                  2.966    





Min Delay Paths
--------------------------------------------------------------------------------------
Slack (MET) :             0.122ns  (arrival time - required time)
  Source:                 FDPE_6/C
                            (rising edge-triggered cell FDPE clocked by crg_clkout3  {rise@0.000ns fall@2.500ns period=5.000ns})
  Destination:            FDPE_7/D
                            (rising edge-triggered cell FDPE clocked by crg_clkout3  {rise@0.000ns fall@2.500ns period=5.000ns})
  Path Group:             crg_clkout3
  Path Type:              Hold (Min at Fast Process Corner)
  Requirement:            0.000ns  (crg_clkout3 rise@0.000ns - crg_clkout3 rise@0.000ns)
  Data Path Delay:        0.197ns  (logic 0.141ns (71.611%)  route 0.056ns (28.389%))
  Logic Levels:           0  
  Clock Path Skew:        0.000ns (DCD - SCD - CPR)
    Destination Clock Delay (DCD):    4.848ns
    Source Clock Delay      (SCD):    3.850ns
    Clock Pessimism Removal (CPR):    0.998ns

    Location             Delay type                Incr(ns)  Path(ns)    Netlist Resource(s)
  -------------------------------------------------------------------    -------------------
                         (clock crg_clkout3 rise edge)
                                                      0.000     0.000 r  
    E3                                                0.000     0.000 r  clk100 (IN)
                         net (fo=0)                   0.000     0.000    clk100
    E3                   IBUF (Prop_ibuf_I_O)         0.250     0.250 r  clk100_IBUF_inst/O
                         net (fo=1, routed)           0.644     0.894    clk100_IBUF
    BUFGCTRL_X0Y16       BUFG (Prop_bufg_I_O)         0.026     0.920 r  clk100_IBUF_BUFG_inst/O
                         net (fo=1, routed)           0.776     1.696    clk100_IBUF_BUFG
    SLICE_X36Y28         LUT1 (Prop_lut1_I0_O)        0.045     1.741 r  clk100_inst/O
                         net (fo=9, routed)           0.786     2.526    crg_clkin
    MMCME2_ADV_X0Y0      MMCME2_ADV (Prop_mmcme2_adv_CLKIN1_CLKOUT3)
                                                      0.050     2.576 r  MMCME2_ADV/CLKOUT3
                         net (fo=1, routed)           0.648     3.224    crg_clkout3
    BUFGCTRL_X0Y2        BUFG (Prop_bufg_I_O)         0.026     3.250 r  BUFG_3/O
                         net (fo=8, routed)           0.600     3.850    crg_clkout_buf3
    SLICE_X83Y64         FDPE                                         r  FDPE_6/C
  -------------------------------------------------------------------    -------------------
    SLICE_X83Y64         FDPE (Prop_fdpe_C_Q)         0.141     3.991 r  FDPE_6/Q
                         net (fo=1, routed)           0.056     4.047    xilinxasyncresetsynchronizerimpl3_rst_meta
    SLICE_X83Y64         FDPE                                         r  FDPE_7/D
  -------------------------------------------------------------------    -------------------

                         (clock crg_clkout3 rise edge)
                                                      0.000     0.000 r  
    E3                                                0.000     0.000 r  clk100 (IN)
                         net (fo=0)                   0.000     0.000    clk100
    E3                   IBUF (Prop_ibuf_I_O)         0.438     0.438 r  clk100_IBUF_inst/O
                         net (fo=1, routed)           0.699     1.136    clk100_IBUF
    BUFGCTRL_X0Y16       BUFG (Prop_bufg_I_O)         0.029     1.165 r  clk100_IBUF_BUFG_inst/O
                         net (fo=1, routed)           1.077     2.243    clk100_IBUF_BUFG
    SLICE_X36Y28         LUT1 (Prop_lut1_I0_O)        0.056     2.299 r  clk100_inst/O
                         net (fo=9, routed)           0.897     3.195    crg_clkin
    MMCME2_ADV_X0Y0      MMCME2_ADV (Prop_mmcme2_adv_CLKIN1_CLKOUT3)
                                                      0.053     3.248 r  MMCME2_ADV/CLKOUT3
                         net (fo=1, routed)           0.700     3.949    crg_clkout3
    BUFGCTRL_X0Y2        BUFG (Prop_bufg_I_O)         0.029     3.978 r  BUFG_3/O
                         net (fo=8, routed)           0.871     4.848    crg_clkout_buf3
    SLICE_X83Y64         FDPE                                         r  FDPE_7/C
                         clock pessimism             -0.998     3.850    
    SLICE_X83Y64         FDPE (Hold_fdpe_C_D)         0.075     3.925    FDPE_7
  -------------------------------------------------------------------
                         required time                         -3.925    
                         arrival time                           4.047    
  -------------------------------------------------------------------
                         slack                                  0.122    

Slack (MET) :             0.281ns  (arrival time - required time)
  Source:                 crg_ic_reset_reg/C
                            (rising edge-triggered cell FDRE clocked by crg_clkout3  {rise@0.000ns fall@2.500ns period=5.000ns})
  Destination:            crg_ic_reset_reg/D
                            (rising edge-triggered cell FDRE clocked by crg_clkout3  {rise@0.000ns fall@2.500ns period=5.000ns})
  Path Group:             crg_clkout3
  Path Type:              Hold (Min at Fast Process Corner)
  Requirement:            0.000ns  (crg_clkout3 rise@0.000ns - crg_clkout3 rise@0.000ns)
  Data Path Delay:        0.372ns  (logic 0.186ns (49.982%)  route 0.186ns (50.018%))
  Logic Levels:           1  (LUT3=1)
  Clock Path Skew:        0.000ns (DCD - SCD - CPR)
    Destination Clock Delay (DCD):    4.838ns
    Source Clock Delay      (SCD):    3.842ns
    Clock Pessimism Removal (CPR):    0.996ns

    Location             Delay type                Incr(ns)  Path(ns)    Netlist Resource(s)
  -------------------------------------------------------------------    -------------------
                         (clock crg_clkout3 rise edge)
                                                      0.000     0.000 r  
    E3                                                0.000     0.000 r  clk100 (IN)
                         net (fo=0)                   0.000     0.000    clk100
    E3                   IBUF (Prop_ibuf_I_O)         0.250     0.250 r  clk100_IBUF_inst/O
                         net (fo=1, routed)           0.644     0.894    clk100_IBUF
    BUFGCTRL_X0Y16       BUFG (Prop_bufg_I_O)         0.026     0.920 r  clk100_IBUF_BUFG_inst/O
                         net (fo=1, routed)           0.776     1.696    clk100_IBUF_BUFG
    SLICE_X36Y28         LUT1 (Prop_lut1_I0_O)        0.045     1.741 r  clk100_inst/O
                         net (fo=9, routed)           0.786     2.526    crg_clkin
    MMCME2_ADV_X0Y0      MMCME2_ADV (Prop_mmcme2_adv_CLKIN1_CLKOUT3)
                                                      0.050     2.576 r  MMCME2_ADV/CLKOUT3
                         net (fo=1, routed)           0.648     3.224    crg_clkout3
    BUFGCTRL_X0Y2        BUFG (Prop_bufg_I_O)         0.026     3.250 r  BUFG_3/O
                         net (fo=8, routed)           0.592     3.842    crg_clkout_buf3
    SLICE_X86Y75         FDRE                                         r  crg_ic_reset_reg/C
  -------------------------------------------------------------------    -------------------
    SLICE_X86Y75         FDRE (Prop_fdre_C_Q)         0.141     3.983 r  crg_ic_reset_reg/Q
                         net (fo=2, routed)           0.186     4.169    crg_ic_reset
    SLICE_X86Y75         LUT3 (Prop_lut3_I1_O)        0.045     4.214 r  crg_ic_reset_i_1/O
                         net (fo=1, routed)           0.000     4.214    crg_ic_reset_i_1_n_0
    SLICE_X86Y75         FDRE                                         r  crg_ic_reset_reg/D
  -------------------------------------------------------------------    -------------------

                         (clock crg_clkout3 rise edge)
                                                      0.000     0.000 r  
    E3                                                0.000     0.000 r  clk100 (IN)
                         net (fo=0)                   0.000     0.000    clk100
    E3                   IBUF (Prop_ibuf_I_O)         0.438     0.438 r  clk100_IBUF_inst/O
                         net (fo=1, routed)           0.699     1.136    clk100_IBUF
    BUFGCTRL_X0Y16       BUFG (Prop_bufg_I_O)         0.029     1.165 r  clk100_IBUF_BUFG_inst/O
                         net (fo=1, routed)           1.077     2.243    clk100_IBUF_BUFG
    SLICE_X36Y28         LUT1 (Prop_lut1_I0_O)        0.056     2.299 r  clk100_inst/O
                         net (fo=9, routed)           0.897     3.195    crg_clkin
    MMCME2_ADV_X0Y0      MMCME2_ADV (Prop_mmcme2_adv_CLKIN1_CLKOUT3)
                                                      0.053     3.248 r  MMCME2_ADV/CLKOUT3
                         net (fo=1, routed)           0.700     3.949    crg_clkout3
    BUFGCTRL_X0Y2        BUFG (Prop_bufg_I_O)         0.029     3.978 r  BUFG_3/O
                         net (fo=8, routed)           0.861     4.838    crg_clkout_buf3
    SLICE_X86Y75         FDRE                                         r  crg_ic_reset_reg/C
                         clock pessimism             -0.996     3.842    
    SLICE_X86Y75         FDRE (Hold_fdre_C_D)         0.091     3.933    crg_ic_reset_reg
  -------------------------------------------------------------------
                         required time                         -3.933    
                         arrival time                           4.214    
  -------------------------------------------------------------------
                         slack                                  0.281    

Slack (MET) :             0.307ns  (arrival time - required time)
  Source:                 crg_reset_counter_reg[2]/C
                            (rising edge-triggered cell FDSE clocked by crg_clkout3  {rise@0.000ns fall@2.500ns period=5.000ns})
  Destination:            crg_reset_counter_reg[3]/D
                            (rising edge-triggered cell FDSE clocked by crg_clkout3  {rise@0.000ns fall@2.500ns period=5.000ns})
  Path Group:             crg_clkout3
  Path Type:              Hold (Min at Fast Process Corner)
  Requirement:            0.000ns  (crg_clkout3 rise@0.000ns - crg_clkout3 rise@0.000ns)
  Data Path Delay:        0.414ns  (logic 0.184ns (44.444%)  route 0.230ns (55.556%))
  Logic Levels:           1  (LUT4=1)
  Clock Path Skew:        0.000ns (DCD - SCD - CPR)
    Destination Clock Delay (DCD):    4.837ns
    Source Clock Delay      (SCD):    3.841ns
    Clock Pessimism Removal (CPR):    0.996ns

    Location             Delay type                Incr(ns)  Path(ns)    Netlist Resource(s)
  -------------------------------------------------------------------    -------------------
                         (clock crg_clkout3 rise edge)
                                                      0.000     0.000 r  
    E3                                                0.000     0.000 r  clk100 (IN)
                         net (fo=0)                   0.000     0.000    clk100
    E3                   IBUF (Prop_ibuf_I_O)         0.250     0.250 r  clk100_IBUF_inst/O
                         net (fo=1, routed)           0.644     0.894    clk100_IBUF
    BUFGCTRL_X0Y16       BUFG (Prop_bufg_I_O)         0.026     0.920 r  clk100_IBUF_BUFG_inst/O
                         net (fo=1, routed)           0.776     1.696    clk100_IBUF_BUFG
    SLICE_X36Y28         LUT1 (Prop_lut1_I0_O)        0.045     1.741 r  clk100_inst/O
                         net (fo=9, routed)           0.786     2.526    crg_clkin
    MMCME2_ADV_X0Y0      MMCME2_ADV (Prop_mmcme2_adv_CLKIN1_CLKOUT3)
                                                      0.050     2.576 r  MMCME2_ADV/CLKOUT3
                         net (fo=1, routed)           0.648     3.224    crg_clkout3
    BUFGCTRL_X0Y2        BUFG (Prop_bufg_I_O)         0.026     3.250 r  BUFG_3/O
                         net (fo=8, routed)           0.591     3.841    crg_clkout_buf3
    SLICE_X85Y75         FDSE                                         r  crg_reset_counter_reg[2]/C
  -------------------------------------------------------------------    -------------------
    SLICE_X85Y75         FDSE (Prop_fdse_C_Q)         0.141     3.982 r  crg_reset_counter_reg[2]/Q
                         net (fo=3, routed)           0.230     4.212    crg_reset_counter[2]
    SLICE_X85Y75         LUT4 (Prop_lut4_I0_O)        0.043     4.255 r  crg_reset_counter[3]_i_2/O
                         net (fo=1, routed)           0.000     4.255    crg_reset_counter[3]_i_2_n_0
    SLICE_X85Y75         FDSE                                         r  crg_reset_counter_reg[3]/D
  -------------------------------------------------------------------    -------------------

                         (clock crg_clkout3 rise edge)
                                                      0.000     0.000 r  
    E3                                                0.000     0.000 r  clk100 (IN)
                         net (fo=0)                   0.000     0.000    clk100
    E3                   IBUF (Prop_ibuf_I_O)         0.438     0.438 r  clk100_IBUF_inst/O
                         net (fo=1, routed)           0.699     1.136    clk100_IBUF
    BUFGCTRL_X0Y16       BUFG (Prop_bufg_I_O)         0.029     1.165 r  clk100_IBUF_BUFG_inst/O
                         net (fo=1, routed)           1.077     2.243    clk100_IBUF_BUFG
    SLICE_X36Y28         LUT1 (Prop_lut1_I0_O)        0.056     2.299 r  clk100_inst/O
                         net (fo=9, routed)           0.897     3.195    crg_clkin
    MMCME2_ADV_X0Y0      MMCME2_ADV (Prop_mmcme2_adv_CLKIN1_CLKOUT3)
                                                      0.053     3.248 r  MMCME2_ADV/CLKOUT3
                         net (fo=1, routed)           0.700     3.949    crg_clkout3
    BUFGCTRL_X0Y2        BUFG (Prop_bufg_I_O)         0.029     3.978 r  BUFG_3/O
                         net (fo=8, routed)           0.860     4.837    crg_clkout_buf3
    SLICE_X85Y75         FDSE                                         r  crg_reset_counter_reg[3]/C
                         clock pessimism             -0.996     3.841    
    SLICE_X85Y75         FDSE (Hold_fdse_C_D)         0.107     3.948    crg_reset_counter_reg[3]
  -------------------------------------------------------------------
                         required time                         -3.948    
                         arrival time                           4.255    
  -------------------------------------------------------------------
                         slack                                  0.307    

Slack (MET) :             0.324ns  (arrival time - required time)
  Source:                 crg_reset_counter_reg[2]/C
                            (rising edge-triggered cell FDSE clocked by crg_clkout3  {rise@0.000ns fall@2.500ns period=5.000ns})
  Destination:            crg_reset_counter_reg[2]/D
                            (rising edge-triggered cell FDSE clocked by crg_clkout3  {rise@0.000ns fall@2.500ns period=5.000ns})
  Path Group:             crg_clkout3
  Path Type:              Hold (Min at Fast Process Corner)
  Requirement:            0.000ns  (crg_clkout3 rise@0.000ns - crg_clkout3 rise@0.000ns)
  Data Path Delay:        0.416ns  (logic 0.186ns (44.711%)  route 0.230ns (55.289%))
  Logic Levels:           1  (LUT3=1)
  Clock Path Skew:        0.000ns (DCD - SCD - CPR)
    Destination Clock Delay (DCD):    4.837ns
    Source Clock Delay      (SCD):    3.841ns
    Clock Pessimism Removal (CPR):    0.996ns

    Location             Delay type                Incr(ns)  Path(ns)    Netlist Resource(s)
  -------------------------------------------------------------------    -------------------
                         (clock crg_clkout3 rise edge)
                                                      0.000     0.000 r  
    E3                                                0.000     0.000 r  clk100 (IN)
                         net (fo=0)                   0.000     0.000    clk100
    E3                   IBUF (Prop_ibuf_I_O)         0.250     0.250 r  clk100_IBUF_inst/O
                         net (fo=1, routed)           0.644     0.894    clk100_IBUF
    BUFGCTRL_X0Y16       BUFG (Prop_bufg_I_O)         0.026     0.920 r  clk100_IBUF_BUFG_inst/O
                         net (fo=1, routed)           0.776     1.696    clk100_IBUF_BUFG
    SLICE_X36Y28         LUT1 (Prop_lut1_I0_O)        0.045     1.741 r  clk100_inst/O
                         net (fo=9, routed)           0.786     2.526    crg_clkin
    MMCME2_ADV_X0Y0      MMCME2_ADV (Prop_mmcme2_adv_CLKIN1_CLKOUT3)
                                                      0.050     2.576 r  MMCME2_ADV/CLKOUT3
                         net (fo=1, routed)           0.648     3.224    crg_clkout3
    BUFGCTRL_X0Y2        BUFG (Prop_bufg_I_O)         0.026     3.250 r  BUFG_3/O
                         net (fo=8, routed)           0.591     3.841    crg_clkout_buf3
    SLICE_X85Y75         FDSE                                         r  crg_reset_counter_reg[2]/C
  -------------------------------------------------------------------    -------------------
    SLICE_X85Y75         FDSE (Prop_fdse_C_Q)         0.141     3.982 r  crg_reset_counter_reg[2]/Q
                         net (fo=3, routed)           0.230     4.212    crg_reset_counter[2]
    SLICE_X85Y75         LUT3 (Prop_lut3_I2_O)        0.045     4.257 r  crg_reset_counter[2]_i_1/O
                         net (fo=1, routed)           0.000     4.257    crg_reset_counter[2]_i_1_n_0
    SLICE_X85Y75         FDSE                                         r  crg_reset_counter_reg[2]/D
  -------------------------------------------------------------------    -------------------

                         (clock crg_clkout3 rise edge)
                                                      0.000     0.000 r  
    E3                                                0.000     0.000 r  clk100 (IN)
                         net (fo=0)                   0.000     0.000    clk100
    E3                   IBUF (Prop_ibuf_I_O)         0.438     0.438 r  clk100_IBUF_inst/O
                         net (fo=1, routed)           0.699     1.136    clk100_IBUF
    BUFGCTRL_X0Y16       BUFG (Prop_bufg_I_O)         0.029     1.165 r  clk100_IBUF_BUFG_inst/O
                         net (fo=1, routed)           1.077     2.243    clk100_IBUF_BUFG
    SLICE_X36Y28         LUT1 (Prop_lut1_I0_O)        0.056     2.299 r  clk100_inst/O
                         net (fo=9, routed)           0.897     3.195    crg_clkin
    MMCME2_ADV_X0Y0      MMCME2_ADV (Prop_mmcme2_adv_CLKIN1_CLKOUT3)
                                                      0.053     3.248 r  MMCME2_ADV/CLKOUT3
                         net (fo=1, routed)           0.700     3.949    crg_clkout3
    BUFGCTRL_X0Y2        BUFG (Prop_bufg_I_O)         0.029     3.978 r  BUFG_3/O
                         net (fo=8, routed)           0.860     4.837    crg_clkout_buf3
    SLICE_X85Y75         FDSE                                         r  crg_reset_counter_reg[2]/C
                         clock pessimism             -0.996     3.841    
    SLICE_X85Y75         FDSE (Hold_fdse_C_D)         0.092     3.933    crg_reset_counter_reg[2]
  -------------------------------------------------------------------
                         required time                         -3.933    
                         arrival time                           4.257    
  -------------------------------------------------------------------
                         slack                                  0.324    

Slack (MET) :             0.376ns  (arrival time - required time)
  Source:                 crg_reset_counter_reg[0]/C
                            (rising edge-triggered cell FDSE clocked by crg_clkout3  {rise@0.000ns fall@2.500ns period=5.000ns})
  Destination:            crg_reset_counter_reg[1]/D
                            (rising edge-triggered cell FDSE clocked by crg_clkout3  {rise@0.000ns fall@2.500ns period=5.000ns})
  Path Group:             crg_clkout3
  Path Type:              Hold (Min at Fast Process Corner)
  Requirement:            0.000ns  (crg_clkout3 rise@0.000ns - crg_clkout3 rise@0.000ns)
  Data Path Delay:        0.483ns  (logic 0.183ns (37.919%)  route 0.300ns (62.081%))
  Logic Levels:           1  (LUT2=1)
  Clock Path Skew:        0.000ns (DCD - SCD - CPR)
    Destination Clock Delay (DCD):    4.837ns
    Source Clock Delay      (SCD):    3.841ns
    Clock Pessimism Removal (CPR):    0.996ns

    Location             Delay type                Incr(ns)  Path(ns)    Netlist Resource(s)
  -------------------------------------------------------------------    -------------------
                         (clock crg_clkout3 rise edge)
                                                      0.000     0.000 r  
    E3                                                0.000     0.000 r  clk100 (IN)
                         net (fo=0)                   0.000     0.000    clk100
    E3                   IBUF (Prop_ibuf_I_O)         0.250     0.250 r  clk100_IBUF_inst/O
                         net (fo=1, routed)           0.644     0.894    clk100_IBUF
    BUFGCTRL_X0Y16       BUFG (Prop_bufg_I_O)         0.026     0.920 r  clk100_IBUF_BUFG_inst/O
                         net (fo=1, routed)           0.776     1.696    clk100_IBUF_BUFG
    SLICE_X36Y28         LUT1 (Prop_lut1_I0_O)        0.045     1.741 r  clk100_inst/O
                         net (fo=9, routed)           0.786     2.526    crg_clkin
    MMCME2_ADV_X0Y0      MMCME2_ADV (Prop_mmcme2_adv_CLKIN1_CLKOUT3)
                                                      0.050     2.576 r  MMCME2_ADV/CLKOUT3
                         net (fo=1, routed)           0.648     3.224    crg_clkout3
    BUFGCTRL_X0Y2        BUFG (Prop_bufg_I_O)         0.026     3.250 r  BUFG_3/O
                         net (fo=8, routed)           0.591     3.841    crg_clkout_buf3
    SLICE_X85Y75         FDSE                                         r  crg_reset_counter_reg[0]/C
  -------------------------------------------------------------------    -------------------
    SLICE_X85Y75         FDSE (Prop_fdse_C_Q)         0.141     3.982 r  crg_reset_counter_reg[0]/Q
                         net (fo=5, routed)           0.300     4.281    crg_reset_counter[0]
    SLICE_X85Y75         LUT2 (Prop_lut2_I0_O)        0.042     4.323 r  crg_reset_counter[1]_i_1/O
                         net (fo=1, routed)           0.000     4.323    crg_reset_counter[1]_i_1_n_0
    SLICE_X85Y75         FDSE                                         r  crg_reset_counter_reg[1]/D
  -------------------------------------------------------------------    -------------------

                         (clock crg_clkout3 rise edge)
                                                      0.000     0.000 r  
    E3                                                0.000     0.000 r  clk100 (IN)
                         net (fo=0)                   0.000     0.000    clk100
    E3                   IBUF (Prop_ibuf_I_O)         0.438     0.438 r  clk100_IBUF_inst/O
                         net (fo=1, routed)           0.699     1.136    clk100_IBUF
    BUFGCTRL_X0Y16       BUFG (Prop_bufg_I_O)         0.029     1.165 r  clk100_IBUF_BUFG_inst/O
                         net (fo=1, routed)           1.077     2.243    clk100_IBUF_BUFG
    SLICE_X36Y28         LUT1 (Prop_lut1_I0_O)        0.056     2.299 r  clk100_inst/O
                         net (fo=9, routed)           0.897     3.195    crg_clkin
    MMCME2_ADV_X0Y0      MMCME2_ADV (Prop_mmcme2_adv_CLKIN1_CLKOUT3)
                                                      0.053     3.248 r  MMCME2_ADV/CLKOUT3
                         net (fo=1, routed)           0.700     3.949    crg_clkout3
    BUFGCTRL_X0Y2        BUFG (Prop_bufg_I_O)         0.029     3.978 r  BUFG_3/O
                         net (fo=8, routed)           0.860     4.837    crg_clkout_buf3
    SLICE_X85Y75         FDSE                                         r  crg_reset_counter_reg[1]/C
                         clock pessimism             -0.996     3.841    
    SLICE_X85Y75         FDSE (Hold_fdse_C_D)         0.107     3.948    crg_reset_counter_reg[1]
  -------------------------------------------------------------------
                         required time                         -3.948    
                         arrival time                           4.323    
  -------------------------------------------------------------------
                         slack                                  0.376    

Slack (MET) :             0.395ns  (arrival time - required time)
  Source:                 crg_reset_counter_reg[0]/C
                            (rising edge-triggered cell FDSE clocked by crg_clkout3  {rise@0.000ns fall@2.500ns period=5.000ns})
  Destination:            crg_reset_counter_reg[0]/D
                            (rising edge-triggered cell FDSE clocked by crg_clkout3  {rise@0.000ns fall@2.500ns period=5.000ns})
  Path Group:             crg_clkout3
  Path Type:              Hold (Min at Fast Process Corner)
  Requirement:            0.000ns  (crg_clkout3 rise@0.000ns - crg_clkout3 rise@0.000ns)
  Data Path Delay:        0.486ns  (logic 0.186ns (38.302%)  route 0.300ns (61.698%))
  Logic Levels:           1  (LUT1=1)
  Clock Path Skew:        0.000ns (DCD - SCD - CPR)
    Destination Clock Delay (DCD):    4.837ns
    Source Clock Delay      (SCD):    3.841ns
    Clock Pessimism Removal (CPR):    0.996ns

    Location             Delay type                Incr(ns)  Path(ns)    Netlist Resource(s)
  -------------------------------------------------------------------    -------------------
                         (clock crg_clkout3 rise edge)
                                                      0.000     0.000 r  
    E3                                                0.000     0.000 r  clk100 (IN)
                         net (fo=0)                   0.000     0.000    clk100
    E3                   IBUF (Prop_ibuf_I_O)         0.250     0.250 r  clk100_IBUF_inst/O
                         net (fo=1, routed)           0.644     0.894    clk100_IBUF
    BUFGCTRL_X0Y16       BUFG (Prop_bufg_I_O)         0.026     0.920 r  clk100_IBUF_BUFG_inst/O
                         net (fo=1, routed)           0.776     1.696    clk100_IBUF_BUFG
    SLICE_X36Y28         LUT1 (Prop_lut1_I0_O)        0.045     1.741 r  clk100_inst/O
                         net (fo=9, routed)           0.786     2.526    crg_clkin
    MMCME2_ADV_X0Y0      MMCME2_ADV (Prop_mmcme2_adv_CLKIN1_CLKOUT3)
                                                      0.050     2.576 r  MMCME2_ADV/CLKOUT3
                         net (fo=1, routed)           0.648     3.224    crg_clkout3
    BUFGCTRL_X0Y2        BUFG (Prop_bufg_I_O)         0.026     3.250 r  BUFG_3/O
                         net (fo=8, routed)           0.591     3.841    crg_clkout_buf3
    SLICE_X85Y75         FDSE                                         r  crg_reset_counter_reg[0]/C
  -------------------------------------------------------------------    -------------------
    SLICE_X85Y75         FDSE (Prop_fdse_C_Q)         0.141     3.982 f  crg_reset_counter_reg[0]/Q
                         net (fo=5, routed)           0.300     4.281    crg_reset_counter[0]
    SLICE_X85Y75         LUT1 (Prop_lut1_I0_O)        0.045     4.326 r  crg_reset_counter[0]_i_1/O
                         net (fo=1, routed)           0.000     4.326    crg_reset_counter0[0]
    SLICE_X85Y75         FDSE                                         r  crg_reset_counter_reg[0]/D
  -------------------------------------------------------------------    -------------------

                         (clock crg_clkout3 rise edge)
                                                      0.000     0.000 r  
    E3                                                0.000     0.000 r  clk100 (IN)
                         net (fo=0)                   0.000     0.000    clk100
    E3                   IBUF (Prop_ibuf_I_O)         0.438     0.438 r  clk100_IBUF_inst/O
                         net (fo=1, routed)           0.699     1.136    clk100_IBUF
    BUFGCTRL_X0Y16       BUFG (Prop_bufg_I_O)         0.029     1.165 r  clk100_IBUF_BUFG_inst/O
                         net (fo=1, routed)           1.077     2.243    clk100_IBUF_BUFG
    SLICE_X36Y28         LUT1 (Prop_lut1_I0_O)        0.056     2.299 r  clk100_inst/O
                         net (fo=9, routed)           0.897     3.195    crg_clkin
    MMCME2_ADV_X0Y0      MMCME2_ADV (Prop_mmcme2_adv_CLKIN1_CLKOUT3)
                                                      0.053     3.248 r  MMCME2_ADV/CLKOUT3
                         net (fo=1, routed)           0.700     3.949    crg_clkout3
    BUFGCTRL_X0Y2        BUFG (Prop_bufg_I_O)         0.029     3.978 r  BUFG_3/O
                         net (fo=8, routed)           0.860     4.837    crg_clkout_buf3
    SLICE_X85Y75         FDSE                                         r  crg_reset_counter_reg[0]/C
                         clock pessimism             -0.996     3.841    
    SLICE_X85Y75         FDSE (Hold_fdse_C_D)         0.091     3.932    crg_reset_counter_reg[0]
  -------------------------------------------------------------------
                         required time                         -3.932    
                         arrival time                           4.326    
  -------------------------------------------------------------------
                         slack                                  0.395    

Slack (MET) :             0.494ns  (arrival time - required time)
  Source:                 crg_reset_counter_reg[3]/C
                            (rising edge-triggered cell FDSE clocked by crg_clkout3  {rise@0.000ns fall@2.500ns period=5.000ns})
  Destination:            crg_reset_counter_reg[0]/CE
                            (rising edge-triggered cell FDSE clocked by crg_clkout3  {rise@0.000ns fall@2.500ns period=5.000ns})
  Path Group:             crg_clkout3
  Path Type:              Hold (Min at Fast Process Corner)
  Requirement:            0.000ns  (crg_clkout3 rise@0.000ns - crg_clkout3 rise@0.000ns)
  Data Path Delay:        0.455ns  (logic 0.226ns (49.617%)  route 0.229ns (50.383%))
  Logic Levels:           1  (LUT4=1)
  Clock Path Skew:        0.000ns (DCD - SCD - CPR)
    Destination Clock Delay (DCD):    4.837ns
    Source Clock Delay      (SCD):    3.841ns
    Clock Pessimism Removal (CPR):    0.996ns

    Location             Delay type                Incr(ns)  Path(ns)    Netlist Resource(s)
  -------------------------------------------------------------------    -------------------
                         (clock crg_clkout3 rise edge)
                                                      0.000     0.000 r  
    E3                                                0.000     0.000 r  clk100 (IN)
                         net (fo=0)                   0.000     0.000    clk100
    E3                   IBUF (Prop_ibuf_I_O)         0.250     0.250 r  clk100_IBUF_inst/O
                         net (fo=1, routed)           0.644     0.894    clk100_IBUF
    BUFGCTRL_X0Y16       BUFG (Prop_bufg_I_O)         0.026     0.920 r  clk100_IBUF_BUFG_inst/O
                         net (fo=1, routed)           0.776     1.696    clk100_IBUF_BUFG
    SLICE_X36Y28         LUT1 (Prop_lut1_I0_O)        0.045     1.741 r  clk100_inst/O
                         net (fo=9, routed)           0.786     2.526    crg_clkin
    MMCME2_ADV_X0Y0      MMCME2_ADV (Prop_mmcme2_adv_CLKIN1_CLKOUT3)
                                                      0.050     2.576 r  MMCME2_ADV/CLKOUT3
                         net (fo=1, routed)           0.648     3.224    crg_clkout3
    BUFGCTRL_X0Y2        BUFG (Prop_bufg_I_O)         0.026     3.250 r  BUFG_3/O
                         net (fo=8, routed)           0.591     3.841    crg_clkout_buf3
    SLICE_X85Y75         FDSE                                         r  crg_reset_counter_reg[3]/C
  -------------------------------------------------------------------    -------------------
    SLICE_X85Y75         FDSE (Prop_fdse_C_Q)         0.128     3.969 r  crg_reset_counter_reg[3]/Q
                         net (fo=2, routed)           0.102     4.070    crg_reset_counter[3]
    SLICE_X85Y75         LUT4 (Prop_lut4_I3_O)        0.098     4.168 r  crg_reset_counter[3]_i_1/O
                         net (fo=5, routed)           0.128     4.296    crg_reset_counter[3]_i_1_n_0
    SLICE_X85Y75         FDSE                                         r  crg_reset_counter_reg[0]/CE
  -------------------------------------------------------------------    -------------------

                         (clock crg_clkout3 rise edge)
                                                      0.000     0.000 r  
    E3                                                0.000     0.000 r  clk100 (IN)
                         net (fo=0)                   0.000     0.000    clk100
    E3                   IBUF (Prop_ibuf_I_O)         0.438     0.438 r  clk100_IBUF_inst/O
                         net (fo=1, routed)           0.699     1.136    clk100_IBUF
    BUFGCTRL_X0Y16       BUFG (Prop_bufg_I_O)         0.029     1.165 r  clk100_IBUF_BUFG_inst/O
                         net (fo=1, routed)           1.077     2.243    clk100_IBUF_BUFG
    SLICE_X36Y28         LUT1 (Prop_lut1_I0_O)        0.056     2.299 r  clk100_inst/O
                         net (fo=9, routed)           0.897     3.195    crg_clkin
    MMCME2_ADV_X0Y0      MMCME2_ADV (Prop_mmcme2_adv_CLKIN1_CLKOUT3)
                                                      0.053     3.248 r  MMCME2_ADV/CLKOUT3
                         net (fo=1, routed)           0.700     3.949    crg_clkout3
    BUFGCTRL_X0Y2        BUFG (Prop_bufg_I_O)         0.029     3.978 r  BUFG_3/O
                         net (fo=8, routed)           0.860     4.837    crg_clkout_buf3
    SLICE_X85Y75         FDSE                                         r  crg_reset_counter_reg[0]/C
                         clock pessimism             -0.996     3.841    
    SLICE_X85Y75         FDSE (Hold_fdse_C_CE)       -0.039     3.802    crg_reset_counter_reg[0]
  -------------------------------------------------------------------
                         required time                         -3.802    
                         arrival time                           4.296    
  -------------------------------------------------------------------
                         slack                                  0.494    

Slack (MET) :             0.494ns  (arrival time - required time)
  Source:                 crg_reset_counter_reg[3]/C
                            (rising edge-triggered cell FDSE clocked by crg_clkout3  {rise@0.000ns fall@2.500ns period=5.000ns})
  Destination:            crg_reset_counter_reg[1]/CE
                            (rising edge-triggered cell FDSE clocked by crg_clkout3  {rise@0.000ns fall@2.500ns period=5.000ns})
  Path Group:             crg_clkout3
  Path Type:              Hold (Min at Fast Process Corner)
  Requirement:            0.000ns  (crg_clkout3 rise@0.000ns - crg_clkout3 rise@0.000ns)
  Data Path Delay:        0.455ns  (logic 0.226ns (49.617%)  route 0.229ns (50.383%))
  Logic Levels:           1  (LUT4=1)
  Clock Path Skew:        0.000ns (DCD - SCD - CPR)
    Destination Clock Delay (DCD):    4.837ns
    Source Clock Delay      (SCD):    3.841ns
    Clock Pessimism Removal (CPR):    0.996ns

    Location             Delay type                Incr(ns)  Path(ns)    Netlist Resource(s)
  -------------------------------------------------------------------    -------------------
                         (clock crg_clkout3 rise edge)
                                                      0.000     0.000 r  
    E3                                                0.000     0.000 r  clk100 (IN)
                         net (fo=0)                   0.000     0.000    clk100
    E3                   IBUF (Prop_ibuf_I_O)         0.250     0.250 r  clk100_IBUF_inst/O
                         net (fo=1, routed)           0.644     0.894    clk100_IBUF
    BUFGCTRL_X0Y16       BUFG (Prop_bufg_I_O)         0.026     0.920 r  clk100_IBUF_BUFG_inst/O
                         net (fo=1, routed)           0.776     1.696    clk100_IBUF_BUFG
    SLICE_X36Y28         LUT1 (Prop_lut1_I0_O)        0.045     1.741 r  clk100_inst/O
                         net (fo=9, routed)           0.786     2.526    crg_clkin
    MMCME2_ADV_X0Y0      MMCME2_ADV (Prop_mmcme2_adv_CLKIN1_CLKOUT3)
                                                      0.050     2.576 r  MMCME2_ADV/CLKOUT3
                         net (fo=1, routed)           0.648     3.224    crg_clkout3
    BUFGCTRL_X0Y2        BUFG (Prop_bufg_I_O)         0.026     3.250 r  BUFG_3/O
                         net (fo=8, routed)           0.591     3.841    crg_clkout_buf3
    SLICE_X85Y75         FDSE                                         r  crg_reset_counter_reg[3]/C
  -------------------------------------------------------------------    -------------------
    SLICE_X85Y75         FDSE (Prop_fdse_C_Q)         0.128     3.969 r  crg_reset_counter_reg[3]/Q
                         net (fo=2, routed)           0.102     4.070    crg_reset_counter[3]
    SLICE_X85Y75         LUT4 (Prop_lut4_I3_O)        0.098     4.168 r  crg_reset_counter[3]_i_1/O
                         net (fo=5, routed)           0.128     4.296    crg_reset_counter[3]_i_1_n_0
    SLICE_X85Y75         FDSE                                         r  crg_reset_counter_reg[1]/CE
  -------------------------------------------------------------------    -------------------

                         (clock crg_clkout3 rise edge)
                                                      0.000     0.000 r  
    E3                                                0.000     0.000 r  clk100 (IN)
                         net (fo=0)                   0.000     0.000    clk100
    E3                   IBUF (Prop_ibuf_I_O)         0.438     0.438 r  clk100_IBUF_inst/O
                         net (fo=1, routed)           0.699     1.136    clk100_IBUF
    BUFGCTRL_X0Y16       BUFG (Prop_bufg_I_O)         0.029     1.165 r  clk100_IBUF_BUFG_inst/O
                         net (fo=1, routed)           1.077     2.243    clk100_IBUF_BUFG
    SLICE_X36Y28         LUT1 (Prop_lut1_I0_O)        0.056     2.299 r  clk100_inst/O
                         net (fo=9, routed)           0.897     3.195    crg_clkin
    MMCME2_ADV_X0Y0      MMCME2_ADV (Prop_mmcme2_adv_CLKIN1_CLKOUT3)
                                                      0.053     3.248 r  MMCME2_ADV/CLKOUT3
                         net (fo=1, routed)           0.700     3.949    crg_clkout3
    BUFGCTRL_X0Y2        BUFG (Prop_bufg_I_O)         0.029     3.978 r  BUFG_3/O
                         net (fo=8, routed)           0.860     4.837    crg_clkout_buf3
    SLICE_X85Y75         FDSE                                         r  crg_reset_counter_reg[1]/C
                         clock pessimism             -0.996     3.841    
    SLICE_X85Y75         FDSE (Hold_fdse_C_CE)       -0.039     3.802    crg_reset_counter_reg[1]
  -------------------------------------------------------------------
                         required time                         -3.802    
                         arrival time                           4.296    
  -------------------------------------------------------------------
                         slack                                  0.494    

Slack (MET) :             0.494ns  (arrival time - required time)
  Source:                 crg_reset_counter_reg[3]/C
                            (rising edge-triggered cell FDSE clocked by crg_clkout3  {rise@0.000ns fall@2.500ns period=5.000ns})
  Destination:            crg_reset_counter_reg[2]/CE
                            (rising edge-triggered cell FDSE clocked by crg_clkout3  {rise@0.000ns fall@2.500ns period=5.000ns})
  Path Group:             crg_clkout3
  Path Type:              Hold (Min at Fast Process Corner)
  Requirement:            0.000ns  (crg_clkout3 rise@0.000ns - crg_clkout3 rise@0.000ns)
  Data Path Delay:        0.455ns  (logic 0.226ns (49.617%)  route 0.229ns (50.383%))
  Logic Levels:           1  (LUT4=1)
  Clock Path Skew:        0.000ns (DCD - SCD - CPR)
    Destination Clock Delay (DCD):    4.837ns
    Source Clock Delay      (SCD):    3.841ns
    Clock Pessimism Removal (CPR):    0.996ns

    Location             Delay type                Incr(ns)  Path(ns)    Netlist Resource(s)
  -------------------------------------------------------------------    -------------------
                         (clock crg_clkout3 rise edge)
                                                      0.000     0.000 r  
    E3                                                0.000     0.000 r  clk100 (IN)
                         net (fo=0)                   0.000     0.000    clk100
    E3                   IBUF (Prop_ibuf_I_O)         0.250     0.250 r  clk100_IBUF_inst/O
                         net (fo=1, routed)           0.644     0.894    clk100_IBUF
    BUFGCTRL_X0Y16       BUFG (Prop_bufg_I_O)         0.026     0.920 r  clk100_IBUF_BUFG_inst/O
                         net (fo=1, routed)           0.776     1.696    clk100_IBUF_BUFG
    SLICE_X36Y28         LUT1 (Prop_lut1_I0_O)        0.045     1.741 r  clk100_inst/O
                         net (fo=9, routed)           0.786     2.526    crg_clkin
    MMCME2_ADV_X0Y0      MMCME2_ADV (Prop_mmcme2_adv_CLKIN1_CLKOUT3)
                                                      0.050     2.576 r  MMCME2_ADV/CLKOUT3
                         net (fo=1, routed)           0.648     3.224    crg_clkout3
    BUFGCTRL_X0Y2        BUFG (Prop_bufg_I_O)         0.026     3.250 r  BUFG_3/O
                         net (fo=8, routed)           0.591     3.841    crg_clkout_buf3
    SLICE_X85Y75         FDSE                                         r  crg_reset_counter_reg[3]/C
  -------------------------------------------------------------------    -------------------
    SLICE_X85Y75         FDSE (Prop_fdse_C_Q)         0.128     3.969 r  crg_reset_counter_reg[3]/Q
                         net (fo=2, routed)           0.102     4.070    crg_reset_counter[3]
    SLICE_X85Y75         LUT4 (Prop_lut4_I3_O)        0.098     4.168 r  crg_reset_counter[3]_i_1/O
                         net (fo=5, routed)           0.128     4.296    crg_reset_counter[3]_i_1_n_0
    SLICE_X85Y75         FDSE                                         r  crg_reset_counter_reg[2]/CE
  -------------------------------------------------------------------    -------------------

                         (clock crg_clkout3 rise edge)
                                                      0.000     0.000 r  
    E3                                                0.000     0.000 r  clk100 (IN)
                         net (fo=0)                   0.000     0.000    clk100
    E3                   IBUF (Prop_ibuf_I_O)         0.438     0.438 r  clk100_IBUF_inst/O
                         net (fo=1, routed)           0.699     1.136    clk100_IBUF
    BUFGCTRL_X0Y16       BUFG (Prop_bufg_I_O)         0.029     1.165 r  clk100_IBUF_BUFG_inst/O
                         net (fo=1, routed)           1.077     2.243    clk100_IBUF_BUFG
    SLICE_X36Y28         LUT1 (Prop_lut1_I0_O)        0.056     2.299 r  clk100_inst/O
                         net (fo=9, routed)           0.897     3.195    crg_clkin
    MMCME2_ADV_X0Y0      MMCME2_ADV (Prop_mmcme2_adv_CLKIN1_CLKOUT3)
                                                      0.053     3.248 r  MMCME2_ADV/CLKOUT3
                         net (fo=1, routed)           0.700     3.949    crg_clkout3
    BUFGCTRL_X0Y2        BUFG (Prop_bufg_I_O)         0.029     3.978 r  BUFG_3/O
                         net (fo=8, routed)           0.860     4.837    crg_clkout_buf3
    SLICE_X85Y75         FDSE                                         r  crg_reset_counter_reg[2]/C
                         clock pessimism             -0.996     3.841    
    SLICE_X85Y75         FDSE (Hold_fdse_C_CE)       -0.039     3.802    crg_reset_counter_reg[2]
  -------------------------------------------------------------------
                         required time                         -3.802    
                         arrival time                           4.296    
  -------------------------------------------------------------------
                         slack                                  0.494    

Slack (MET) :             0.494ns  (arrival time - required time)
  Source:                 crg_reset_counter_reg[3]/C
                            (rising edge-triggered cell FDSE clocked by crg_clkout3  {rise@0.000ns fall@2.500ns period=5.000ns})
  Destination:            crg_reset_counter_reg[3]/CE
                            (rising edge-triggered cell FDSE clocked by crg_clkout3  {rise@0.000ns fall@2.500ns period=5.000ns})
  Path Group:             crg_clkout3
  Path Type:              Hold (Min at Fast Process Corner)
  Requirement:            0.000ns  (crg_clkout3 rise@0.000ns - crg_clkout3 rise@0.000ns)
  Data Path Delay:        0.455ns  (logic 0.226ns (49.617%)  route 0.229ns (50.383%))
  Logic Levels:           1  (LUT4=1)
  Clock Path Skew:        0.000ns (DCD - SCD - CPR)
    Destination Clock Delay (DCD):    4.837ns
    Source Clock Delay      (SCD):    3.841ns
    Clock Pessimism Removal (CPR):    0.996ns

    Location             Delay type                Incr(ns)  Path(ns)    Netlist Resource(s)
  -------------------------------------------------------------------    -------------------
                         (clock crg_clkout3 rise edge)
                                                      0.000     0.000 r  
    E3                                                0.000     0.000 r  clk100 (IN)
                         net (fo=0)                   0.000     0.000    clk100
    E3                   IBUF (Prop_ibuf_I_O)         0.250     0.250 r  clk100_IBUF_inst/O
                         net (fo=1, routed)           0.644     0.894    clk100_IBUF
    BUFGCTRL_X0Y16       BUFG (Prop_bufg_I_O)         0.026     0.920 r  clk100_IBUF_BUFG_inst/O
                         net (fo=1, routed)           0.776     1.696    clk100_IBUF_BUFG
    SLICE_X36Y28         LUT1 (Prop_lut1_I0_O)        0.045     1.741 r  clk100_inst/O
                         net (fo=9, routed)           0.786     2.526    crg_clkin
    MMCME2_ADV_X0Y0      MMCME2_ADV (Prop_mmcme2_adv_CLKIN1_CLKOUT3)
                                                      0.050     2.576 r  MMCME2_ADV/CLKOUT3
                         net (fo=1, routed)           0.648     3.224    crg_clkout3
    BUFGCTRL_X0Y2        BUFG (Prop_bufg_I_O)         0.026     3.250 r  BUFG_3/O
                         net (fo=8, routed)           0.591     3.841    crg_clkout_buf3
    SLICE_X85Y75         FDSE                                         r  crg_reset_counter_reg[3]/C
  -------------------------------------------------------------------    -------------------
    SLICE_X85Y75         FDSE (Prop_fdse_C_Q)         0.128     3.969 r  crg_reset_counter_reg[3]/Q
                         net (fo=2, routed)           0.102     4.070    crg_reset_counter[3]
    SLICE_X85Y75         LUT4 (Prop_lut4_I3_O)        0.098     4.168 r  crg_reset_counter[3]_i_1/O
                         net (fo=5, routed)           0.128     4.296    crg_reset_counter[3]_i_1_n_0
    SLICE_X85Y75         FDSE                                         r  crg_reset_counter_reg[3]/CE
  -------------------------------------------------------------------    -------------------

                         (clock crg_clkout3 rise edge)
                                                      0.000     0.000 r  
    E3                                                0.000     0.000 r  clk100 (IN)
                         net (fo=0)                   0.000     0.000    clk100
    E3                   IBUF (Prop_ibuf_I_O)         0.438     0.438 r  clk100_IBUF_inst/O
                         net (fo=1, routed)           0.699     1.136    clk100_IBUF
    BUFGCTRL_X0Y16       BUFG (Prop_bufg_I_O)         0.029     1.165 r  clk100_IBUF_BUFG_inst/O
                         net (fo=1, routed)           1.077     2.243    clk100_IBUF_BUFG
    SLICE_X36Y28         LUT1 (Prop_lut1_I0_O)        0.056     2.299 r  clk100_inst/O
                         net (fo=9, routed)           0.897     3.195    crg_clkin
    MMCME2_ADV_X0Y0      MMCME2_ADV (Prop_mmcme2_adv_CLKIN1_CLKOUT3)
                                                      0.053     3.248 r  MMCME2_ADV/CLKOUT3
                         net (fo=1, routed)           0.700     3.949    crg_clkout3
    BUFGCTRL_X0Y2        BUFG (Prop_bufg_I_O)         0.029     3.978 r  BUFG_3/O
                         net (fo=8, routed)           0.860     4.837    crg_clkout_buf3
    SLICE_X85Y75         FDSE                                         r  crg_reset_counter_reg[3]/C
                         clock pessimism             -0.996     3.841    
    SLICE_X85Y75         FDSE (Hold_fdse_C_CE)       -0.039     3.802    crg_reset_counter_reg[3]
  -------------------------------------------------------------------
                         required time                         -3.802    
                         arrival time                           4.296    
  -------------------------------------------------------------------
                         slack                                  0.494    





Pulse Width Checks
--------------------------------------------------------------------------------------
Clock Name:         crg_clkout3
Waveform(ns):       { 0.000 2.500 }
Period(ns):         5.000
Sources:            { MMCME2_ADV/CLKOUT3 }

Check Type        Corner  Lib Pin             Reference Pin  Required(ns)  Actual(ns)  Slack(ns)  Location         Pin
Min Period        n/a     IDELAYCTRL/REFCLK   n/a            3.225         5.000       1.775      IDELAYCTRL_X1Y1  IDELAYCTRL/REFCLK
Min Period        n/a     BUFG/I              n/a            2.155         5.000       2.845      BUFGCTRL_X0Y2    BUFG_3/I
Min Period        n/a     MMCME2_ADV/CLKOUT3  n/a            1.249         5.000       3.751      MMCME2_ADV_X0Y0  MMCME2_ADV/CLKOUT3
Min Period        n/a     FDPE/C              n/a            1.000         5.000       4.000      SLICE_X83Y64     FDPE_6/C
Min Period        n/a     FDPE/C              n/a            1.000         5.000       4.000      SLICE_X83Y64     FDPE_7/C
Min Period        n/a     FDRE/C              n/a            1.000         5.000       4.000      SLICE_X86Y75     crg_ic_reset_reg/C
Min Period        n/a     FDSE/C              n/a            1.000         5.000       4.000      SLICE_X85Y75     crg_reset_counter_reg[0]/C
Min Period        n/a     FDSE/C              n/a            1.000         5.000       4.000      SLICE_X85Y75     crg_reset_counter_reg[1]/C
Min Period        n/a     FDSE/C              n/a            1.000         5.000       4.000      SLICE_X85Y75     crg_reset_counter_reg[2]/C
Min Period        n/a     FDSE/C              n/a            1.000         5.000       4.000      SLICE_X85Y75     crg_reset_counter_reg[3]/C
Max Period        n/a     IDELAYCTRL/REFCLK   n/a            5.264         5.000       0.264      IDELAYCTRL_X1Y1  IDELAYCTRL/REFCLK
Max Period        n/a     MMCME2_ADV/CLKOUT3  n/a            213.360       5.000       208.360    MMCME2_ADV_X0Y0  MMCME2_ADV/CLKOUT3
Low Pulse Width   Slow    FDPE/C              n/a            0.500         2.500       2.000      SLICE_X83Y64     FDPE_6/C
Low Pulse Width   Fast    FDPE/C              n/a            0.500         2.500       2.000      SLICE_X83Y64     FDPE_6/C
Low Pulse Width   Slow    FDPE/C              n/a            0.500         2.500       2.000      SLICE_X83Y64     FDPE_7/C
Low Pulse Width   Fast    FDPE/C              n/a            0.500         2.500       2.000      SLICE_X83Y64     FDPE_7/C
Low Pulse Width   Slow    FDRE/C              n/a            0.500         2.500       2.000      SLICE_X86Y75     crg_ic_reset_reg/C
Low Pulse Width   Fast    FDRE/C              n/a            0.500         2.500       2.000      SLICE_X86Y75     crg_ic_reset_reg/C
Low Pulse Width   Slow    FDSE/C              n/a            0.500         2.500       2.000      SLICE_X85Y75     crg_reset_counter_reg[0]/C
Low Pulse Width   Fast    FDSE/C              n/a            0.500         2.500       2.000      SLICE_X85Y75     crg_reset_counter_reg[0]/C
Low Pulse Width   Slow    FDSE/C              n/a            0.500         2.500       2.000      SLICE_X85Y75     crg_reset_counter_reg[1]/C
Low Pulse Width   Fast    FDSE/C              n/a            0.500         2.500       2.000      SLICE_X85Y75     crg_reset_counter_reg[1]/C
High Pulse Width  Slow    FDPE/C              n/a            0.500         2.500       2.000      SLICE_X83Y64     FDPE_6/C
High Pulse Width  Fast    FDPE/C              n/a            0.500         2.500       2.000      SLICE_X83Y64     FDPE_6/C
High Pulse Width  Slow    FDPE/C              n/a            0.500         2.500       2.000      SLICE_X83Y64     FDPE_7/C
High Pulse Width  Fast    FDPE/C              n/a            0.500         2.500       2.000      SLICE_X83Y64     FDPE_7/C
High Pulse Width  Slow    FDRE/C              n/a            0.500         2.500       2.000      SLICE_X86Y75     crg_ic_reset_reg/C
High Pulse Width  Fast    FDRE/C              n/a            0.500         2.500       2.000      SLICE_X86Y75     crg_ic_reset_reg/C
High Pulse Width  Slow    FDSE/C              n/a            0.500         2.500       2.000      SLICE_X85Y75     crg_reset_counter_reg[0]/C
High Pulse Width  Fast    FDSE/C              n/a            0.500         2.500       2.000      SLICE_X85Y75     crg_reset_counter_reg[0]/C
High Pulse Width  Slow    FDSE/C              n/a            0.500         2.500       2.000      SLICE_X85Y75     crg_reset_counter_reg[1]/C
High Pulse Width  Fast    FDSE/C              n/a            0.500         2.500       2.000      SLICE_X85Y75     crg_reset_counter_reg[1]/C



---------------------------------------------------------------------------------------------------
From Clock:  mmcm_fb
  To Clock:  mmcm_fb

Setup :           NA  Failing Endpoints,  Worst Slack           NA  ,  Total Violation           NA
Hold  :           NA  Failing Endpoints,  Worst Slack           NA  ,  Total Violation           NA
PW    :            0  Failing Endpoints,  Worst Slack        8.751ns,  Total Violation        0.000ns
---------------------------------------------------------------------------------------------------


Pulse Width Checks
--------------------------------------------------------------------------------------
Clock Name:         mmcm_fb
Waveform(ns):       { 0.000 5.000 }
Period(ns):         10.000
Sources:            { MMCME2_ADV/CLKFBOUT }

Check Type  Corner  Lib Pin              Reference Pin  Required(ns)  Actual(ns)  Slack(ns)  Location         Pin
Min Period  n/a     MMCME2_ADV/CLKFBOUT  n/a            1.249         10.000      8.751      MMCME2_ADV_X0Y0  MMCME2_ADV/CLKFBOUT
Min Period  n/a     MMCME2_ADV/CLKFBIN   n/a            1.249         10.000      8.751      MMCME2_ADV_X0Y0  MMCME2_ADV/CLKFBIN
Max Period  n/a     MMCME2_ADV/CLKFBIN   n/a            100.000       10.000      90.000     MMCME2_ADV_X0Y0  MMCME2_ADV/CLKFBIN
Max Period  n/a     MMCME2_ADV/CLKFBOUT  n/a            213.360       10.000      203.360    MMCME2_ADV_X0Y0  MMCME2_ADV/CLKFBOUT



------------------------------------------------------------------------------------------------
| Data sheet
| ----------
------------------------------------------------------------------------------------------------

Input Ports Setup/Hold

----------+--------------+----------------+----------+---------------+---------+---------------+---------+-------------+
Reference | Input        | IO Reg         | Delay    |     Setup(ns) | Process |      Hold(ns) | Process | Internal    |
Clock     | Port         | Type           | Type     | to Clk (Edge) | Corner  | to Clk (Edge) | Corner  | Clock       |
----------+--------------+----------------+----------+---------------+---------+---------------+---------+-------------+
clk100    | cpu_reset    | FDCE           | -        |     0.841 (r) | FAST    |     1.696 (r) | SLOW    |             |
clk100    | serial_rx    | FDRE           | -        |    -1.676 (r) | FAST    |     7.738 (r) | SLOW    | crg_clkout0 |
clk100    | ddram_dq[0]  | ISERDESE2 (IO) | VARIABLE |    -3.005 (r) | FAST    |    10.162 (r) | SLOW    | crg_clkout1 |
clk100    | ddram_dq[0]  | ISERDESE2 (IO) | VARIABLE |    -2.933 (f) | FAST    |    10.162 (f) | SLOW    | crg_clkout1 |
clk100    | ddram_dq[1]  | ISERDESE2 (IO) | VARIABLE |    -3.004 (r) | FAST    |    10.160 (r) | SLOW    | crg_clkout1 |
clk100    | ddram_dq[1]  | ISERDESE2 (IO) | VARIABLE |    -2.932 (f) | FAST    |    10.160 (f) | SLOW    | crg_clkout1 |
clk100    | ddram_dq[2]  | ISERDESE2 (IO) | VARIABLE |    -3.022 (r) | FAST    |    10.178 (r) | SLOW    | crg_clkout1 |
clk100    | ddram_dq[2]  | ISERDESE2 (IO) | VARIABLE |    -2.950 (f) | FAST    |    10.178 (f) | SLOW    | crg_clkout1 |
clk100    | ddram_dq[3]  | ISERDESE2 (IO) | VARIABLE |    -3.005 (r) | FAST    |    10.161 (r) | SLOW    | crg_clkout1 |
clk100    | ddram_dq[3]  | ISERDESE2 (IO) | VARIABLE |    -2.933 (f) | FAST    |    10.161 (f) | SLOW    | crg_clkout1 |
clk100    | ddram_dq[4]  | ISERDESE2 (IO) | VARIABLE |    -2.998 (r) | FAST    |    10.154 (r) | SLOW    | crg_clkout1 |
clk100    | ddram_dq[4]  | ISERDESE2 (IO) | VARIABLE |    -2.926 (f) | FAST    |    10.154 (f) | SLOW    | crg_clkout1 |
clk100    | ddram_dq[5]  | ISERDESE2 (IO) | VARIABLE |    -3.013 (r) | FAST    |    10.169 (r) | SLOW    | crg_clkout1 |
clk100    | ddram_dq[5]  | ISERDESE2 (IO) | VARIABLE |    -2.941 (f) | FAST    |    10.169 (f) | SLOW    | crg_clkout1 |
clk100    | ddram_dq[6]  | ISERDESE2 (IO) | VARIABLE |    -3.001 (r) | FAST    |    10.158 (r) | SLOW    | crg_clkout1 |
clk100    | ddram_dq[6]  | ISERDESE2 (IO) | VARIABLE |    -2.929 (f) | FAST    |    10.158 (f) | SLOW    | crg_clkout1 |
clk100    | ddram_dq[7]  | ISERDESE2 (IO) | VARIABLE |    -3.023 (r) | FAST    |    10.178 (r) | SLOW    | crg_clkout1 |
clk100    | ddram_dq[7]  | ISERDESE2 (IO) | VARIABLE |    -2.951 (f) | FAST    |    10.178 (f) | SLOW    | crg_clkout1 |
clk100    | ddram_dq[8]  | ISERDESE2 (IO) | VARIABLE |    -3.000 (r) | FAST    |    10.148 (r) | SLOW    | crg_clkout1 |
clk100    | ddram_dq[8]  | ISERDESE2 (IO) | VARIABLE |    -2.928 (f) | FAST    |    10.148 (f) | SLOW    | crg_clkout1 |
clk100    | ddram_dq[9]  | ISERDESE2 (IO) | VARIABLE |    -2.990 (r) | FAST    |    10.144 (r) | SLOW    | crg_clkout1 |
clk100    | ddram_dq[9]  | ISERDESE2 (IO) | VARIABLE |    -2.918 (f) | FAST    |    10.144 (f) | SLOW    | crg_clkout1 |
clk100    | ddram_dq[10] | ISERDESE2 (IO) | VARIABLE |    -2.993 (r) | FAST    |    10.143 (r) | SLOW    | crg_clkout1 |
clk100    | ddram_dq[10] | ISERDESE2 (IO) | VARIABLE |    -2.921 (f) | FAST    |    10.143 (f) | SLOW    | crg_clkout1 |
clk100    | ddram_dq[11] | ISERDESE2 (IO) | VARIABLE |    -2.986 (r) | FAST    |    10.140 (r) | SLOW    | crg_clkout1 |
clk100    | ddram_dq[11] | ISERDESE2 (IO) | VARIABLE |    -2.914 (f) | FAST    |    10.140 (f) | SLOW    | crg_clkout1 |
clk100    | ddram_dq[12] | ISERDESE2 (IO) | VARIABLE |    -2.981 (r) | FAST    |    10.131 (r) | SLOW    | crg_clkout1 |
clk100    | ddram_dq[12] | ISERDESE2 (IO) | VARIABLE |    -2.909 (f) | FAST    |    10.131 (f) | SLOW    | crg_clkout1 |
clk100    | ddram_dq[13] | ISERDESE2 (IO) | VARIABLE |    -3.005 (r) | FAST    |    10.153 (r) | SLOW    | crg_clkout1 |
clk100    | ddram_dq[13] | ISERDESE2 (IO) | VARIABLE |    -2.933 (f) | FAST    |    10.153 (f) | SLOW    | crg_clkout1 |
clk100    | ddram_dq[14] | ISERDESE2 (IO) | VARIABLE |    -2.993 (r) | FAST    |    10.148 (r) | SLOW    | crg_clkout1 |
clk100    | ddram_dq[14] | ISERDESE2 (IO) | VARIABLE |    -2.921 (f) | FAST    |    10.148 (f) | SLOW    | crg_clkout1 |
clk100    | ddram_dq[15] | ISERDESE2 (IO) | VARIABLE |    -3.005 (r) | FAST    |    10.155 (r) | SLOW    | crg_clkout1 |
clk100    | ddram_dq[15] | ISERDESE2 (IO) | VARIABLE |    -2.933 (f) | FAST    |    10.155 (f) | SLOW    | crg_clkout1 |
----------+--------------+----------------+----------+---------------+---------+---------------+---------+-------------+


Output Ports Clock-to-out

----------+----------------+----------------+-------+----------------+---------+----------------+---------+-------------+
Reference | Output         | IO Reg         | Delay | Max Clk (Edge) | Process | Min Clk (Edge) | Process | Internal    |
Clock     | Port           | Type           | Type  |    to port(ns) | Corner  |    to port(ns) | Corner  | Clock       |
----------+----------------+----------------+-------+----------------+---------+----------------+---------+-------------+
clk100    | ddram_dq[0]    | FDRE           | -     |     16.832 (r) | SLOW    |      4.934 (r) | FAST    | crg_clkout0 |
clk100    | ddram_dq[1]    | FDRE           | -     |     16.380 (r) | SLOW    |      4.734 (r) | FAST    | crg_clkout0 |
clk100    | ddram_dq[2]    | FDRE           | -     |     17.113 (r) | SLOW    |      5.026 (r) | FAST    | crg_clkout0 |
clk100    | ddram_dq[3]    | FDRE           | -     |     16.822 (r) | SLOW    |      4.926 (r) | FAST    | crg_clkout0 |
clk100    | ddram_dq[4]    | FDRE           | -     |     16.230 (r) | SLOW    |      4.676 (r) | FAST    | crg_clkout0 |
clk100    | ddram_dq[5]    | FDRE           | -     |     16.530 (r) | SLOW    |      4.792 (r) | FAST    | crg_clkout0 |
clk100    | ddram_dq[6]    | FDRE           | -     |     16.682 (r) | SLOW    |      4.874 (r) | FAST    | crg_clkout0 |
clk100    | ddram_dq[7]    | FDRE           | -     |     16.380 (r) | SLOW    |      4.717 (r) | FAST    | crg_clkout0 |
clk100    | ddram_dq[8]    | FDRE           | -     |     17.565 (r) | SLOW    |      5.252 (r) | FAST    | crg_clkout0 |
clk100    | ddram_dq[9]    | FDRE           | -     |     18.012 (r) | SLOW    |      5.470 (r) | FAST    | crg_clkout0 |
clk100    | ddram_dq[10]   | FDRE           | -     |     17.719 (r) | SLOW    |      5.339 (r) | FAST    | crg_clkout0 |
clk100    | ddram_dq[11]   | FDRE           | -     |     18.162 (r) | SLOW    |      5.539 (r) | FAST    | crg_clkout0 |
clk100    | ddram_dq[12]   | FDRE           | -     |     17.569 (r) | SLOW    |      5.286 (r) | FAST    | crg_clkout0 |
clk100    | ddram_dq[13]   | FDRE           | -     |     17.267 (r) | SLOW    |      5.121 (r) | FAST    | crg_clkout0 |
clk100    | ddram_dq[14]   | FDRE           | -     |     18.302 (r) | SLOW    |      5.587 (r) | FAST    | crg_clkout0 |
clk100    | ddram_dq[15]   | FDRE           | -     |     17.267 (r) | SLOW    |      5.130 (r) | FAST    | crg_clkout0 |
clk100    | ddram_dqs_n[0] | FDRE           | -     |     16.672 (r) | SLOW    |      4.843 (r) | FAST    | crg_clkout0 |
clk100    | ddram_dqs_n[1] | FDRE           | -     |     17.532 (r) | SLOW    |      5.173 (r) | FAST    | crg_clkout0 |
clk100    | ddram_dqs_p[0] | FDRE           | -     |     16.673 (r) | SLOW    |      4.844 (r) | FAST    | crg_clkout0 |
clk100    | ddram_dqs_p[1] | FDRE           | -     |     17.533 (r) | SLOW    |      5.173 (r) | FAST    | crg_clkout0 |
clk100    | serial_tx      | FDSE           | -     |     19.732 (r) | SLOW    |      6.419 (r) | FAST    | crg_clkout0 |
clk100    | ddram_a[0]     | OSERDESE2 (IO) | -     |     13.772 (r) | SLOW    |      4.386 (r) | FAST    | crg_clkout1 |
clk100    | ddram_a[1]     | OSERDESE2 (IO) | -     |     13.787 (r) | SLOW    |      4.403 (r) | FAST    | crg_clkout1 |
clk100    | ddram_a[2]     | OSERDESE2 (IO) | -     |     13.798 (r) | SLOW    |      4.410 (r) | FAST    | crg_clkout1 |
clk100    | ddram_a[3]     | OSERDESE2 (IO) | -     |     13.798 (r) | SLOW    |      4.411 (r) | FAST    | crg_clkout1 |
clk100    | ddram_a[4]     | OSERDESE2 (IO) | -     |     13.794 (r) | SLOW    |      4.404 (r) | FAST    | crg_clkout1 |
clk100    | ddram_a[5]     | OSERDESE2 (IO) | -     |     13.789 (r) | SLOW    |      4.406 (r) | FAST    | crg_clkout1 |
clk100    | ddram_a[6]     | OSERDESE2 (IO) | -     |     13.803 (r) | SLOW    |      4.413 (r) | FAST    | crg_clkout1 |
clk100    | ddram_a[7]     | OSERDESE2 (IO) | -     |     13.804 (r) | SLOW    |      4.414 (r) | FAST    | crg_clkout1 |
clk100    | ddram_a[8]     | OSERDESE2 (IO) | -     |     13.794 (r) | SLOW    |      4.405 (r) | FAST    | crg_clkout1 |
clk100    | ddram_a[9]     | OSERDESE2 (IO) | -     |     13.788 (r) | SLOW    |      4.405 (r) | FAST    | crg_clkout1 |
clk100    | ddram_a[10]    | OSERDESE2 (IO) | -     |     13.789 (r) | SLOW    |      4.406 (r) | FAST    | crg_clkout1 |
clk100    | ddram_a[11]    | OSERDESE2 (IO) | -     |     13.782 (r) | SLOW    |      4.393 (r) | FAST    | crg_clkout1 |
clk100    | ddram_a[12]    | OSERDESE2 (IO) | -     |     13.794 (r) | SLOW    |      4.406 (r) | FAST    | crg_clkout1 |
clk100    | ddram_ba[0]    | OSERDESE2 (IO) | -     |     13.792 (r) | SLOW    |      4.409 (r) | FAST    | crg_clkout1 |
clk100    | ddram_ba[1]    | OSERDESE2 (IO) | -     |     13.785 (r) | SLOW    |      4.402 (r) | FAST    | crg_clkout1 |
clk100    | ddram_ba[2]    | OSERDESE2 (IO) | -     |     13.797 (r) | SLOW    |      4.410 (r) | FAST    | crg_clkout1 |
clk100    | ddram_cas_n    | OSERDESE2 (IO) | -     |     13.813 (r) | SLOW    |      4.423 (r) | FAST    | crg_clkout1 |
clk100    | ddram_cke      | OSERDESE2 (IO) | -     |     13.805 (r) | SLOW    |      4.415 (r) | FAST    | crg_clkout1 |
clk100    | ddram_clk_n    | OSERDESE2 (IO) | -     |     13.875 (r) | SLOW    |      4.385 (r) | FAST    | crg_clkout1 |
clk100    | ddram_clk_p    | OSERDESE2 (IO) | -     |     13.888 (r) | SLOW    |      4.398 (r) | FAST    | crg_clkout1 |
clk100    | ddram_cs_n     | OSERDESE2 (IO) | -     |     13.763 (r) | SLOW    |      4.373 (r) | FAST    | crg_clkout1 |
clk100    | ddram_dm[0]    | OSERDESE2 (IO) | -     |     13.827 (r) | SLOW    |      4.437 (r) | FAST    | crg_clkout1 |
clk100    | ddram_dm[1]    | OSERDESE2 (IO) | -     |     13.829 (r) | SLOW    |      4.441 (r) | FAST    | crg_clkout1 |
clk100    | ddram_dq[0]    | OSERDESE2 (IO) | -     |     14.684 (r) | SLOW    |      4.126 (r) | FAST    | crg_clkout1 |
clk100    | ddram_dq[1]    | OSERDESE2 (IO) | -     |     14.682 (r) | SLOW    |      4.125 (r) | FAST    | crg_clkout1 |
clk100    | ddram_dq[2]    | OSERDESE2 (IO) | -     |     14.685 (r) | SLOW    |      4.112 (r) | FAST    | crg_clkout1 |
clk100    | ddram_dq[3]    | OSERDESE2 (IO) | -     |     14.683 (r) | SLOW    |      4.125 (r) | FAST    | crg_clkout1 |
clk100    | ddram_dq[4]    | OSERDESE2 (IO) | -     |     14.682 (r) | SLOW    |      4.131 (r) | FAST    | crg_clkout1 |
clk100    | ddram_dq[5]    | OSERDESE2 (IO) | -     |     14.682 (r) | SLOW    |      4.116 (r) | FAST    | crg_clkout1 |
clk100    | ddram_dq[6]    | OSERDESE2 (IO) | -     |     14.683 (r) | SLOW    |      4.129 (r) | FAST    | crg_clkout1 |
clk100    | ddram_dq[7]    | OSERDESE2 (IO) | -     |     14.682 (r) | SLOW    |      4.107 (r) | FAST    | crg_clkout1 |
clk100    | ddram_dq[8]    | OSERDESE2 (IO) | -     |     14.668 (r) | SLOW    |      4.116 (r) | FAST    | crg_clkout1 |
clk100    | ddram_dq[9]    | OSERDESE2 (IO) | -     |     14.678 (r) | SLOW    |      4.135 (r) | FAST    | crg_clkout1 |
clk100    | ddram_dq[10]   | OSERDESE2 (IO) | -     |     14.671 (r) | SLOW    |      4.127 (r) | FAST    | crg_clkout1 |
clk100    | ddram_dq[11]   | OSERDESE2 (IO) | -     |     14.678 (r) | SLOW    |      4.140 (r) | FAST    | crg_clkout1 |
clk100    | ddram_dq[12]   | OSERDESE2 (IO) | -     |     14.671 (r) | SLOW    |      4.138 (r) | FAST    | crg_clkout1 |
clk100    | ddram_dq[13]   | OSERDESE2 (IO) | -     |     14.668 (r) | SLOW    |      4.111 (r) | FAST    | crg_clkout1 |
clk100    | ddram_dq[14]   | OSERDESE2 (IO) | -     |     14.679 (r) | SLOW    |      4.133 (r) | FAST    | crg_clkout1 |
clk100    | ddram_dq[15]   | OSERDESE2 (IO) | -     |     14.670 (r) | SLOW    |      4.112 (r) | FAST    | crg_clkout1 |
clk100    | ddram_odt      | OSERDESE2 (IO) | -     |     13.798 (r) | SLOW    |      4.408 (r) | FAST    | crg_clkout1 |
clk100    | ddram_ras_n    | OSERDESE2 (IO) | -     |     13.783 (r) | SLOW    |      4.397 (r) | FAST    | crg_clkout1 |
clk100    | ddram_we_n     | OSERDESE2 (IO) | -     |     13.815 (r) | SLOW    |      4.425 (r) | FAST    | crg_clkout1 |
clk100    | ddram_dqs_n[0] | OSERDESE2 (IO) | -     |     16.349 (r) | SLOW    |      5.792 (r) | FAST    | crg_clkout2 |
clk100    | ddram_dqs_n[1] | OSERDESE2 (IO) | -     |     16.342 (r) | SLOW    |      5.790 (r) | FAST    | crg_clkout2 |
clk100    | ddram_dqs_p[0] | OSERDESE2 (IO) | -     |     16.350 (r) | SLOW    |      5.794 (r) | FAST    | crg_clkout2 |
clk100    | ddram_dqs_p[1] | OSERDESE2 (IO) | -     |     16.343 (r) | SLOW    |      5.791 (r) | FAST    | crg_clkout2 |
----------+----------------+----------------+-------+----------------+---------+----------------+---------+-------------+


Setup between Clocks

-------+-------------+---------------+---------+---------------+---------+---------------+---------+---------------+---------+
Source | Destination |  Src:Rise     | Process |  Src:Rise     | Process |  Src:Fall     | Process |  Src:Fall     | Process |
Clock  | Clock       | Dest:Rise(ns) | Corner  | Dest:Fall(ns) | Corner  | Dest:Rise(ns) | Corner  | Dest:Fall(ns) | Corner  |
-------+-------------+---------------+---------+---------------+---------+---------------+---------+---------------+---------+
clk100 | clk100      |        11.614 | SLOW    |               |         |               |         |               |         |
-------+-------------+---------------+---------+---------------+---------+---------------+---------+---------------+---------+


Setup / Hold times for input bus
Clocked by: clk100
Worst Case Data Window: 7.269 ns
Ideal Clock Offset to Actual Clock: 6.544 ns
-------------------+-------------+---------+--------------+---------+-----------+-----------+---------------+
                   |             | Process |              | Process | Setup     |  Hold     | Source Offset |
Source             |   Setup(ns) | Corner  |     Hold(ns) | Corner  | Slack(ns) | Slack(ns) | to Center(ns) |
-------------------+-------------+---------+--------------+---------+-----------+-----------+---------------+
ddram_dq[0]        |  -3.005 (r) | FAST    |   10.162 (r) | SLOW    |       inf |       inf |             - |
ddram_dq[0]        |  -2.933 (f) | FAST    |   10.162 (f) | SLOW    |       inf |       inf |             - |
ddram_dq[1]        |  -3.004 (r) | FAST    |   10.160 (r) | SLOW    |       inf |       inf |             - |
ddram_dq[1]        |  -2.932 (f) | FAST    |   10.160 (f) | SLOW    |       inf |       inf |             - |
ddram_dq[2]        |  -3.022 (r) | FAST    |   10.178 (r) | SLOW    |       inf |       inf |             - |
ddram_dq[2]        |  -2.950 (f) | FAST    |   10.178 (f) | SLOW    |       inf |       inf |             - |
ddram_dq[3]        |  -3.005 (r) | FAST    |   10.161 (r) | SLOW    |       inf |       inf |             - |
ddram_dq[3]        |  -2.933 (f) | FAST    |   10.161 (f) | SLOW    |       inf |       inf |             - |
ddram_dq[4]        |  -2.998 (r) | FAST    |   10.154 (r) | SLOW    |       inf |       inf |             - |
ddram_dq[4]        |  -2.926 (f) | FAST    |   10.154 (f) | SLOW    |       inf |       inf |             - |
ddram_dq[5]        |  -3.013 (r) | FAST    |   10.169 (r) | SLOW    |       inf |       inf |             - |
ddram_dq[5]        |  -2.941 (f) | FAST    |   10.169 (f) | SLOW    |       inf |       inf |             - |
ddram_dq[6]        |  -3.001 (r) | FAST    |   10.158 (r) | SLOW    |       inf |       inf |             - |
ddram_dq[6]        |  -2.929 (f) | FAST    |   10.158 (f) | SLOW    |       inf |       inf |             - |
ddram_dq[7]        |  -3.023 (r) | FAST    |   10.178 (r) | SLOW    |       inf |       inf |             - |
ddram_dq[7]        |  -2.951 (f) | FAST    |   10.178 (f) | SLOW    |       inf |       inf |             - |
ddram_dq[8]        |  -3.000 (r) | FAST    |   10.148 (r) | SLOW    |       inf |       inf |             - |
ddram_dq[8]        |  -2.928 (f) | FAST    |   10.148 (f) | SLOW    |       inf |       inf |             - |
ddram_dq[9]        |  -2.990 (r) | FAST    |   10.144 (r) | SLOW    |       inf |       inf |             - |
ddram_dq[9]        |  -2.918 (f) | FAST    |   10.144 (f) | SLOW    |       inf |       inf |             - |
ddram_dq[10]       |  -2.993 (r) | FAST    |   10.143 (r) | SLOW    |       inf |       inf |             - |
ddram_dq[10]       |  -2.921 (f) | FAST    |   10.143 (f) | SLOW    |       inf |       inf |             - |
ddram_dq[11]       |  -2.986 (r) | FAST    |   10.140 (r) | SLOW    |       inf |       inf |             - |
ddram_dq[11]       |  -2.914 (f) | FAST    |   10.140 (f) | SLOW    |       inf |       inf |             - |
ddram_dq[12]       |  -2.981 (r) | FAST    |   10.131 (r) | SLOW    |       inf |       inf |             - |
ddram_dq[12]       |  -2.909 (f) | FAST    |   10.131 (f) | SLOW    |       inf |       inf |             - |
ddram_dq[13]       |  -3.005 (r) | FAST    |   10.153 (r) | SLOW    |       inf |       inf |             - |
ddram_dq[13]       |  -2.933 (f) | FAST    |   10.153 (f) | SLOW    |       inf |       inf |             - |
ddram_dq[14]       |  -2.993 (r) | FAST    |   10.148 (r) | SLOW    |       inf |       inf |             - |
ddram_dq[14]       |  -2.921 (f) | FAST    |   10.148 (f) | SLOW    |       inf |       inf |             - |
ddram_dq[15]       |  -3.005 (r) | FAST    |   10.155 (r) | SLOW    |       inf |       inf |             - |
ddram_dq[15]       |  -2.933 (f) | FAST    |   10.155 (f) | SLOW    |       inf |       inf |             - |
-------------------+-------------+---------+--------------+---------+-----------+-----------+---------------+
Worst Case Summary |  -2.909 (f) | FAST    |   10.178 (r) | SLOW    |       inf |       inf |             - |
-------------------+-------------+---------+--------------+---------+-----------+-----------+---------------+



Max / Min delays for output bus
Clocked by: clk100
Bus Skew: 0.032 ns
-------------------+--------------+---------+-------------+---------+----------+
                   |      Max     | Process |     Min     | Process | Edge     |
Pad                |    Delay(ns) | Corner  |   Delay(ns) | Corner  | Skew(ns) |
-------------------+--------------+---------+-------------+---------+----------+
ddram_a[0]         |   13.772 (r) | SLOW    |   4.386 (r) | FAST    |    0.000 |
ddram_a[1]         |   13.787 (r) | SLOW    |   4.403 (r) | FAST    |    0.017 |
ddram_a[2]         |   13.798 (r) | SLOW    |   4.410 (r) | FAST    |    0.026 |
ddram_a[3]         |   13.798 (r) | SLOW    |   4.411 (r) | FAST    |    0.026 |
ddram_a[4]         |   13.794 (r) | SLOW    |   4.404 (r) | FAST    |    0.022 |
ddram_a[5]         |   13.789 (r) | SLOW    |   4.406 (r) | FAST    |    0.020 |
ddram_a[6]         |   13.803 (r) | SLOW    |   4.413 (r) | FAST    |    0.031 |
ddram_a[7]         |   13.804 (r) | SLOW    |   4.414 (r) | FAST    |    0.032 |
ddram_a[8]         |   13.794 (r) | SLOW    |   4.405 (r) | FAST    |    0.022 |
ddram_a[9]         |   13.788 (r) | SLOW    |   4.405 (r) | FAST    |    0.019 |
ddram_a[10]        |   13.789 (r) | SLOW    |   4.406 (r) | FAST    |    0.020 |
ddram_a[11]        |   13.782 (r) | SLOW    |   4.393 (r) | FAST    |    0.010 |
ddram_a[12]        |   13.794 (r) | SLOW    |   4.406 (r) | FAST    |    0.022 |
-------------------+--------------+---------+-------------+---------+----------+
Worst Case Summary |   13.804 (r) | SLOW    |   4.386 (r) | FAST    |    0.032 |
-------------------+--------------+---------+-------------+---------+----------+



Max / Min delays for output bus
Clocked by: clk100
Bus Skew: 0.012 ns
-------------------+--------------+---------+-------------+---------+----------+
                   |      Max     | Process |     Min     | Process | Edge     |
Pad                |    Delay(ns) | Corner  |   Delay(ns) | Corner  | Skew(ns) |
-------------------+--------------+---------+-------------+---------+----------+
ddram_ba[0]        |   13.792 (r) | SLOW    |   4.409 (r) | FAST    |    0.008 |
ddram_ba[1]        |   13.785 (r) | SLOW    |   4.402 (r) | FAST    |    0.000 |
ddram_ba[2]        |   13.797 (r) | SLOW    |   4.410 (r) | FAST    |    0.012 |
-------------------+--------------+---------+-------------+---------+----------+
Worst Case Summary |   13.797 (r) | SLOW    |   4.402 (r) | FAST    |    0.012 |
-------------------+--------------+---------+-------------+---------+----------+



Max / Min delays for output bus
Clocked by: clk100
Bus Skew: 0.004 ns
-------------------+--------------+---------+-------------+---------+----------+
                   |      Max     | Process |     Min     | Process | Edge     |
Pad                |    Delay(ns) | Corner  |   Delay(ns) | Corner  | Skew(ns) |
-------------------+--------------+---------+-------------+---------+----------+
ddram_dm[0]        |   13.827 (r) | SLOW    |   4.437 (r) | FAST    |    0.000 |
ddram_dm[1]        |   13.829 (r) | SLOW    |   4.441 (r) | FAST    |    0.004 |
-------------------+--------------+---------+-------------+---------+----------+
Worst Case Summary |   13.829 (r) | SLOW    |   4.437 (r) | FAST    |    0.004 |
-------------------+--------------+---------+-------------+---------+----------+



Max / Min delays for output bus
Clocked by: clk100
Bus Skew: 2.071 ns
-------------------+--------------+---------+-------------+---------+----------+
                   |      Max     | Process |     Min     | Process | Edge     |
Pad                |    Delay(ns) | Corner  |   Delay(ns) | Corner  | Skew(ns) |
-------------------+--------------+---------+-------------+---------+----------+
ddram_dq[0]        |   16.832 (r) | SLOW    |   4.126 (r) | FAST    |    0.601 |
ddram_dq[1]        |   16.380 (r) | SLOW    |   4.125 (r) | FAST    |    0.150 |
ddram_dq[2]        |   17.113 (r) | SLOW    |   4.112 (r) | FAST    |    0.882 |
ddram_dq[3]        |   16.822 (r) | SLOW    |   4.125 (r) | FAST    |    0.591 |
ddram_dq[4]        |   16.230 (r) | SLOW    |   4.131 (r) | FAST    |    0.024 |
ddram_dq[5]        |   16.530 (r) | SLOW    |   4.116 (r) | FAST    |    0.300 |
ddram_dq[6]        |   16.682 (r) | SLOW    |   4.129 (r) | FAST    |    0.451 |
ddram_dq[7]        |   16.380 (r) | SLOW    |   4.107 (r) | FAST    |    0.150 |
ddram_dq[8]        |   17.565 (r) | SLOW    |   4.116 (r) | FAST    |    1.335 |
ddram_dq[9]        |   18.012 (r) | SLOW    |   4.135 (r) | FAST    |    1.781 |
ddram_dq[10]       |   17.719 (r) | SLOW    |   4.127 (r) | FAST    |    1.488 |
ddram_dq[11]       |   18.162 (r) | SLOW    |   4.140 (r) | FAST    |    1.931 |
ddram_dq[12]       |   17.569 (r) | SLOW    |   4.138 (r) | FAST    |    1.338 |
ddram_dq[13]       |   17.267 (r) | SLOW    |   4.111 (r) | FAST    |    1.036 |
ddram_dq[14]       |   18.302 (r) | SLOW    |   4.133 (r) | FAST    |    2.071 |
ddram_dq[15]       |   17.267 (r) | SLOW    |   4.112 (r) | FAST    |    1.037 |
-------------------+--------------+---------+-------------+---------+----------+
Worst Case Summary |   18.302 (r) | SLOW    |   4.107 (r) | FAST    |    2.071 |
-------------------+--------------+---------+-------------+---------+----------+



Max / Min delays for output bus
Clocked by: clk100
Bus Skew: 0.861 ns
-------------------+--------------+---------+-------------+---------+----------+
                   |      Max     | Process |     Min     | Process | Edge     |
Pad                |    Delay(ns) | Corner  |   Delay(ns) | Corner  | Skew(ns) |
-------------------+--------------+---------+-------------+---------+----------+
ddram_dqs_n[0]     |   16.672 (r) | SLOW    |   4.843 (r) | FAST    |    0.000 |
ddram_dqs_n[1]     |   17.532 (r) | SLOW    |   5.173 (r) | FAST    |    0.860 |
ddram_dqs_p[0]     |   16.673 (r) | SLOW    |   4.844 (r) | FAST    |    0.002 |
ddram_dqs_p[1]     |   17.533 (r) | SLOW    |   5.173 (r) | FAST    |    0.861 |
-------------------+--------------+---------+-------------+---------+----------+
Worst Case Summary |   17.533 (r) | SLOW    |   4.843 (r) | FAST    |    0.861 |
-------------------+--------------+---------+-------------+---------+----------+




