Copyright 1986-2022 Xilinx, Inc. All Rights Reserved. Copyright 2022-2025 Advanced Micro Devices, Inc. All Rights Reserved.
---------------------------------------------------------------------------------------------------------------------------------------------
| Tool Version : Vivado v.2025.2 (win64) Build 6299465 Fri Nov 14 19:35:11 GMT 2025
| Date         : Wed Feb 11 14:37:25 2026
| Host         : DESKTOP-6JLD9LJ running 64-bit major release  (build 9200)
| Command      : report_timing_summary -datasheet -max_paths 10 -file digilent_nexys4ddr_timing.rpt
| Design       : digilent_nexys4ddr
| Device       : 7a100t-csg324
| Speed File   : -1  PRODUCTION 1.23 2018-06-13
| Design State : Physopt postRoute
---------------------------------------------------------------------------------------------------------------------------------------------

Timing Summary Report

------------------------------------------------------------------------------------------------
| Timer Settings
| --------------
------------------------------------------------------------------------------------------------

  Enable Multi Corner Analysis               :  Yes
  Enable Pessimism Removal                   :  Yes
  Pessimism Removal Resolution               :  Nearest Common Node
  Enable Input Delay Default Clock           :  No
  Enable Preset / Clear Arcs                 :  No
  Disable Flight Delays                      :  No
  Ignore I/O Paths                           :  No
  Timing Early Launch at Borrowing Latches   :  No
  Borrow Time for Max Delay Exceptions       :  Yes
  Merge Timing Exceptions                    :  Yes
  Inter-SLR Compensation                     :  Conservative

  Corner  Analyze    Analyze    
  Name    Max Paths  Min Paths  
  ------  ---------  ---------  
  Slow    Yes        Yes        
  Fast    Yes        Yes        


------------------------------------------------------------------------------------------------
| Report Methodology
| ------------------
------------------------------------------------------------------------------------------------

No report available as report_methodology has not been run prior. Run report_methodology on the current design for the summary of methodology violations.



check_timing report

Table of Contents
-----------------
1. checking no_clock (0)
2. checking constant_clock (0)
3. checking pulse_width_clock (0)
4. checking unconstrained_internal_endpoints (0)
5. checking no_input_delay (1)
6. checking no_output_delay (1)
7. checking multiple_clock (0)
8. checking generated_clocks (0)
9. checking loops (0)
10. checking partial_input_delay (0)
11. checking partial_output_delay (0)
12. checking latch_loops (0)

1. checking no_clock (0)
------------------------
 There are 0 register/latch pins with no clock.


2. checking constant_clock (0)
------------------------------
 There are 0 register/latch pins with constant_clock.


3. checking pulse_width_clock (0)
---------------------------------
 There are 0 register/latch pins which need pulse_width check


4. checking unconstrained_internal_endpoints (0)
------------------------------------------------
 There are 0 pins that are not constrained for maximum delay.

 There are 0 pins that are not constrained for maximum delay due to constant clock.


5. checking no_input_delay (1)
------------------------------
 There is 1 input port with no input delay specified. (HIGH)

 There are 0 input ports with no input delay but user has a false path constraint.


6. checking no_output_delay (1)
-------------------------------
 There is 1 port with no output delay specified. (HIGH)

 There are 0 ports with no output delay but user has a false path constraint

 There are 0 ports with no output delay but with a timing clock defined on it or propagating through it


7. checking multiple_clock (0)
------------------------------
 There are 0 register/latch pins with multiple clocks.


8. checking generated_clocks (0)
--------------------------------
 There are 0 generated clocks that are not connected to a clock source.


9. checking loops (0)
---------------------
 There are 0 combinational loops in the design.


10. checking partial_input_delay (0)
------------------------------------
 There are 0 input ports with partial input delay specified.


11. checking partial_output_delay (0)
-------------------------------------
 There are 0 ports with partial output delay specified.


12. checking latch_loops (0)
----------------------------
 There are 0 combinational latch loops in the design through latch input



------------------------------------------------------------------------------------------------
| Design Timing Summary
| ---------------------
------------------------------------------------------------------------------------------------

    WNS(ns)      TNS(ns)  TNS Failing Endpoints  TNS Total Endpoints      WHS(ns)      THS(ns)  THS Failing Endpoints  THS Total Endpoints     WPWS(ns)     TPWS(ns)  TPWS Failing Endpoints  TPWS Total Endpoints  
    -------      -------  ---------------------  -------------------      -------      -------  ---------------------  -------------------     --------     --------  ----------------------  --------------------  
      1.219        0.000                      0                 4340        0.047        0.000                      0                 4340        3.000        0.000                       0                  1749  


All user specified timing constraints are met.


------------------------------------------------------------------------------------------------
| Clock Summary
| -------------
------------------------------------------------------------------------------------------------

Clock         Waveform(ns)       Period(ns)      Frequency(MHz)
-----         ------------       ----------      --------------
clk100        {0.000 5.000}      10.000          100.000         
  crg_clkout  {0.000 5.000}      10.000          100.000         
  pll_fb      {0.000 5.000}      10.000          100.000         


------------------------------------------------------------------------------------------------
| Intra Clock Table
| -----------------
------------------------------------------------------------------------------------------------

Clock             WNS(ns)      TNS(ns)  TNS Failing Endpoints  TNS Total Endpoints      WHS(ns)      THS(ns)  THS Failing Endpoints  THS Total Endpoints     WPWS(ns)     TPWS(ns)  TPWS Failing Endpoints  TPWS Total Endpoints  
-----             -------      -------  ---------------------  -------------------      -------      -------  ---------------------  -------------------     --------     --------  ----------------------  --------------------  
clk100                                                                                                                                                          3.000        0.000                       0                     1  
  crg_clkout        1.219        0.000                      0                 4340        0.047        0.000                      0                 4340        3.750        0.000                       0                  1746  
  pll_fb                                                                                                                                                        8.751        0.000                       0                     2  


------------------------------------------------------------------------------------------------
| Inter Clock Table
| -----------------
------------------------------------------------------------------------------------------------

From Clock    To Clock          WNS(ns)      TNS(ns)  TNS Failing Endpoints  TNS Total Endpoints      WHS(ns)      THS(ns)  THS Failing Endpoints  THS Total Endpoints  
----------    --------          -------      -------  ---------------------  -------------------      -------      -------  ---------------------  -------------------  


------------------------------------------------------------------------------------------------
| Other Path Groups Table
| -----------------------
------------------------------------------------------------------------------------------------

Path Group    From Clock    To Clock          WNS(ns)      TNS(ns)  TNS Failing Endpoints  TNS Total Endpoints      WHS(ns)      THS(ns)  THS Failing Endpoints  THS Total Endpoints  
----------    ----------    --------          -------      -------  ---------------------  -------------------      -------      -------  ---------------------  -------------------  


------------------------------------------------------------------------------------------------
| Timing Details
| --------------
------------------------------------------------------------------------------------------------


---------------------------------------------------------------------------------------------------
From Clock:  clk100
  To Clock:  clk100

Setup :           NA  Failing Endpoints,  Worst Slack           NA  ,  Total Violation           NA
Hold  :           NA  Failing Endpoints,  Worst Slack           NA  ,  Total Violation           NA
PW    :            0  Failing Endpoints,  Worst Slack        3.000ns,  Total Violation        0.000ns
---------------------------------------------------------------------------------------------------


Pulse Width Checks
--------------------------------------------------------------------------------------
Clock Name:         clk100
Waveform(ns):       { 0.000 5.000 }
Period(ns):         10.000
Sources:            { clk100 }

Check Type        Corner  Lib Pin           Reference Pin  Required(ns)  Actual(ns)  Slack(ns)  Location        Pin
Min Period        n/a     PLLE2_ADV/CLKIN1  n/a            1.249         10.000      8.751      PLLE2_ADV_X1Y2  PLLE2_ADV/CLKIN1
Max Period        n/a     PLLE2_ADV/CLKIN1  n/a            52.633        10.000      42.633     PLLE2_ADV_X1Y2  PLLE2_ADV/CLKIN1
Low Pulse Width   Slow    PLLE2_ADV/CLKIN1  n/a            2.000         5.000       3.000      PLLE2_ADV_X1Y2  PLLE2_ADV/CLKIN1
Low Pulse Width   Fast    PLLE2_ADV/CLKIN1  n/a            2.000         5.000       3.000      PLLE2_ADV_X1Y2  PLLE2_ADV/CLKIN1
High Pulse Width  Slow    PLLE2_ADV/CLKIN1  n/a            2.000         5.000       3.000      PLLE2_ADV_X1Y2  PLLE2_ADV/CLKIN1
High Pulse Width  Fast    PLLE2_ADV/CLKIN1  n/a            2.000         5.000       3.000      PLLE2_ADV_X1Y2  PLLE2_ADV/CLKIN1



---------------------------------------------------------------------------------------------------
From Clock:  crg_clkout
  To Clock:  crg_clkout

Setup :            0  Failing Endpoints,  Worst Slack        1.219ns,  Total Violation        0.000ns
Hold  :            0  Failing Endpoints,  Worst Slack        0.047ns,  Total Violation        0.000ns
PW    :            0  Failing Endpoints,  Worst Slack        3.750ns,  Total Violation        0.000ns
---------------------------------------------------------------------------------------------------


Max Delay Paths
--------------------------------------------------------------------------------------
Slack (MET) :             1.219ns  (required time - arrival time)
  Source:                 FDPE/C
                            (rising edge-triggered cell FDPE clocked by crg_clkout  {rise@0.000ns fall@5.000ns period=10.000ns})
  Destination:            FDPE_1/D
                            (rising edge-triggered cell FDPE clocked by crg_clkout  {rise@0.000ns fall@5.000ns period=10.000ns})
  Path Group:             crg_clkout
  Path Type:              Setup (Max at Slow Process Corner)
  Requirement:            2.000ns  (MaxDelay Path 2.000ns)
  Data Path Delay:        0.708ns  (logic 0.518ns (73.174%)  route 0.190ns (26.826%))
  Logic Levels:           0  
  Clock Path Skew:        0.000ns (DCD - SCD + CPR)
    Destination Clock Delay (DCD):    6.001ns
    Source Clock Delay      (SCD):    6.351ns
    Clock Pessimism Removal (CPR):    0.350ns
  Clock Uncertainty:      0.057ns  ((TSJ^2 + DJ^2)^1/2) / 2 + PE
    Total System Jitter     (TSJ):    0.071ns
    Discrete Jitter          (DJ):    0.089ns
    Phase Error              (PE):    0.000ns
  Timing Exception:       MaxDelay Path 2.000ns

    Location             Delay type                Incr(ns)  Path(ns)    Netlist Resource(s)
  -------------------------------------------------------------------    -------------------
                         (clock crg_clkout rise edge)
                                                      0.000     0.000 r  
    E3                                                0.000     0.000 r  clk100 (IN)
                         net (fo=0)                   0.000     0.000    clk100
    E3                   IBUF (Prop_ibuf_I_O)         1.482     1.482 r  clk100_IBUF_inst/O
                         net (fo=1, routed)           1.253     2.735    crg_clkin
    PLLE2_ADV_X1Y2       PLLE2_ADV (Prop_plle2_adv_CLKIN1_CLKOUT0)
                                                      0.088     2.823 r  PLLE2_ADV/CLKOUT0
                         net (fo=1, routed)           1.713     4.536    crg_clkout
    BUFGCTRL_X0Y16       BUFG (Prop_bufg_I_O)         0.096     4.632 r  BUFG/O
                         net (fo=1744, routed)        1.718     6.351    crg_clkout_buf
    SLICE_X88Y78         FDPE                                         r  FDPE/C
  -------------------------------------------------------------------    -------------------
    SLICE_X88Y78         FDPE (Prop_fdpe_C_Q)         0.518     6.869 r  FDPE/Q
                         net (fo=1, routed)           0.190     7.059    xilinxasyncresetsynchronizerimpl_rst_meta
    SLICE_X88Y78         FDPE                                         r  FDPE_1/D
  -------------------------------------------------------------------    -------------------

                         max delay                    2.000     2.000    
    E3                                                0.000     2.000 r  clk100 (IN)
                         net (fo=0)                   0.000     2.000    clk100
    E3                   IBUF (Prop_ibuf_I_O)         1.411     3.411 r  clk100_IBUF_inst/O
                         net (fo=1, routed)           1.181     4.592    crg_clkin
    PLLE2_ADV_X1Y2       PLLE2_ADV (Prop_plle2_adv_CLKIN1_CLKOUT0)
                                                      0.083     4.675 r  PLLE2_ADV/CLKOUT0
                         net (fo=1, routed)           1.634     6.309    crg_clkout
    BUFGCTRL_X0Y16       BUFG (Prop_bufg_I_O)         0.091     6.400 r  BUFG/O
                         net (fo=1744, routed)        1.600     8.001    crg_clkout_buf
    SLICE_X88Y78         FDPE                                         r  FDPE_1/C
                         clock pessimism              0.350     8.351    
                         clock uncertainty           -0.057     8.294    
    SLICE_X88Y78         FDPE (Setup_fdpe_C_D)       -0.016     8.278    FDPE_1
  -------------------------------------------------------------------
                         required time                          8.278    
                         arrival time                          -7.059    
  -------------------------------------------------------------------
                         slack                                  1.219    

Slack (MET) :             1.229ns  (required time - arrival time)
  Source:                 grant_reg/C
                            (rising edge-triggered cell FDRE clocked by crg_clkout  {rise@0.000ns fall@5.000ns period=10.000ns})
  Destination:            storage_reg_0_15_0_5/RAMA/WE
                            (rising edge-triggered cell RAMD32 clocked by crg_clkout  {rise@0.000ns fall@5.000ns period=10.000ns})
  Path Group:             crg_clkout
  Path Type:              Setup (Max at Slow Process Corner)
  Requirement:            10.000ns  (crg_clkout rise@10.000ns - crg_clkout rise@0.000ns)
  Data Path Delay:        8.246ns  (logic 1.436ns (17.415%)  route 6.810ns (82.585%))
  Logic Levels:           6  (LUT3=2 LUT4=1 LUT5=1 LUT6=2)
  Clock Path Skew:        0.059ns (DCD - SCD + CPR)
    Destination Clock Delay (DCD):    6.014ns = ( 16.014 - 10.000 ) 
    Source Clock Delay      (SCD):    6.266ns
    Clock Pessimism Removal (CPR):    0.311ns
  Clock Uncertainty:      0.057ns  ((TSJ^2 + DJ^2)^1/2) / 2 + PE
    Total System Jitter     (TSJ):    0.071ns
    Discrete Jitter          (DJ):    0.089ns
    Phase Error              (PE):    0.000ns

    Location             Delay type                Incr(ns)  Path(ns)    Netlist Resource(s)
  -------------------------------------------------------------------    -------------------
                         (clock crg_clkout rise edge)
                                                      0.000     0.000 r  
    E3                                                0.000     0.000 r  clk100 (IN)
                         net (fo=0)                   0.000     0.000    clk100
    E3                   IBUF (Prop_ibuf_I_O)         1.482     1.482 r  clk100_IBUF_inst/O
                         net (fo=1, routed)           1.253     2.735    crg_clkin
    PLLE2_ADV_X1Y2       PLLE2_ADV (Prop_plle2_adv_CLKIN1_CLKOUT0)
                                                      0.088     2.823 r  PLLE2_ADV/CLKOUT0
                         net (fo=1, routed)           1.713     4.536    crg_clkout
    BUFGCTRL_X0Y16       BUFG (Prop_bufg_I_O)         0.096     4.632 r  BUFG/O
                         net (fo=1744, routed)        1.633     6.266    crg_clkout_buf
    SLICE_X67Y53         FDRE                                         r  grant_reg/C
  -------------------------------------------------------------------    -------------------
    SLICE_X67Y53         FDRE (Prop_fdre_C_Q)         0.456     6.722 r  grant_reg/Q
                         net (fo=108, routed)         1.669     8.391    VexRiscv/IBusCachedPlugin_cache/grant
    SLICE_X63Y67         LUT3 (Prop_lut3_I1_O)        0.124     8.515 f  VexRiscv/IBusCachedPlugin_cache/basesoc_basesoc_ram_bus_ack_i_4/O
                         net (fo=4, routed)           1.035     9.550    VexRiscv/IBusCachedPlugin_cache/basesoc_basesoc_ram_bus_ack_i_4_n_0
    SLICE_X62Y67         LUT6 (Prop_lut6_I1_O)        0.124     9.674 r  VexRiscv/IBusCachedPlugin_cache/slaves[2]_i_3/O
                         net (fo=1, routed)           0.427    10.101    VexRiscv/IBusCachedPlugin_cache/slaves[2]_i_3_n_0
    SLICE_X62Y68         LUT6 (Prop_lut6_I0_O)        0.124    10.225 f  VexRiscv/IBusCachedPlugin_cache/slaves[2]_i_2/O
                         net (fo=8, routed)           1.610    11.835    VexRiscv/IBusCachedPlugin_cache/master_reg[0]
    SLICE_X78Y55         LUT4 (Prop_lut4_I0_O)        0.124    11.959 f  VexRiscv/IBusCachedPlugin_cache/basesoc_timer_pending_re_i_2/O
                         net (fo=37, routed)          0.726    12.685    VexRiscv/IBusCachedPlugin_cache/basesoc_timer_pending_re_i_2_n_0
    SLICE_X81Y55         LUT5 (Prop_lut5_I3_O)        0.152    12.837 f  VexRiscv/IBusCachedPlugin_cache/storage_reg_0_15_0_5_i_8/O
                         net (fo=14, routed)          0.844    13.681    VexRiscv/IBusCachedPlugin_cache/storage_reg_0_15_0_5_i_8_n_0
    SLICE_X87Y52         LUT3 (Prop_lut3_I1_O)        0.332    14.013 r  VexRiscv/IBusCachedPlugin_cache/storage_reg_0_15_0_5_i_1/O
                         net (fo=16, routed)          0.499    14.511    storage_reg_0_15_0_5/WE
    SLICE_X88Y52         RAMD32                                       r  storage_reg_0_15_0_5/RAMA/WE
  -------------------------------------------------------------------    -------------------

                         (clock crg_clkout rise edge)
                                                     10.000    10.000 r  
    E3                                                0.000    10.000 r  clk100 (IN)
                         net (fo=0)                   0.000    10.000    clk100
    E3                   IBUF (Prop_ibuf_I_O)         1.411    11.411 r  clk100_IBUF_inst/O
                         net (fo=1, routed)           1.181    12.592    crg_clkin
    PLLE2_ADV_X1Y2       PLLE2_ADV (Prop_plle2_adv_CLKIN1_CLKOUT0)
                                                      0.083    12.675 r  PLLE2_ADV/CLKOUT0
                         net (fo=1, routed)           1.634    14.309    crg_clkout
    BUFGCTRL_X0Y16       BUFG (Prop_bufg_I_O)         0.091    14.400 r  BUFG/O
                         net (fo=1744, routed)        1.613    16.014    storage_reg_0_15_0_5/WCLK
    SLICE_X88Y52         RAMD32                                       r  storage_reg_0_15_0_5/RAMA/CLK
                         clock pessimism              0.311    16.325    
                         clock uncertainty           -0.057    16.268    
    SLICE_X88Y52         RAMD32 (Setup_ramd32_CLK_WE)
                                                     -0.528    15.740    storage_reg_0_15_0_5/RAMA
  -------------------------------------------------------------------
                         required time                         15.740    
                         arrival time                         -14.511    
  -------------------------------------------------------------------
                         slack                                  1.229    

Slack (MET) :             1.229ns  (required time - arrival time)
  Source:                 grant_reg/C
                            (rising edge-triggered cell FDRE clocked by crg_clkout  {rise@0.000ns fall@5.000ns period=10.000ns})
  Destination:            storage_reg_0_15_0_5/RAMA_D1/WE
                            (rising edge-triggered cell RAMD32 clocked by crg_clkout  {rise@0.000ns fall@5.000ns period=10.000ns})
  Path Group:             crg_clkout
  Path Type:              Setup (Max at Slow Process Corner)
  Requirement:            10.000ns  (crg_clkout rise@10.000ns - crg_clkout rise@0.000ns)
  Data Path Delay:        8.246ns  (logic 1.436ns (17.415%)  route 6.810ns (82.585%))
  Logic Levels:           6  (LUT3=2 LUT4=1 LUT5=1 LUT6=2)
  Clock Path Skew:        0.059ns (DCD - SCD + CPR)
    Destination Clock Delay (DCD):    6.014ns = ( 16.014 - 10.000 ) 
    Source Clock Delay      (SCD):    6.266ns
    Clock Pessimism Removal (CPR):    0.311ns
  Clock Uncertainty:      0.057ns  ((TSJ^2 + DJ^2)^1/2) / 2 + PE
    Total System Jitter     (TSJ):    0.071ns
    Discrete Jitter          (DJ):    0.089ns
    Phase Error              (PE):    0.000ns

    Location             Delay type                Incr(ns)  Path(ns)    Netlist Resource(s)
  -------------------------------------------------------------------    -------------------
                         (clock crg_clkout rise edge)
                                                      0.000     0.000 r  
    E3                                                0.000     0.000 r  clk100 (IN)
                         net (fo=0)                   0.000     0.000    clk100
    E3                   IBUF (Prop_ibuf_I_O)         1.482     1.482 r  clk100_IBUF_inst/O
                         net (fo=1, routed)           1.253     2.735    crg_clkin
    PLLE2_ADV_X1Y2       PLLE2_ADV (Prop_plle2_adv_CLKIN1_CLKOUT0)
                                                      0.088     2.823 r  PLLE2_ADV/CLKOUT0
                         net (fo=1, routed)           1.713     4.536    crg_clkout
    BUFGCTRL_X0Y16       BUFG (Prop_bufg_I_O)         0.096     4.632 r  BUFG/O
                         net (fo=1744, routed)        1.633     6.266    crg_clkout_buf
    SLICE_X67Y53         FDRE                                         r  grant_reg/C
  -------------------------------------------------------------------    -------------------
    SLICE_X67Y53         FDRE (Prop_fdre_C_Q)         0.456     6.722 r  grant_reg/Q
                         net (fo=108, routed)         1.669     8.391    VexRiscv/IBusCachedPlugin_cache/grant
    SLICE_X63Y67         LUT3 (Prop_lut3_I1_O)        0.124     8.515 f  VexRiscv/IBusCachedPlugin_cache/basesoc_basesoc_ram_bus_ack_i_4/O
                         net (fo=4, routed)           1.035     9.550    VexRiscv/IBusCachedPlugin_cache/basesoc_basesoc_ram_bus_ack_i_4_n_0
    SLICE_X62Y67         LUT6 (Prop_lut6_I1_O)        0.124     9.674 r  VexRiscv/IBusCachedPlugin_cache/slaves[2]_i_3/O
                         net (fo=1, routed)           0.427    10.101    VexRiscv/IBusCachedPlugin_cache/slaves[2]_i_3_n_0
    SLICE_X62Y68         LUT6 (Prop_lut6_I0_O)        0.124    10.225 f  VexRiscv/IBusCachedPlugin_cache/slaves[2]_i_2/O
                         net (fo=8, routed)           1.610    11.835    VexRiscv/IBusCachedPlugin_cache/master_reg[0]
    SLICE_X78Y55         LUT4 (Prop_lut4_I0_O)        0.124    11.959 f  VexRiscv/IBusCachedPlugin_cache/basesoc_timer_pending_re_i_2/O
                         net (fo=37, routed)          0.726    12.685    VexRiscv/IBusCachedPlugin_cache/basesoc_timer_pending_re_i_2_n_0
    SLICE_X81Y55         LUT5 (Prop_lut5_I3_O)        0.152    12.837 f  VexRiscv/IBusCachedPlugin_cache/storage_reg_0_15_0_5_i_8/O
                         net (fo=14, routed)          0.844    13.681    VexRiscv/IBusCachedPlugin_cache/storage_reg_0_15_0_5_i_8_n_0
    SLICE_X87Y52         LUT3 (Prop_lut3_I1_O)        0.332    14.013 r  VexRiscv/IBusCachedPlugin_cache/storage_reg_0_15_0_5_i_1/O
                         net (fo=16, routed)          0.499    14.511    storage_reg_0_15_0_5/WE
    SLICE_X88Y52         RAMD32                                       r  storage_reg_0_15_0_5/RAMA_D1/WE
  -------------------------------------------------------------------    -------------------

                         (clock crg_clkout rise edge)
                                                     10.000    10.000 r  
    E3                                                0.000    10.000 r  clk100 (IN)
                         net (fo=0)                   0.000    10.000    clk100
    E3                   IBUF (Prop_ibuf_I_O)         1.411    11.411 r  clk100_IBUF_inst/O
                         net (fo=1, routed)           1.181    12.592    crg_clkin
    PLLE2_ADV_X1Y2       PLLE2_ADV (Prop_plle2_adv_CLKIN1_CLKOUT0)
                                                      0.083    12.675 r  PLLE2_ADV/CLKOUT0
                         net (fo=1, routed)           1.634    14.309    crg_clkout
    BUFGCTRL_X0Y16       BUFG (Prop_bufg_I_O)         0.091    14.400 r  BUFG/O
                         net (fo=1744, routed)        1.613    16.014    storage_reg_0_15_0_5/WCLK
    SLICE_X88Y52         RAMD32                                       r  storage_reg_0_15_0_5/RAMA_D1/CLK
                         clock pessimism              0.311    16.325    
                         clock uncertainty           -0.057    16.268    
    SLICE_X88Y52         RAMD32 (Setup_ramd32_CLK_WE)
                                                     -0.528    15.740    storage_reg_0_15_0_5/RAMA_D1
  -------------------------------------------------------------------
                         required time                         15.740    
                         arrival time                         -14.511    
  -------------------------------------------------------------------
                         slack                                  1.229    

Slack (MET) :             1.229ns  (required time - arrival time)
  Source:                 grant_reg/C
                            (rising edge-triggered cell FDRE clocked by crg_clkout  {rise@0.000ns fall@5.000ns period=10.000ns})
  Destination:            storage_reg_0_15_0_5/RAMB/WE
                            (rising edge-triggered cell RAMD32 clocked by crg_clkout  {rise@0.000ns fall@5.000ns period=10.000ns})
  Path Group:             crg_clkout
  Path Type:              Setup (Max at Slow Process Corner)
  Requirement:            10.000ns  (crg_clkout rise@10.000ns - crg_clkout rise@0.000ns)
  Data Path Delay:        8.246ns  (logic 1.436ns (17.415%)  route 6.810ns (82.585%))
  Logic Levels:           6  (LUT3=2 LUT4=1 LUT5=1 LUT6=2)
  Clock Path Skew:        0.059ns (DCD - SCD + CPR)
    Destination Clock Delay (DCD):    6.014ns = ( 16.014 - 10.000 ) 
    Source Clock Delay      (SCD):    6.266ns
    Clock Pessimism Removal (CPR):    0.311ns
  Clock Uncertainty:      0.057ns  ((TSJ^2 + DJ^2)^1/2) / 2 + PE
    Total System Jitter     (TSJ):    0.071ns
    Discrete Jitter          (DJ):    0.089ns
    Phase Error              (PE):    0.000ns

    Location             Delay type                Incr(ns)  Path(ns)    Netlist Resource(s)
  -------------------------------------------------------------------    -------------------
                         (clock crg_clkout rise edge)
                                                      0.000     0.000 r  
    E3                                                0.000     0.000 r  clk100 (IN)
                         net (fo=0)                   0.000     0.000    clk100
    E3                   IBUF (Prop_ibuf_I_O)         1.482     1.482 r  clk100_IBUF_inst/O
                         net (fo=1, routed)           1.253     2.735    crg_clkin
    PLLE2_ADV_X1Y2       PLLE2_ADV (Prop_plle2_adv_CLKIN1_CLKOUT0)
                                                      0.088     2.823 r  PLLE2_ADV/CLKOUT0
                         net (fo=1, routed)           1.713     4.536    crg_clkout
    BUFGCTRL_X0Y16       BUFG (Prop_bufg_I_O)         0.096     4.632 r  BUFG/O
                         net (fo=1744, routed)        1.633     6.266    crg_clkout_buf
    SLICE_X67Y53         FDRE                                         r  grant_reg/C
  -------------------------------------------------------------------    -------------------
    SLICE_X67Y53         FDRE (Prop_fdre_C_Q)         0.456     6.722 r  grant_reg/Q
                         net (fo=108, routed)         1.669     8.391    VexRiscv/IBusCachedPlugin_cache/grant
    SLICE_X63Y67         LUT3 (Prop_lut3_I1_O)        0.124     8.515 f  VexRiscv/IBusCachedPlugin_cache/basesoc_basesoc_ram_bus_ack_i_4/O
                         net (fo=4, routed)           1.035     9.550    VexRiscv/IBusCachedPlugin_cache/basesoc_basesoc_ram_bus_ack_i_4_n_0
    SLICE_X62Y67         LUT6 (Prop_lut6_I1_O)        0.124     9.674 r  VexRiscv/IBusCachedPlugin_cache/slaves[2]_i_3/O
                         net (fo=1, routed)           0.427    10.101    VexRiscv/IBusCachedPlugin_cache/slaves[2]_i_3_n_0
    SLICE_X62Y68         LUT6 (Prop_lut6_I0_O)        0.124    10.225 f  VexRiscv/IBusCachedPlugin_cache/slaves[2]_i_2/O
                         net (fo=8, routed)           1.610    11.835    VexRiscv/IBusCachedPlugin_cache/master_reg[0]
    SLICE_X78Y55         LUT4 (Prop_lut4_I0_O)        0.124    11.959 f  VexRiscv/IBusCachedPlugin_cache/basesoc_timer_pending_re_i_2/O
                         net (fo=37, routed)          0.726    12.685    VexRiscv/IBusCachedPlugin_cache/basesoc_timer_pending_re_i_2_n_0
    SLICE_X81Y55         LUT5 (Prop_lut5_I3_O)        0.152    12.837 f  VexRiscv/IBusCachedPlugin_cache/storage_reg_0_15_0_5_i_8/O
                         net (fo=14, routed)          0.844    13.681    VexRiscv/IBusCachedPlugin_cache/storage_reg_0_15_0_5_i_8_n_0
    SLICE_X87Y52         LUT3 (Prop_lut3_I1_O)        0.332    14.013 r  VexRiscv/IBusCachedPlugin_cache/storage_reg_0_15_0_5_i_1/O
                         net (fo=16, routed)          0.499    14.511    storage_reg_0_15_0_5/WE
    SLICE_X88Y52         RAMD32                                       r  storage_reg_0_15_0_5/RAMB/WE
  -------------------------------------------------------------------    -------------------

                         (clock crg_clkout rise edge)
                                                     10.000    10.000 r  
    E3                                                0.000    10.000 r  clk100 (IN)
                         net (fo=0)                   0.000    10.000    clk100
    E3                   IBUF (Prop_ibuf_I_O)         1.411    11.411 r  clk100_IBUF_inst/O
                         net (fo=1, routed)           1.181    12.592    crg_clkin
    PLLE2_ADV_X1Y2       PLLE2_ADV (Prop_plle2_adv_CLKIN1_CLKOUT0)
                                                      0.083    12.675 r  PLLE2_ADV/CLKOUT0
                         net (fo=1, routed)           1.634    14.309    crg_clkout
    BUFGCTRL_X0Y16       BUFG (Prop_bufg_I_O)         0.091    14.400 r  BUFG/O
                         net (fo=1744, routed)        1.613    16.014    storage_reg_0_15_0_5/WCLK
    SLICE_X88Y52         RAMD32                                       r  storage_reg_0_15_0_5/RAMB/CLK
                         clock pessimism              0.311    16.325    
                         clock uncertainty           -0.057    16.268    
    SLICE_X88Y52         RAMD32 (Setup_ramd32_CLK_WE)
                                                     -0.528    15.740    storage_reg_0_15_0_5/RAMB
  -------------------------------------------------------------------
                         required time                         15.740    
                         arrival time                         -14.511    
  -------------------------------------------------------------------
                         slack                                  1.229    

Slack (MET) :             1.229ns  (required time - arrival time)
  Source:                 grant_reg/C
                            (rising edge-triggered cell FDRE clocked by crg_clkout  {rise@0.000ns fall@5.000ns period=10.000ns})
  Destination:            storage_reg_0_15_0_5/RAMB_D1/WE
                            (rising edge-triggered cell RAMD32 clocked by crg_clkout  {rise@0.000ns fall@5.000ns period=10.000ns})
  Path Group:             crg_clkout
  Path Type:              Setup (Max at Slow Process Corner)
  Requirement:            10.000ns  (crg_clkout rise@10.000ns - crg_clkout rise@0.000ns)
  Data Path Delay:        8.246ns  (logic 1.436ns (17.415%)  route 6.810ns (82.585%))
  Logic Levels:           6  (LUT3=2 LUT4=1 LUT5=1 LUT6=2)
  Clock Path Skew:        0.059ns (DCD - SCD + CPR)
    Destination Clock Delay (DCD):    6.014ns = ( 16.014 - 10.000 ) 
    Source Clock Delay      (SCD):    6.266ns
    Clock Pessimism Removal (CPR):    0.311ns
  Clock Uncertainty:      0.057ns  ((TSJ^2 + DJ^2)^1/2) / 2 + PE
    Total System Jitter     (TSJ):    0.071ns
    Discrete Jitter          (DJ):    0.089ns
    Phase Error              (PE):    0.000ns

    Location             Delay type                Incr(ns)  Path(ns)    Netlist Resource(s)
  -------------------------------------------------------------------    -------------------
                         (clock crg_clkout rise edge)
                                                      0.000     0.000 r  
    E3                                                0.000     0.000 r  clk100 (IN)
                         net (fo=0)                   0.000     0.000    clk100
    E3                   IBUF (Prop_ibuf_I_O)         1.482     1.482 r  clk100_IBUF_inst/O
                         net (fo=1, routed)           1.253     2.735    crg_clkin
    PLLE2_ADV_X1Y2       PLLE2_ADV (Prop_plle2_adv_CLKIN1_CLKOUT0)
                                                      0.088     2.823 r  PLLE2_ADV/CLKOUT0
                         net (fo=1, routed)           1.713     4.536    crg_clkout
    BUFGCTRL_X0Y16       BUFG (Prop_bufg_I_O)         0.096     4.632 r  BUFG/O
                         net (fo=1744, routed)        1.633     6.266    crg_clkout_buf
    SLICE_X67Y53         FDRE                                         r  grant_reg/C
  -------------------------------------------------------------------    -------------------
    SLICE_X67Y53         FDRE (Prop_fdre_C_Q)         0.456     6.722 r  grant_reg/Q
                         net (fo=108, routed)         1.669     8.391    VexRiscv/IBusCachedPlugin_cache/grant
    SLICE_X63Y67         LUT3 (Prop_lut3_I1_O)        0.124     8.515 f  VexRiscv/IBusCachedPlugin_cache/basesoc_basesoc_ram_bus_ack_i_4/O
                         net (fo=4, routed)           1.035     9.550    VexRiscv/IBusCachedPlugin_cache/basesoc_basesoc_ram_bus_ack_i_4_n_0
    SLICE_X62Y67         LUT6 (Prop_lut6_I1_O)        0.124     9.674 r  VexRiscv/IBusCachedPlugin_cache/slaves[2]_i_3/O
                         net (fo=1, routed)           0.427    10.101    VexRiscv/IBusCachedPlugin_cache/slaves[2]_i_3_n_0
    SLICE_X62Y68         LUT6 (Prop_lut6_I0_O)        0.124    10.225 f  VexRiscv/IBusCachedPlugin_cache/slaves[2]_i_2/O
                         net (fo=8, routed)           1.610    11.835    VexRiscv/IBusCachedPlugin_cache/master_reg[0]
    SLICE_X78Y55         LUT4 (Prop_lut4_I0_O)        0.124    11.959 f  VexRiscv/IBusCachedPlugin_cache/basesoc_timer_pending_re_i_2/O
                         net (fo=37, routed)          0.726    12.685    VexRiscv/IBusCachedPlugin_cache/basesoc_timer_pending_re_i_2_n_0
    SLICE_X81Y55         LUT5 (Prop_lut5_I3_O)        0.152    12.837 f  VexRiscv/IBusCachedPlugin_cache/storage_reg_0_15_0_5_i_8/O
                         net (fo=14, routed)          0.844    13.681    VexRiscv/IBusCachedPlugin_cache/storage_reg_0_15_0_5_i_8_n_0
    SLICE_X87Y52         LUT3 (Prop_lut3_I1_O)        0.332    14.013 r  VexRiscv/IBusCachedPlugin_cache/storage_reg_0_15_0_5_i_1/O
                         net (fo=16, routed)          0.499    14.511    storage_reg_0_15_0_5/WE
    SLICE_X88Y52         RAMD32                                       r  storage_reg_0_15_0_5/RAMB_D1/WE
  -------------------------------------------------------------------    -------------------

                         (clock crg_clkout rise edge)
                                                     10.000    10.000 r  
    E3                                                0.000    10.000 r  clk100 (IN)
                         net (fo=0)                   0.000    10.000    clk100
    E3                   IBUF (Prop_ibuf_I_O)         1.411    11.411 r  clk100_IBUF_inst/O
                         net (fo=1, routed)           1.181    12.592    crg_clkin
    PLLE2_ADV_X1Y2       PLLE2_ADV (Prop_plle2_adv_CLKIN1_CLKOUT0)
                                                      0.083    12.675 r  PLLE2_ADV/CLKOUT0
                         net (fo=1, routed)           1.634    14.309    crg_clkout
    BUFGCTRL_X0Y16       BUFG (Prop_bufg_I_O)         0.091    14.400 r  BUFG/O
                         net (fo=1744, routed)        1.613    16.014    storage_reg_0_15_0_5/WCLK
    SLICE_X88Y52         RAMD32                                       r  storage_reg_0_15_0_5/RAMB_D1/CLK
                         clock pessimism              0.311    16.325    
                         clock uncertainty           -0.057    16.268    
    SLICE_X88Y52         RAMD32 (Setup_ramd32_CLK_WE)
                                                     -0.528    15.740    storage_reg_0_15_0_5/RAMB_D1
  -------------------------------------------------------------------
                         required time                         15.740    
                         arrival time                         -14.511    
  -------------------------------------------------------------------
                         slack                                  1.229    

Slack (MET) :             1.229ns  (required time - arrival time)
  Source:                 grant_reg/C
                            (rising edge-triggered cell FDRE clocked by crg_clkout  {rise@0.000ns fall@5.000ns period=10.000ns})
  Destination:            storage_reg_0_15_0_5/RAMC/WE
                            (rising edge-triggered cell RAMD32 clocked by crg_clkout  {rise@0.000ns fall@5.000ns period=10.000ns})
  Path Group:             crg_clkout
  Path Type:              Setup (Max at Slow Process Corner)
  Requirement:            10.000ns  (crg_clkout rise@10.000ns - crg_clkout rise@0.000ns)
  Data Path Delay:        8.246ns  (logic 1.436ns (17.415%)  route 6.810ns (82.585%))
  Logic Levels:           6  (LUT3=2 LUT4=1 LUT5=1 LUT6=2)
  Clock Path Skew:        0.059ns (DCD - SCD + CPR)
    Destination Clock Delay (DCD):    6.014ns = ( 16.014 - 10.000 ) 
    Source Clock Delay      (SCD):    6.266ns
    Clock Pessimism Removal (CPR):    0.311ns
  Clock Uncertainty:      0.057ns  ((TSJ^2 + DJ^2)^1/2) / 2 + PE
    Total System Jitter     (TSJ):    0.071ns
    Discrete Jitter          (DJ):    0.089ns
    Phase Error              (PE):    0.000ns

    Location             Delay type                Incr(ns)  Path(ns)    Netlist Resource(s)
  -------------------------------------------------------------------    -------------------
                         (clock crg_clkout rise edge)
                                                      0.000     0.000 r  
    E3                                                0.000     0.000 r  clk100 (IN)
                         net (fo=0)                   0.000     0.000    clk100
    E3                   IBUF (Prop_ibuf_I_O)         1.482     1.482 r  clk100_IBUF_inst/O
                         net (fo=1, routed)           1.253     2.735    crg_clkin
    PLLE2_ADV_X1Y2       PLLE2_ADV (Prop_plle2_adv_CLKIN1_CLKOUT0)
                                                      0.088     2.823 r  PLLE2_ADV/CLKOUT0
                         net (fo=1, routed)           1.713     4.536    crg_clkout
    BUFGCTRL_X0Y16       BUFG (Prop_bufg_I_O)         0.096     4.632 r  BUFG/O
                         net (fo=1744, routed)        1.633     6.266    crg_clkout_buf
    SLICE_X67Y53         FDRE                                         r  grant_reg/C
  -------------------------------------------------------------------    -------------------
    SLICE_X67Y53         FDRE (Prop_fdre_C_Q)         0.456     6.722 r  grant_reg/Q
                         net (fo=108, routed)         1.669     8.391    VexRiscv/IBusCachedPlugin_cache/grant
    SLICE_X63Y67         LUT3 (Prop_lut3_I1_O)        0.124     8.515 f  VexRiscv/IBusCachedPlugin_cache/basesoc_basesoc_ram_bus_ack_i_4/O
                         net (fo=4, routed)           1.035     9.550    VexRiscv/IBusCachedPlugin_cache/basesoc_basesoc_ram_bus_ack_i_4_n_0
    SLICE_X62Y67         LUT6 (Prop_lut6_I1_O)        0.124     9.674 r  VexRiscv/IBusCachedPlugin_cache/slaves[2]_i_3/O
                         net (fo=1, routed)           0.427    10.101    VexRiscv/IBusCachedPlugin_cache/slaves[2]_i_3_n_0
    SLICE_X62Y68         LUT6 (Prop_lut6_I0_O)        0.124    10.225 f  VexRiscv/IBusCachedPlugin_cache/slaves[2]_i_2/O
                         net (fo=8, routed)           1.610    11.835    VexRiscv/IBusCachedPlugin_cache/master_reg[0]
    SLICE_X78Y55         LUT4 (Prop_lut4_I0_O)        0.124    11.959 f  VexRiscv/IBusCachedPlugin_cache/basesoc_timer_pending_re_i_2/O
                         net (fo=37, routed)          0.726    12.685    VexRiscv/IBusCachedPlugin_cache/basesoc_timer_pending_re_i_2_n_0
    SLICE_X81Y55         LUT5 (Prop_lut5_I3_O)        0.152    12.837 f  VexRiscv/IBusCachedPlugin_cache/storage_reg_0_15_0_5_i_8/O
                         net (fo=14, routed)          0.844    13.681    VexRiscv/IBusCachedPlugin_cache/storage_reg_0_15_0_5_i_8_n_0
    SLICE_X87Y52         LUT3 (Prop_lut3_I1_O)        0.332    14.013 r  VexRiscv/IBusCachedPlugin_cache/storage_reg_0_15_0_5_i_1/O
                         net (fo=16, routed)          0.499    14.511    storage_reg_0_15_0_5/WE
    SLICE_X88Y52         RAMD32                                       r  storage_reg_0_15_0_5/RAMC/WE
  -------------------------------------------------------------------    -------------------

                         (clock crg_clkout rise edge)
                                                     10.000    10.000 r  
    E3                                                0.000    10.000 r  clk100 (IN)
                         net (fo=0)                   0.000    10.000    clk100
    E3                   IBUF (Prop_ibuf_I_O)         1.411    11.411 r  clk100_IBUF_inst/O
                         net (fo=1, routed)           1.181    12.592    crg_clkin
    PLLE2_ADV_X1Y2       PLLE2_ADV (Prop_plle2_adv_CLKIN1_CLKOUT0)
                                                      0.083    12.675 r  PLLE2_ADV/CLKOUT0
                         net (fo=1, routed)           1.634    14.309    crg_clkout
    BUFGCTRL_X0Y16       BUFG (Prop_bufg_I_O)         0.091    14.400 r  BUFG/O
                         net (fo=1744, routed)        1.613    16.014    storage_reg_0_15_0_5/WCLK
    SLICE_X88Y52         RAMD32                                       r  storage_reg_0_15_0_5/RAMC/CLK
                         clock pessimism              0.311    16.325    
                         clock uncertainty           -0.057    16.268    
    SLICE_X88Y52         RAMD32 (Setup_ramd32_CLK_WE)
                                                     -0.528    15.740    storage_reg_0_15_0_5/RAMC
  -------------------------------------------------------------------
                         required time                         15.740    
                         arrival time                         -14.511    
  -------------------------------------------------------------------
                         slack                                  1.229    

Slack (MET) :             1.229ns  (required time - arrival time)
  Source:                 grant_reg/C
                            (rising edge-triggered cell FDRE clocked by crg_clkout  {rise@0.000ns fall@5.000ns period=10.000ns})
  Destination:            storage_reg_0_15_0_5/RAMC_D1/WE
                            (rising edge-triggered cell RAMD32 clocked by crg_clkout  {rise@0.000ns fall@5.000ns period=10.000ns})
  Path Group:             crg_clkout
  Path Type:              Setup (Max at Slow Process Corner)
  Requirement:            10.000ns  (crg_clkout rise@10.000ns - crg_clkout rise@0.000ns)
  Data Path Delay:        8.246ns  (logic 1.436ns (17.415%)  route 6.810ns (82.585%))
  Logic Levels:           6  (LUT3=2 LUT4=1 LUT5=1 LUT6=2)
  Clock Path Skew:        0.059ns (DCD - SCD + CPR)
    Destination Clock Delay (DCD):    6.014ns = ( 16.014 - 10.000 ) 
    Source Clock Delay      (SCD):    6.266ns
    Clock Pessimism Removal (CPR):    0.311ns
  Clock Uncertainty:      0.057ns  ((TSJ^2 + DJ^2)^1/2) / 2 + PE
    Total System Jitter     (TSJ):    0.071ns
    Discrete Jitter          (DJ):    0.089ns
    Phase Error              (PE):    0.000ns

    Location             Delay type                Incr(ns)  Path(ns)    Netlist Resource(s)
  -------------------------------------------------------------------    -------------------
                         (clock crg_clkout rise edge)
                                                      0.000     0.000 r  
    E3                                                0.000     0.000 r  clk100 (IN)
                         net (fo=0)                   0.000     0.000    clk100
    E3                   IBUF (Prop_ibuf_I_O)         1.482     1.482 r  clk100_IBUF_inst/O
                         net (fo=1, routed)           1.253     2.735    crg_clkin
    PLLE2_ADV_X1Y2       PLLE2_ADV (Prop_plle2_adv_CLKIN1_CLKOUT0)
                                                      0.088     2.823 r  PLLE2_ADV/CLKOUT0
                         net (fo=1, routed)           1.713     4.536    crg_clkout
    BUFGCTRL_X0Y16       BUFG (Prop_bufg_I_O)         0.096     4.632 r  BUFG/O
                         net (fo=1744, routed)        1.633     6.266    crg_clkout_buf
    SLICE_X67Y53         FDRE                                         r  grant_reg/C
  -------------------------------------------------------------------    -------------------
    SLICE_X67Y53         FDRE (Prop_fdre_C_Q)         0.456     6.722 r  grant_reg/Q
                         net (fo=108, routed)         1.669     8.391    VexRiscv/IBusCachedPlugin_cache/grant
    SLICE_X63Y67         LUT3 (Prop_lut3_I1_O)        0.124     8.515 f  VexRiscv/IBusCachedPlugin_cache/basesoc_basesoc_ram_bus_ack_i_4/O
                         net (fo=4, routed)           1.035     9.550    VexRiscv/IBusCachedPlugin_cache/basesoc_basesoc_ram_bus_ack_i_4_n_0
    SLICE_X62Y67         LUT6 (Prop_lut6_I1_O)        0.124     9.674 r  VexRiscv/IBusCachedPlugin_cache/slaves[2]_i_3/O
                         net (fo=1, routed)           0.427    10.101    VexRiscv/IBusCachedPlugin_cache/slaves[2]_i_3_n_0
    SLICE_X62Y68         LUT6 (Prop_lut6_I0_O)        0.124    10.225 f  VexRiscv/IBusCachedPlugin_cache/slaves[2]_i_2/O
                         net (fo=8, routed)           1.610    11.835    VexRiscv/IBusCachedPlugin_cache/master_reg[0]
    SLICE_X78Y55         LUT4 (Prop_lut4_I0_O)        0.124    11.959 f  VexRiscv/IBusCachedPlugin_cache/basesoc_timer_pending_re_i_2/O
                         net (fo=37, routed)          0.726    12.685    VexRiscv/IBusCachedPlugin_cache/basesoc_timer_pending_re_i_2_n_0
    SLICE_X81Y55         LUT5 (Prop_lut5_I3_O)        0.152    12.837 f  VexRiscv/IBusCachedPlugin_cache/storage_reg_0_15_0_5_i_8/O
                         net (fo=14, routed)          0.844    13.681    VexRiscv/IBusCachedPlugin_cache/storage_reg_0_15_0_5_i_8_n_0
    SLICE_X87Y52         LUT3 (Prop_lut3_I1_O)        0.332    14.013 r  VexRiscv/IBusCachedPlugin_cache/storage_reg_0_15_0_5_i_1/O
                         net (fo=16, routed)          0.499    14.511    storage_reg_0_15_0_5/WE
    SLICE_X88Y52         RAMD32                                       r  storage_reg_0_15_0_5/RAMC_D1/WE
  -------------------------------------------------------------------    -------------------

                         (clock crg_clkout rise edge)
                                                     10.000    10.000 r  
    E3                                                0.000    10.000 r  clk100 (IN)
                         net (fo=0)                   0.000    10.000    clk100
    E3                   IBUF (Prop_ibuf_I_O)         1.411    11.411 r  clk100_IBUF_inst/O
                         net (fo=1, routed)           1.181    12.592    crg_clkin
    PLLE2_ADV_X1Y2       PLLE2_ADV (Prop_plle2_adv_CLKIN1_CLKOUT0)
                                                      0.083    12.675 r  PLLE2_ADV/CLKOUT0
                         net (fo=1, routed)           1.634    14.309    crg_clkout
    BUFGCTRL_X0Y16       BUFG (Prop_bufg_I_O)         0.091    14.400 r  BUFG/O
                         net (fo=1744, routed)        1.613    16.014    storage_reg_0_15_0_5/WCLK
    SLICE_X88Y52         RAMD32                                       r  storage_reg_0_15_0_5/RAMC_D1/CLK
                         clock pessimism              0.311    16.325    
                         clock uncertainty           -0.057    16.268    
    SLICE_X88Y52         RAMD32 (Setup_ramd32_CLK_WE)
                                                     -0.528    15.740    storage_reg_0_15_0_5/RAMC_D1
  -------------------------------------------------------------------
                         required time                         15.740    
                         arrival time                         -14.511    
  -------------------------------------------------------------------
                         slack                                  1.229    

Slack (MET) :             1.229ns  (required time - arrival time)
  Source:                 grant_reg/C
                            (rising edge-triggered cell FDRE clocked by crg_clkout  {rise@0.000ns fall@5.000ns period=10.000ns})
  Destination:            storage_reg_0_15_0_5/RAMD/WE
                            (rising edge-triggered cell RAMS32 clocked by crg_clkout  {rise@0.000ns fall@5.000ns period=10.000ns})
  Path Group:             crg_clkout
  Path Type:              Setup (Max at Slow Process Corner)
  Requirement:            10.000ns  (crg_clkout rise@10.000ns - crg_clkout rise@0.000ns)
  Data Path Delay:        8.246ns  (logic 1.436ns (17.415%)  route 6.810ns (82.585%))
  Logic Levels:           6  (LUT3=2 LUT4=1 LUT5=1 LUT6=2)
  Clock Path Skew:        0.059ns (DCD - SCD + CPR)
    Destination Clock Delay (DCD):    6.014ns = ( 16.014 - 10.000 ) 
    Source Clock Delay      (SCD):    6.266ns
    Clock Pessimism Removal (CPR):    0.311ns
  Clock Uncertainty:      0.057ns  ((TSJ^2 + DJ^2)^1/2) / 2 + PE
    Total System Jitter     (TSJ):    0.071ns
    Discrete Jitter          (DJ):    0.089ns
    Phase Error              (PE):    0.000ns

    Location             Delay type                Incr(ns)  Path(ns)    Netlist Resource(s)
  -------------------------------------------------------------------    -------------------
                         (clock crg_clkout rise edge)
                                                      0.000     0.000 r  
    E3                                                0.000     0.000 r  clk100 (IN)
                         net (fo=0)                   0.000     0.000    clk100
    E3                   IBUF (Prop_ibuf_I_O)         1.482     1.482 r  clk100_IBUF_inst/O
                         net (fo=1, routed)           1.253     2.735    crg_clkin
    PLLE2_ADV_X1Y2       PLLE2_ADV (Prop_plle2_adv_CLKIN1_CLKOUT0)
                                                      0.088     2.823 r  PLLE2_ADV/CLKOUT0
                         net (fo=1, routed)           1.713     4.536    crg_clkout
    BUFGCTRL_X0Y16       BUFG (Prop_bufg_I_O)         0.096     4.632 r  BUFG/O
                         net (fo=1744, routed)        1.633     6.266    crg_clkout_buf
    SLICE_X67Y53         FDRE                                         r  grant_reg/C
  -------------------------------------------------------------------    -------------------
    SLICE_X67Y53         FDRE (Prop_fdre_C_Q)         0.456     6.722 r  grant_reg/Q
                         net (fo=108, routed)         1.669     8.391    VexRiscv/IBusCachedPlugin_cache/grant
    SLICE_X63Y67         LUT3 (Prop_lut3_I1_O)        0.124     8.515 f  VexRiscv/IBusCachedPlugin_cache/basesoc_basesoc_ram_bus_ack_i_4/O
                         net (fo=4, routed)           1.035     9.550    VexRiscv/IBusCachedPlugin_cache/basesoc_basesoc_ram_bus_ack_i_4_n_0
    SLICE_X62Y67         LUT6 (Prop_lut6_I1_O)        0.124     9.674 r  VexRiscv/IBusCachedPlugin_cache/slaves[2]_i_3/O
                         net (fo=1, routed)           0.427    10.101    VexRiscv/IBusCachedPlugin_cache/slaves[2]_i_3_n_0
    SLICE_X62Y68         LUT6 (Prop_lut6_I0_O)        0.124    10.225 f  VexRiscv/IBusCachedPlugin_cache/slaves[2]_i_2/O
                         net (fo=8, routed)           1.610    11.835    VexRiscv/IBusCachedPlugin_cache/master_reg[0]
    SLICE_X78Y55         LUT4 (Prop_lut4_I0_O)        0.124    11.959 f  VexRiscv/IBusCachedPlugin_cache/basesoc_timer_pending_re_i_2/O
                         net (fo=37, routed)          0.726    12.685    VexRiscv/IBusCachedPlugin_cache/basesoc_timer_pending_re_i_2_n_0
    SLICE_X81Y55         LUT5 (Prop_lut5_I3_O)        0.152    12.837 f  VexRiscv/IBusCachedPlugin_cache/storage_reg_0_15_0_5_i_8/O
                         net (fo=14, routed)          0.844    13.681    VexRiscv/IBusCachedPlugin_cache/storage_reg_0_15_0_5_i_8_n_0
    SLICE_X87Y52         LUT3 (Prop_lut3_I1_O)        0.332    14.013 r  VexRiscv/IBusCachedPlugin_cache/storage_reg_0_15_0_5_i_1/O
                         net (fo=16, routed)          0.499    14.511    storage_reg_0_15_0_5/WE
    SLICE_X88Y52         RAMS32                                       r  storage_reg_0_15_0_5/RAMD/WE
  -------------------------------------------------------------------    -------------------

                         (clock crg_clkout rise edge)
                                                     10.000    10.000 r  
    E3                                                0.000    10.000 r  clk100 (IN)
                         net (fo=0)                   0.000    10.000    clk100
    E3                   IBUF (Prop_ibuf_I_O)         1.411    11.411 r  clk100_IBUF_inst/O
                         net (fo=1, routed)           1.181    12.592    crg_clkin
    PLLE2_ADV_X1Y2       PLLE2_ADV (Prop_plle2_adv_CLKIN1_CLKOUT0)
                                                      0.083    12.675 r  PLLE2_ADV/CLKOUT0
                         net (fo=1, routed)           1.634    14.309    crg_clkout
    BUFGCTRL_X0Y16       BUFG (Prop_bufg_I_O)         0.091    14.400 r  BUFG/O
                         net (fo=1744, routed)        1.613    16.014    storage_reg_0_15_0_5/WCLK
    SLICE_X88Y52         RAMS32                                       r  storage_reg_0_15_0_5/RAMD/CLK
                         clock pessimism              0.311    16.325    
                         clock uncertainty           -0.057    16.268    
    SLICE_X88Y52         RAMS32 (Setup_rams32_CLK_WE)
                                                     -0.528    15.740    storage_reg_0_15_0_5/RAMD
  -------------------------------------------------------------------
                         required time                         15.740    
                         arrival time                         -14.511    
  -------------------------------------------------------------------
                         slack                                  1.229    

Slack (MET) :             1.229ns  (required time - arrival time)
  Source:                 grant_reg/C
                            (rising edge-triggered cell FDRE clocked by crg_clkout  {rise@0.000ns fall@5.000ns period=10.000ns})
  Destination:            storage_reg_0_15_0_5/RAMD_D1/WE
                            (rising edge-triggered cell RAMS32 clocked by crg_clkout  {rise@0.000ns fall@5.000ns period=10.000ns})
  Path Group:             crg_clkout
  Path Type:              Setup (Max at Slow Process Corner)
  Requirement:            10.000ns  (crg_clkout rise@10.000ns - crg_clkout rise@0.000ns)
  Data Path Delay:        8.246ns  (logic 1.436ns (17.415%)  route 6.810ns (82.585%))
  Logic Levels:           6  (LUT3=2 LUT4=1 LUT5=1 LUT6=2)
  Clock Path Skew:        0.059ns (DCD - SCD + CPR)
    Destination Clock Delay (DCD):    6.014ns = ( 16.014 - 10.000 ) 
    Source Clock Delay      (SCD):    6.266ns
    Clock Pessimism Removal (CPR):    0.311ns
  Clock Uncertainty:      0.057ns  ((TSJ^2 + DJ^2)^1/2) / 2 + PE
    Total System Jitter     (TSJ):    0.071ns
    Discrete Jitter          (DJ):    0.089ns
    Phase Error              (PE):    0.000ns

    Location             Delay type                Incr(ns)  Path(ns)    Netlist Resource(s)
  -------------------------------------------------------------------    -------------------
                         (clock crg_clkout rise edge)
                                                      0.000     0.000 r  
    E3                                                0.000     0.000 r  clk100 (IN)
                         net (fo=0)                   0.000     0.000    clk100
    E3                   IBUF (Prop_ibuf_I_O)         1.482     1.482 r  clk100_IBUF_inst/O
                         net (fo=1, routed)           1.253     2.735    crg_clkin
    PLLE2_ADV_X1Y2       PLLE2_ADV (Prop_plle2_adv_CLKIN1_CLKOUT0)
                                                      0.088     2.823 r  PLLE2_ADV/CLKOUT0
                         net (fo=1, routed)           1.713     4.536    crg_clkout
    BUFGCTRL_X0Y16       BUFG (Prop_bufg_I_O)         0.096     4.632 r  BUFG/O
                         net (fo=1744, routed)        1.633     6.266    crg_clkout_buf
    SLICE_X67Y53         FDRE                                         r  grant_reg/C
  -------------------------------------------------------------------    -------------------
    SLICE_X67Y53         FDRE (Prop_fdre_C_Q)         0.456     6.722 r  grant_reg/Q
                         net (fo=108, routed)         1.669     8.391    VexRiscv/IBusCachedPlugin_cache/grant
    SLICE_X63Y67         LUT3 (Prop_lut3_I1_O)        0.124     8.515 f  VexRiscv/IBusCachedPlugin_cache/basesoc_basesoc_ram_bus_ack_i_4/O
                         net (fo=4, routed)           1.035     9.550    VexRiscv/IBusCachedPlugin_cache/basesoc_basesoc_ram_bus_ack_i_4_n_0
    SLICE_X62Y67         LUT6 (Prop_lut6_I1_O)        0.124     9.674 r  VexRiscv/IBusCachedPlugin_cache/slaves[2]_i_3/O
                         net (fo=1, routed)           0.427    10.101    VexRiscv/IBusCachedPlugin_cache/slaves[2]_i_3_n_0
    SLICE_X62Y68         LUT6 (Prop_lut6_I0_O)        0.124    10.225 f  VexRiscv/IBusCachedPlugin_cache/slaves[2]_i_2/O
                         net (fo=8, routed)           1.610    11.835    VexRiscv/IBusCachedPlugin_cache/master_reg[0]
    SLICE_X78Y55         LUT4 (Prop_lut4_I0_O)        0.124    11.959 f  VexRiscv/IBusCachedPlugin_cache/basesoc_timer_pending_re_i_2/O
                         net (fo=37, routed)          0.726    12.685    VexRiscv/IBusCachedPlugin_cache/basesoc_timer_pending_re_i_2_n_0
    SLICE_X81Y55         LUT5 (Prop_lut5_I3_O)        0.152    12.837 f  VexRiscv/IBusCachedPlugin_cache/storage_reg_0_15_0_5_i_8/O
                         net (fo=14, routed)          0.844    13.681    VexRiscv/IBusCachedPlugin_cache/storage_reg_0_15_0_5_i_8_n_0
    SLICE_X87Y52         LUT3 (Prop_lut3_I1_O)        0.332    14.013 r  VexRiscv/IBusCachedPlugin_cache/storage_reg_0_15_0_5_i_1/O
                         net (fo=16, routed)          0.499    14.511    storage_reg_0_15_0_5/WE
    SLICE_X88Y52         RAMS32                                       r  storage_reg_0_15_0_5/RAMD_D1/WE
  -------------------------------------------------------------------    -------------------

                         (clock crg_clkout rise edge)
                                                     10.000    10.000 r  
    E3                                                0.000    10.000 r  clk100 (IN)
                         net (fo=0)                   0.000    10.000    clk100
    E3                   IBUF (Prop_ibuf_I_O)         1.411    11.411 r  clk100_IBUF_inst/O
                         net (fo=1, routed)           1.181    12.592    crg_clkin
    PLLE2_ADV_X1Y2       PLLE2_ADV (Prop_plle2_adv_CLKIN1_CLKOUT0)
                                                      0.083    12.675 r  PLLE2_ADV/CLKOUT0
                         net (fo=1, routed)           1.634    14.309    crg_clkout
    BUFGCTRL_X0Y16       BUFG (Prop_bufg_I_O)         0.091    14.400 r  BUFG/O
                         net (fo=1744, routed)        1.613    16.014    storage_reg_0_15_0_5/WCLK
    SLICE_X88Y52         RAMS32                                       r  storage_reg_0_15_0_5/RAMD_D1/CLK
                         clock pessimism              0.311    16.325    
                         clock uncertainty           -0.057    16.268    
    SLICE_X88Y52         RAMS32 (Setup_rams32_CLK_WE)
                                                     -0.528    15.740    storage_reg_0_15_0_5/RAMD_D1
  -------------------------------------------------------------------
                         required time                         15.740    
                         arrival time                         -14.511    
  -------------------------------------------------------------------
                         slack                                  1.229    

Slack (MET) :             1.238ns  (required time - arrival time)
  Source:                 grant_reg/C
                            (rising edge-triggered cell FDRE clocked by crg_clkout  {rise@0.000ns fall@5.000ns period=10.000ns})
  Destination:            storage_reg_0_15_6_9/DP/WE
                            (rising edge-triggered cell RAMD32 clocked by crg_clkout  {rise@0.000ns fall@5.000ns period=10.000ns})
  Path Group:             crg_clkout
  Path Type:              Setup (Max at Slow Process Corner)
  Requirement:            10.000ns  (crg_clkout rise@10.000ns - crg_clkout rise@0.000ns)
  Data Path Delay:        8.236ns  (logic 1.436ns (17.436%)  route 6.800ns (82.564%))
  Logic Levels:           6  (LUT3=2 LUT4=1 LUT5=1 LUT6=2)
  Clock Path Skew:        0.058ns (DCD - SCD + CPR)
    Destination Clock Delay (DCD):    6.013ns = ( 16.013 - 10.000 ) 
    Source Clock Delay      (SCD):    6.266ns
    Clock Pessimism Removal (CPR):    0.311ns
  Clock Uncertainty:      0.057ns  ((TSJ^2 + DJ^2)^1/2) / 2 + PE
    Total System Jitter     (TSJ):    0.071ns
    Discrete Jitter          (DJ):    0.089ns
    Phase Error              (PE):    0.000ns

    Location             Delay type                Incr(ns)  Path(ns)    Netlist Resource(s)
  -------------------------------------------------------------------    -------------------
                         (clock crg_clkout rise edge)
                                                      0.000     0.000 r  
    E3                                                0.000     0.000 r  clk100 (IN)
                         net (fo=0)                   0.000     0.000    clk100
    E3                   IBUF (Prop_ibuf_I_O)         1.482     1.482 r  clk100_IBUF_inst/O
                         net (fo=1, routed)           1.253     2.735    crg_clkin
    PLLE2_ADV_X1Y2       PLLE2_ADV (Prop_plle2_adv_CLKIN1_CLKOUT0)
                                                      0.088     2.823 r  PLLE2_ADV/CLKOUT0
                         net (fo=1, routed)           1.713     4.536    crg_clkout
    BUFGCTRL_X0Y16       BUFG (Prop_bufg_I_O)         0.096     4.632 r  BUFG/O
                         net (fo=1744, routed)        1.633     6.266    crg_clkout_buf
    SLICE_X67Y53         FDRE                                         r  grant_reg/C
  -------------------------------------------------------------------    -------------------
    SLICE_X67Y53         FDRE (Prop_fdre_C_Q)         0.456     6.722 r  grant_reg/Q
                         net (fo=108, routed)         1.669     8.391    VexRiscv/IBusCachedPlugin_cache/grant
    SLICE_X63Y67         LUT3 (Prop_lut3_I1_O)        0.124     8.515 f  VexRiscv/IBusCachedPlugin_cache/basesoc_basesoc_ram_bus_ack_i_4/O
                         net (fo=4, routed)           1.035     9.550    VexRiscv/IBusCachedPlugin_cache/basesoc_basesoc_ram_bus_ack_i_4_n_0
    SLICE_X62Y67         LUT6 (Prop_lut6_I1_O)        0.124     9.674 r  VexRiscv/IBusCachedPlugin_cache/slaves[2]_i_3/O
                         net (fo=1, routed)           0.427    10.101    VexRiscv/IBusCachedPlugin_cache/slaves[2]_i_3_n_0
    SLICE_X62Y68         LUT6 (Prop_lut6_I0_O)        0.124    10.225 f  VexRiscv/IBusCachedPlugin_cache/slaves[2]_i_2/O
                         net (fo=8, routed)           1.610    11.835    VexRiscv/IBusCachedPlugin_cache/master_reg[0]
    SLICE_X78Y55         LUT4 (Prop_lut4_I0_O)        0.124    11.959 f  VexRiscv/IBusCachedPlugin_cache/basesoc_timer_pending_re_i_2/O
                         net (fo=37, routed)          0.726    12.685    VexRiscv/IBusCachedPlugin_cache/basesoc_timer_pending_re_i_2_n_0
    SLICE_X81Y55         LUT5 (Prop_lut5_I3_O)        0.152    12.837 f  VexRiscv/IBusCachedPlugin_cache/storage_reg_0_15_0_5_i_8/O
                         net (fo=14, routed)          0.844    13.681    VexRiscv/IBusCachedPlugin_cache/storage_reg_0_15_0_5_i_8_n_0
    SLICE_X87Y52         LUT3 (Prop_lut3_I1_O)        0.332    14.013 r  VexRiscv/IBusCachedPlugin_cache/storage_reg_0_15_0_5_i_1/O
                         net (fo=16, routed)          0.489    14.501    storage_reg_0_15_6_9/WE
    SLICE_X88Y53         RAMD32                                       r  storage_reg_0_15_6_9/DP/WE
  -------------------------------------------------------------------    -------------------

                         (clock crg_clkout rise edge)
                                                     10.000    10.000 r  
    E3                                                0.000    10.000 r  clk100 (IN)
                         net (fo=0)                   0.000    10.000    clk100
    E3                   IBUF (Prop_ibuf_I_O)         1.411    11.411 r  clk100_IBUF_inst/O
                         net (fo=1, routed)           1.181    12.592    crg_clkin
    PLLE2_ADV_X1Y2       PLLE2_ADV (Prop_plle2_adv_CLKIN1_CLKOUT0)
                                                      0.083    12.675 r  PLLE2_ADV/CLKOUT0
                         net (fo=1, routed)           1.634    14.309    crg_clkout
    BUFGCTRL_X0Y16       BUFG (Prop_bufg_I_O)         0.091    14.400 r  BUFG/O
                         net (fo=1744, routed)        1.612    16.013    storage_reg_0_15_6_9/WCLK
    SLICE_X88Y53         RAMD32                                       r  storage_reg_0_15_6_9/DP/CLK
                         clock pessimism              0.311    16.324    
                         clock uncertainty           -0.057    16.267    
    SLICE_X88Y53         RAMD32 (Setup_ramd32_CLK_WE)
                                                     -0.528    15.739    storage_reg_0_15_6_9/DP
  -------------------------------------------------------------------
                         required time                         15.739    
                         arrival time                         -14.501    
  -------------------------------------------------------------------
                         slack                                  1.238    





Min Delay Paths
--------------------------------------------------------------------------------------
Slack (MET) :             0.047ns  (arrival time - required time)
  Source:                 VexRiscv/dataCache_1/stageB_mmuRsp_physicalAddress_reg[19]/C
                            (rising edge-triggered cell FDRE clocked by crg_clkout  {rise@0.000ns fall@5.000ns period=10.000ns})
  Destination:            VexRiscv/dataCache_1/ways_0_tags_reg/DIADI[9]
                            (rising edge-triggered cell RAMB18E1 clocked by crg_clkout  {rise@0.000ns fall@5.000ns period=10.000ns})
  Path Group:             crg_clkout
  Path Type:              Hold (Min at Fast Process Corner)
  Requirement:            0.000ns  (crg_clkout rise@0.000ns - crg_clkout rise@0.000ns)
  Data Path Delay:        0.258ns  (logic 0.141ns (54.717%)  route 0.117ns (45.283%))
  Logic Levels:           0  
  Clock Path Skew:        0.055ns (DCD - SCD - CPR)
    Destination Clock Delay (DCD):    2.434ns
    Source Clock Delay      (SCD):    1.843ns
    Clock Pessimism Removal (CPR):    0.535ns

    Location             Delay type                Incr(ns)  Path(ns)    Netlist Resource(s)
  -------------------------------------------------------------------    -------------------
                         (clock crg_clkout rise edge)
                                                      0.000     0.000 r  
    E3                                                0.000     0.000 r  clk100 (IN)
                         net (fo=0)                   0.000     0.000    clk100
    E3                   IBUF (Prop_ibuf_I_O)         0.250     0.250 r  clk100_IBUF_inst/O
                         net (fo=1, routed)           0.440     0.690    crg_clkin
    PLLE2_ADV_X1Y2       PLLE2_ADV (Prop_plle2_adv_CLKIN1_CLKOUT0)
                                                      0.050     0.740 r  PLLE2_ADV/CLKOUT0
                         net (fo=1, routed)           0.514     1.254    crg_clkout
    BUFGCTRL_X0Y16       BUFG (Prop_bufg_I_O)         0.026     1.280 r  BUFG/O
                         net (fo=1744, routed)        0.564     1.843    VexRiscv/dataCache_1/crg_clkout_buf
    SLICE_X63Y65         FDRE                                         r  VexRiscv/dataCache_1/stageB_mmuRsp_physicalAddress_reg[19]/C
  -------------------------------------------------------------------    -------------------
    SLICE_X63Y65         FDRE (Prop_fdre_C_Q)         0.141     1.984 r  VexRiscv/dataCache_1/stageB_mmuRsp_physicalAddress_reg[19]/Q
                         net (fo=3, routed)           0.117     2.101    VexRiscv/dataCache_1/dataCache_1_io_mem_cmd_payload_address[17]
    RAMB18_X1Y26         RAMB18E1                                     r  VexRiscv/dataCache_1/ways_0_tags_reg/DIADI[9]
  -------------------------------------------------------------------    -------------------

                         (clock crg_clkout rise edge)
                                                      0.000     0.000 r  
    E3                                                0.000     0.000 r  clk100 (IN)
                         net (fo=0)                   0.000     0.000    clk100
    E3                   IBUF (Prop_ibuf_I_O)         0.438     0.438 r  clk100_IBUF_inst/O
                         net (fo=1, routed)           0.481     0.919    crg_clkin
    PLLE2_ADV_X1Y2       PLLE2_ADV (Prop_plle2_adv_CLKIN1_CLKOUT0)
                                                      0.053     0.972 r  PLLE2_ADV/CLKOUT0
                         net (fo=1, routed)           0.560     1.531    crg_clkout
    BUFGCTRL_X0Y16       BUFG (Prop_bufg_I_O)         0.029     1.560 r  BUFG/O
                         net (fo=1744, routed)        0.874     2.434    VexRiscv/dataCache_1/crg_clkout_buf
    RAMB18_X1Y26         RAMB18E1                                     r  VexRiscv/dataCache_1/ways_0_tags_reg/CLKBWRCLK
                         clock pessimism             -0.535     1.899    
    RAMB18_X1Y26         RAMB18E1 (Hold_ramb18e1_CLKBWRCLK_DIADI[9])
                                                      0.155     2.054    VexRiscv/dataCache_1/ways_0_tags_reg
  -------------------------------------------------------------------
                         required time                         -2.054    
                         arrival time                           2.101    
  -------------------------------------------------------------------
                         slack                                  0.047    

Slack (MET) :             0.047ns  (arrival time - required time)
  Source:                 VexRiscv/IBusCachedPlugin_cache/lineLoader_address_reg[15]/C
                            (rising edge-triggered cell FDRE clocked by crg_clkout  {rise@0.000ns fall@5.000ns period=10.000ns})
  Destination:            VexRiscv/IBusCachedPlugin_cache/ways_0_tags_reg/DIADI[5]
                            (rising edge-triggered cell RAMB18E1 clocked by crg_clkout  {rise@0.000ns fall@5.000ns period=10.000ns})
  Path Group:             crg_clkout
  Path Type:              Hold (Min at Fast Process Corner)
  Requirement:            0.000ns  (crg_clkout rise@0.000ns - crg_clkout rise@0.000ns)
  Data Path Delay:        0.260ns  (logic 0.141ns (54.277%)  route 0.119ns (45.723%))
  Logic Levels:           0  
  Clock Path Skew:        0.057ns (DCD - SCD - CPR)
    Destination Clock Delay (DCD):    2.462ns
    Source Clock Delay      (SCD):    1.868ns
    Clock Pessimism Removal (CPR):    0.536ns

    Location             Delay type                Incr(ns)  Path(ns)    Netlist Resource(s)
  -------------------------------------------------------------------    -------------------
                         (clock crg_clkout rise edge)
                                                      0.000     0.000 r  
    E3                                                0.000     0.000 r  clk100 (IN)
                         net (fo=0)                   0.000     0.000    clk100
    E3                   IBUF (Prop_ibuf_I_O)         0.250     0.250 r  clk100_IBUF_inst/O
                         net (fo=1, routed)           0.440     0.690    crg_clkin
    PLLE2_ADV_X1Y2       PLLE2_ADV (Prop_plle2_adv_CLKIN1_CLKOUT0)
                                                      0.050     0.740 r  PLLE2_ADV/CLKOUT0
                         net (fo=1, routed)           0.514     1.254    crg_clkout
    BUFGCTRL_X0Y16       BUFG (Prop_bufg_I_O)         0.026     1.280 r  BUFG/O
                         net (fo=1744, routed)        0.589     1.868    VexRiscv/IBusCachedPlugin_cache/crg_clkout_buf
    SLICE_X72Y67         FDRE                                         r  VexRiscv/IBusCachedPlugin_cache/lineLoader_address_reg[15]/C
  -------------------------------------------------------------------    -------------------
    SLICE_X72Y67         FDRE (Prop_fdre_C_Q)         0.141     2.009 r  VexRiscv/IBusCachedPlugin_cache/lineLoader_address_reg[15]/Q
                         net (fo=2, routed)           0.119     2.128    VexRiscv/IBusCachedPlugin_cache/lineLoader_address[15]
    RAMB18_X2Y26         RAMB18E1                                     r  VexRiscv/IBusCachedPlugin_cache/ways_0_tags_reg/DIADI[5]
  -------------------------------------------------------------------    -------------------

                         (clock crg_clkout rise edge)
                                                      0.000     0.000 r  
    E3                                                0.000     0.000 r  clk100 (IN)
                         net (fo=0)                   0.000     0.000    clk100
    E3                   IBUF (Prop_ibuf_I_O)         0.438     0.438 r  clk100_IBUF_inst/O
                         net (fo=1, routed)           0.481     0.919    crg_clkin
    PLLE2_ADV_X1Y2       PLLE2_ADV (Prop_plle2_adv_CLKIN1_CLKOUT0)
                                                      0.053     0.972 r  PLLE2_ADV/CLKOUT0
                         net (fo=1, routed)           0.560     1.531    crg_clkout
    BUFGCTRL_X0Y16       BUFG (Prop_bufg_I_O)         0.029     1.560 r  BUFG/O
                         net (fo=1744, routed)        0.902     2.462    VexRiscv/IBusCachedPlugin_cache/crg_clkout_buf
    RAMB18_X2Y26         RAMB18E1                                     r  VexRiscv/IBusCachedPlugin_cache/ways_0_tags_reg/CLKBWRCLK
                         clock pessimism             -0.536     1.926    
    RAMB18_X2Y26         RAMB18E1 (Hold_ramb18e1_CLKBWRCLK_DIADI[5])
                                                      0.155     2.081    VexRiscv/IBusCachedPlugin_cache/ways_0_tags_reg
  -------------------------------------------------------------------
                         required time                         -2.081    
                         arrival time                           2.128    
  -------------------------------------------------------------------
                         slack                                  0.047    

Slack (MET) :             0.048ns  (arrival time - required time)
  Source:                 VexRiscv/IBusCachedPlugin_cache/lineLoader_address_reg[17]/C
                            (rising edge-triggered cell FDRE clocked by crg_clkout  {rise@0.000ns fall@5.000ns period=10.000ns})
  Destination:            VexRiscv/IBusCachedPlugin_cache/ways_0_tags_reg/DIADI[7]
                            (rising edge-triggered cell RAMB18E1 clocked by crg_clkout  {rise@0.000ns fall@5.000ns period=10.000ns})
  Path Group:             crg_clkout
  Path Type:              Hold (Min at Fast Process Corner)
  Requirement:            0.000ns  (crg_clkout rise@0.000ns - crg_clkout rise@0.000ns)
  Data Path Delay:        0.262ns  (logic 0.141ns (53.844%)  route 0.121ns (46.156%))
  Logic Levels:           0  
  Clock Path Skew:        0.058ns (DCD - SCD - CPR)
    Destination Clock Delay (DCD):    2.462ns
    Source Clock Delay      (SCD):    1.867ns
    Clock Pessimism Removal (CPR):    0.536ns

    Location             Delay type                Incr(ns)  Path(ns)    Netlist Resource(s)
  -------------------------------------------------------------------    -------------------
                         (clock crg_clkout rise edge)
                                                      0.000     0.000 r  
    E3                                                0.000     0.000 r  clk100 (IN)
                         net (fo=0)                   0.000     0.000    clk100
    E3                   IBUF (Prop_ibuf_I_O)         0.250     0.250 r  clk100_IBUF_inst/O
                         net (fo=1, routed)           0.440     0.690    crg_clkin
    PLLE2_ADV_X1Y2       PLLE2_ADV (Prop_plle2_adv_CLKIN1_CLKOUT0)
                                                      0.050     0.740 r  PLLE2_ADV/CLKOUT0
                         net (fo=1, routed)           0.514     1.254    crg_clkout
    BUFGCTRL_X0Y16       BUFG (Prop_bufg_I_O)         0.026     1.280 r  BUFG/O
                         net (fo=1744, routed)        0.588     1.867    VexRiscv/IBusCachedPlugin_cache/crg_clkout_buf
    SLICE_X72Y68         FDRE                                         r  VexRiscv/IBusCachedPlugin_cache/lineLoader_address_reg[17]/C
  -------------------------------------------------------------------    -------------------
    SLICE_X72Y68         FDRE (Prop_fdre_C_Q)         0.141     2.008 r  VexRiscv/IBusCachedPlugin_cache/lineLoader_address_reg[17]/Q
                         net (fo=3, routed)           0.121     2.129    VexRiscv/IBusCachedPlugin_cache/lineLoader_address[17]
    RAMB18_X2Y26         RAMB18E1                                     r  VexRiscv/IBusCachedPlugin_cache/ways_0_tags_reg/DIADI[7]
  -------------------------------------------------------------------    -------------------

                         (clock crg_clkout rise edge)
                                                      0.000     0.000 r  
    E3                                                0.000     0.000 r  clk100 (IN)
                         net (fo=0)                   0.000     0.000    clk100
    E3                   IBUF (Prop_ibuf_I_O)         0.438     0.438 r  clk100_IBUF_inst/O
                         net (fo=1, routed)           0.481     0.919    crg_clkin
    PLLE2_ADV_X1Y2       PLLE2_ADV (Prop_plle2_adv_CLKIN1_CLKOUT0)
                                                      0.053     0.972 r  PLLE2_ADV/CLKOUT0
                         net (fo=1, routed)           0.560     1.531    crg_clkout
    BUFGCTRL_X0Y16       BUFG (Prop_bufg_I_O)         0.029     1.560 r  BUFG/O
                         net (fo=1744, routed)        0.902     2.462    VexRiscv/IBusCachedPlugin_cache/crg_clkout_buf
    RAMB18_X2Y26         RAMB18E1                                     r  VexRiscv/IBusCachedPlugin_cache/ways_0_tags_reg/CLKBWRCLK
                         clock pessimism             -0.536     1.926    
    RAMB18_X2Y26         RAMB18E1 (Hold_ramb18e1_CLKBWRCLK_DIADI[7])
                                                      0.155     2.081    VexRiscv/IBusCachedPlugin_cache/ways_0_tags_reg
  -------------------------------------------------------------------
                         required time                         -2.081    
                         arrival time                           2.129    
  -------------------------------------------------------------------
                         slack                                  0.048    

Slack (MET) :             0.049ns  (arrival time - required time)
  Source:                 VexRiscv/IBusCachedPlugin_cache/lineLoader_address_reg[23]/C
                            (rising edge-triggered cell FDRE clocked by crg_clkout  {rise@0.000ns fall@5.000ns period=10.000ns})
  Destination:            VexRiscv/IBusCachedPlugin_cache/ways_0_tags_reg/DIADI[13]
                            (rising edge-triggered cell RAMB18E1 clocked by crg_clkout  {rise@0.000ns fall@5.000ns period=10.000ns})
  Path Group:             crg_clkout
  Path Type:              Hold (Min at Fast Process Corner)
  Requirement:            0.000ns  (crg_clkout rise@0.000ns - crg_clkout rise@0.000ns)
  Data Path Delay:        0.261ns  (logic 0.141ns (53.994%)  route 0.120ns (46.006%))
  Logic Levels:           0  
  Clock Path Skew:        0.057ns (DCD - SCD - CPR)
    Destination Clock Delay (DCD):    2.462ns
    Source Clock Delay      (SCD):    1.868ns
    Clock Pessimism Removal (CPR):    0.536ns

    Location             Delay type                Incr(ns)  Path(ns)    Netlist Resource(s)
  -------------------------------------------------------------------    -------------------
                         (clock crg_clkout rise edge)
                                                      0.000     0.000 r  
    E3                                                0.000     0.000 r  clk100 (IN)
                         net (fo=0)                   0.000     0.000    clk100
    E3                   IBUF (Prop_ibuf_I_O)         0.250     0.250 r  clk100_IBUF_inst/O
                         net (fo=1, routed)           0.440     0.690    crg_clkin
    PLLE2_ADV_X1Y2       PLLE2_ADV (Prop_plle2_adv_CLKIN1_CLKOUT0)
                                                      0.050     0.740 r  PLLE2_ADV/CLKOUT0
                         net (fo=1, routed)           0.514     1.254    crg_clkout
    BUFGCTRL_X0Y16       BUFG (Prop_bufg_I_O)         0.026     1.280 r  BUFG/O
                         net (fo=1744, routed)        0.589     1.868    VexRiscv/IBusCachedPlugin_cache/crg_clkout_buf
    SLICE_X72Y67         FDRE                                         r  VexRiscv/IBusCachedPlugin_cache/lineLoader_address_reg[23]/C
  -------------------------------------------------------------------    -------------------
    SLICE_X72Y67         FDRE (Prop_fdre_C_Q)         0.141     2.009 r  VexRiscv/IBusCachedPlugin_cache/lineLoader_address_reg[23]/Q
                         net (fo=2, routed)           0.120     2.129    VexRiscv/IBusCachedPlugin_cache/lineLoader_address[23]
    RAMB18_X2Y26         RAMB18E1                                     r  VexRiscv/IBusCachedPlugin_cache/ways_0_tags_reg/DIADI[13]
  -------------------------------------------------------------------    -------------------

                         (clock crg_clkout rise edge)
                                                      0.000     0.000 r  
    E3                                                0.000     0.000 r  clk100 (IN)
                         net (fo=0)                   0.000     0.000    clk100
    E3                   IBUF (Prop_ibuf_I_O)         0.438     0.438 r  clk100_IBUF_inst/O
                         net (fo=1, routed)           0.481     0.919    crg_clkin
    PLLE2_ADV_X1Y2       PLLE2_ADV (Prop_plle2_adv_CLKIN1_CLKOUT0)
                                                      0.053     0.972 r  PLLE2_ADV/CLKOUT0
                         net (fo=1, routed)           0.560     1.531    crg_clkout
    BUFGCTRL_X0Y16       BUFG (Prop_bufg_I_O)         0.029     1.560 r  BUFG/O
                         net (fo=1744, routed)        0.902     2.462    VexRiscv/IBusCachedPlugin_cache/crg_clkout_buf
    RAMB18_X2Y26         RAMB18E1                                     r  VexRiscv/IBusCachedPlugin_cache/ways_0_tags_reg/CLKBWRCLK
                         clock pessimism             -0.536     1.926    
    RAMB18_X2Y26         RAMB18E1 (Hold_ramb18e1_CLKBWRCLK_DIADI[13])
                                                      0.155     2.081    VexRiscv/IBusCachedPlugin_cache/ways_0_tags_reg
  -------------------------------------------------------------------
                         required time                         -2.081    
                         arrival time                           2.129    
  -------------------------------------------------------------------
                         slack                                  0.049    

Slack (MET) :             0.049ns  (arrival time - required time)
  Source:                 VexRiscv/iBusWishbone_DAT_MISO_regNext_reg[20]/C
                            (rising edge-triggered cell FDSE clocked by crg_clkout  {rise@0.000ns fall@5.000ns period=10.000ns})
  Destination:            VexRiscv/IBusCachedPlugin_cache/banks_0_reg/DIADI[20]
                            (rising edge-triggered cell RAMB36E1 clocked by crg_clkout  {rise@0.000ns fall@5.000ns period=10.000ns})
  Path Group:             crg_clkout
  Path Type:              Hold (Min at Fast Process Corner)
  Requirement:            0.000ns  (crg_clkout rise@0.000ns - crg_clkout rise@0.000ns)
  Data Path Delay:        0.262ns  (logic 0.141ns (53.911%)  route 0.121ns (46.089%))
  Logic Levels:           0  
  Clock Path Skew:        0.057ns (DCD - SCD - CPR)
    Destination Clock Delay (DCD):    2.468ns
    Source Clock Delay      (SCD):    1.874ns
    Clock Pessimism Removal (CPR):    0.536ns

    Location             Delay type                Incr(ns)  Path(ns)    Netlist Resource(s)
  -------------------------------------------------------------------    -------------------
                         (clock crg_clkout rise edge)
                                                      0.000     0.000 r  
    E3                                                0.000     0.000 r  clk100 (IN)
                         net (fo=0)                   0.000     0.000    clk100
    E3                   IBUF (Prop_ibuf_I_O)         0.250     0.250 r  clk100_IBUF_inst/O
                         net (fo=1, routed)           0.440     0.690    crg_clkin
    PLLE2_ADV_X1Y2       PLLE2_ADV (Prop_plle2_adv_CLKIN1_CLKOUT0)
                                                      0.050     0.740 r  PLLE2_ADV/CLKOUT0
                         net (fo=1, routed)           0.514     1.254    crg_clkout
    BUFGCTRL_X0Y16       BUFG (Prop_bufg_I_O)         0.026     1.280 r  BUFG/O
                         net (fo=1744, routed)        0.595     1.874    VexRiscv/crg_clkout_buf
    SLICE_X72Y55         FDSE                                         r  VexRiscv/iBusWishbone_DAT_MISO_regNext_reg[20]/C
  -------------------------------------------------------------------    -------------------
    SLICE_X72Y55         FDSE (Prop_fdse_C_Q)         0.141     2.015 r  VexRiscv/iBusWishbone_DAT_MISO_regNext_reg[20]/Q
                         net (fo=4, routed)           0.121     2.136    VexRiscv/IBusCachedPlugin_cache/iBusWishbone_DAT_MISO_regNext[20]
    RAMB36_X2Y11         RAMB36E1                                     r  VexRiscv/IBusCachedPlugin_cache/banks_0_reg/DIADI[20]
  -------------------------------------------------------------------    -------------------

                         (clock crg_clkout rise edge)
                                                      0.000     0.000 r  
    E3                                                0.000     0.000 r  clk100 (IN)
                         net (fo=0)                   0.000     0.000    clk100
    E3                   IBUF (Prop_ibuf_I_O)         0.438     0.438 r  clk100_IBUF_inst/O
                         net (fo=1, routed)           0.481     0.919    crg_clkin
    PLLE2_ADV_X1Y2       PLLE2_ADV (Prop_plle2_adv_CLKIN1_CLKOUT0)
                                                      0.053     0.972 r  PLLE2_ADV/CLKOUT0
                         net (fo=1, routed)           0.560     1.531    crg_clkout
    BUFGCTRL_X0Y16       BUFG (Prop_bufg_I_O)         0.029     1.560 r  BUFG/O
                         net (fo=1744, routed)        0.908     2.468    VexRiscv/IBusCachedPlugin_cache/crg_clkout_buf
    RAMB36_X2Y11         RAMB36E1                                     r  VexRiscv/IBusCachedPlugin_cache/banks_0_reg/CLKARDCLK
                         clock pessimism             -0.536     1.932    
    RAMB36_X2Y11         RAMB36E1 (Hold_ramb36e1_CLKARDCLK_DIADI[20])
                                                      0.155     2.087    VexRiscv/IBusCachedPlugin_cache/banks_0_reg
  -------------------------------------------------------------------
                         required time                         -2.087    
                         arrival time                           2.136    
  -------------------------------------------------------------------
                         slack                                  0.049    

Slack (MET) :             0.050ns  (arrival time - required time)
  Source:                 VexRiscv/IBusCachedPlugin_cache/lineLoader_address_reg[14]/C
                            (rising edge-triggered cell FDRE clocked by crg_clkout  {rise@0.000ns fall@5.000ns period=10.000ns})
  Destination:            VexRiscv/IBusCachedPlugin_cache/ways_0_tags_reg/DIADI[4]
                            (rising edge-triggered cell RAMB18E1 clocked by crg_clkout  {rise@0.000ns fall@5.000ns period=10.000ns})
  Path Group:             crg_clkout
  Path Type:              Hold (Min at Fast Process Corner)
  Requirement:            0.000ns  (crg_clkout rise@0.000ns - crg_clkout rise@0.000ns)
  Data Path Delay:        0.263ns  (logic 0.141ns (53.660%)  route 0.122ns (46.340%))
  Logic Levels:           0  
  Clock Path Skew:        0.057ns (DCD - SCD - CPR)
    Destination Clock Delay (DCD):    2.462ns
    Source Clock Delay      (SCD):    1.868ns
    Clock Pessimism Removal (CPR):    0.536ns

    Location             Delay type                Incr(ns)  Path(ns)    Netlist Resource(s)
  -------------------------------------------------------------------    -------------------
                         (clock crg_clkout rise edge)
                                                      0.000     0.000 r  
    E3                                                0.000     0.000 r  clk100 (IN)
                         net (fo=0)                   0.000     0.000    clk100
    E3                   IBUF (Prop_ibuf_I_O)         0.250     0.250 r  clk100_IBUF_inst/O
                         net (fo=1, routed)           0.440     0.690    crg_clkin
    PLLE2_ADV_X1Y2       PLLE2_ADV (Prop_plle2_adv_CLKIN1_CLKOUT0)
                                                      0.050     0.740 r  PLLE2_ADV/CLKOUT0
                         net (fo=1, routed)           0.514     1.254    crg_clkout
    BUFGCTRL_X0Y16       BUFG (Prop_bufg_I_O)         0.026     1.280 r  BUFG/O
                         net (fo=1744, routed)        0.589     1.868    VexRiscv/IBusCachedPlugin_cache/crg_clkout_buf
    SLICE_X72Y67         FDRE                                         r  VexRiscv/IBusCachedPlugin_cache/lineLoader_address_reg[14]/C
  -------------------------------------------------------------------    -------------------
    SLICE_X72Y67         FDRE (Prop_fdre_C_Q)         0.141     2.009 r  VexRiscv/IBusCachedPlugin_cache/lineLoader_address_reg[14]/Q
                         net (fo=2, routed)           0.122     2.131    VexRiscv/IBusCachedPlugin_cache/lineLoader_address[14]
    RAMB18_X2Y26         RAMB18E1                                     r  VexRiscv/IBusCachedPlugin_cache/ways_0_tags_reg/DIADI[4]
  -------------------------------------------------------------------    -------------------

                         (clock crg_clkout rise edge)
                                                      0.000     0.000 r  
    E3                                                0.000     0.000 r  clk100 (IN)
                         net (fo=0)                   0.000     0.000    clk100
    E3                   IBUF (Prop_ibuf_I_O)         0.438     0.438 r  clk100_IBUF_inst/O
                         net (fo=1, routed)           0.481     0.919    crg_clkin
    PLLE2_ADV_X1Y2       PLLE2_ADV (Prop_plle2_adv_CLKIN1_CLKOUT0)
                                                      0.053     0.972 r  PLLE2_ADV/CLKOUT0
                         net (fo=1, routed)           0.560     1.531    crg_clkout
    BUFGCTRL_X0Y16       BUFG (Prop_bufg_I_O)         0.029     1.560 r  BUFG/O
                         net (fo=1744, routed)        0.902     2.462    VexRiscv/IBusCachedPlugin_cache/crg_clkout_buf
    RAMB18_X2Y26         RAMB18E1                                     r  VexRiscv/IBusCachedPlugin_cache/ways_0_tags_reg/CLKBWRCLK
                         clock pessimism             -0.536     1.926    
    RAMB18_X2Y26         RAMB18E1 (Hold_ramb18e1_CLKBWRCLK_DIADI[4])
                                                      0.155     2.081    VexRiscv/IBusCachedPlugin_cache/ways_0_tags_reg
  -------------------------------------------------------------------
                         required time                         -2.081    
                         arrival time                           2.131    
  -------------------------------------------------------------------
                         slack                                  0.050    

Slack (MET) :             0.050ns  (arrival time - required time)
  Source:                 VexRiscv/iBusWishbone_DAT_MISO_regNext_reg[18]/C
                            (rising edge-triggered cell FDSE clocked by crg_clkout  {rise@0.000ns fall@5.000ns period=10.000ns})
  Destination:            VexRiscv/IBusCachedPlugin_cache/banks_0_reg/DIADI[18]
                            (rising edge-triggered cell RAMB36E1 clocked by crg_clkout  {rise@0.000ns fall@5.000ns period=10.000ns})
  Path Group:             crg_clkout
  Path Type:              Hold (Min at Fast Process Corner)
  Requirement:            0.000ns  (crg_clkout rise@0.000ns - crg_clkout rise@0.000ns)
  Data Path Delay:        0.263ns  (logic 0.141ns (53.645%)  route 0.122ns (46.354%))
  Logic Levels:           0  
  Clock Path Skew:        0.057ns (DCD - SCD - CPR)
    Destination Clock Delay (DCD):    2.468ns
    Source Clock Delay      (SCD):    1.874ns
    Clock Pessimism Removal (CPR):    0.536ns

    Location             Delay type                Incr(ns)  Path(ns)    Netlist Resource(s)
  -------------------------------------------------------------------    -------------------
                         (clock crg_clkout rise edge)
                                                      0.000     0.000 r  
    E3                                                0.000     0.000 r  clk100 (IN)
                         net (fo=0)                   0.000     0.000    clk100
    E3                   IBUF (Prop_ibuf_I_O)         0.250     0.250 r  clk100_IBUF_inst/O
                         net (fo=1, routed)           0.440     0.690    crg_clkin
    PLLE2_ADV_X1Y2       PLLE2_ADV (Prop_plle2_adv_CLKIN1_CLKOUT0)
                                                      0.050     0.740 r  PLLE2_ADV/CLKOUT0
                         net (fo=1, routed)           0.514     1.254    crg_clkout
    BUFGCTRL_X0Y16       BUFG (Prop_bufg_I_O)         0.026     1.280 r  BUFG/O
                         net (fo=1744, routed)        0.595     1.874    VexRiscv/crg_clkout_buf
    SLICE_X72Y55         FDSE                                         r  VexRiscv/iBusWishbone_DAT_MISO_regNext_reg[18]/C
  -------------------------------------------------------------------    -------------------
    SLICE_X72Y55         FDSE (Prop_fdse_C_Q)         0.141     2.015 r  VexRiscv/iBusWishbone_DAT_MISO_regNext_reg[18]/Q
                         net (fo=4, routed)           0.122     2.137    VexRiscv/IBusCachedPlugin_cache/iBusWishbone_DAT_MISO_regNext[18]
    RAMB36_X2Y11         RAMB36E1                                     r  VexRiscv/IBusCachedPlugin_cache/banks_0_reg/DIADI[18]
  -------------------------------------------------------------------    -------------------

                         (clock crg_clkout rise edge)
                                                      0.000     0.000 r  
    E3                                                0.000     0.000 r  clk100 (IN)
                         net (fo=0)                   0.000     0.000    clk100
    E3                   IBUF (Prop_ibuf_I_O)         0.438     0.438 r  clk100_IBUF_inst/O
                         net (fo=1, routed)           0.481     0.919    crg_clkin
    PLLE2_ADV_X1Y2       PLLE2_ADV (Prop_plle2_adv_CLKIN1_CLKOUT0)
                                                      0.053     0.972 r  PLLE2_ADV/CLKOUT0
                         net (fo=1, routed)           0.560     1.531    crg_clkout
    BUFGCTRL_X0Y16       BUFG (Prop_bufg_I_O)         0.029     1.560 r  BUFG/O
                         net (fo=1744, routed)        0.908     2.468    VexRiscv/IBusCachedPlugin_cache/crg_clkout_buf
    RAMB36_X2Y11         RAMB36E1                                     r  VexRiscv/IBusCachedPlugin_cache/banks_0_reg/CLKARDCLK
                         clock pessimism             -0.536     1.932    
    RAMB36_X2Y11         RAMB36E1 (Hold_ramb36e1_CLKARDCLK_DIADI[18])
                                                      0.155     2.087    VexRiscv/IBusCachedPlugin_cache/banks_0_reg
  -------------------------------------------------------------------
                         required time                         -2.087    
                         arrival time                           2.137    
  -------------------------------------------------------------------
                         slack                                  0.050    

Slack (MET) :             0.051ns  (arrival time - required time)
  Source:                 VexRiscv/iBusWishbone_DAT_MISO_regNext_reg[22]/C
                            (rising edge-triggered cell FDSE clocked by crg_clkout  {rise@0.000ns fall@5.000ns period=10.000ns})
  Destination:            VexRiscv/IBusCachedPlugin_cache/banks_0_reg/DIADI[22]
                            (rising edge-triggered cell RAMB36E1 clocked by crg_clkout  {rise@0.000ns fall@5.000ns period=10.000ns})
  Path Group:             crg_clkout
  Path Type:              Hold (Min at Fast Process Corner)
  Requirement:            0.000ns  (crg_clkout rise@0.000ns - crg_clkout rise@0.000ns)
  Data Path Delay:        0.264ns  (logic 0.141ns (53.442%)  route 0.123ns (46.558%))
  Logic Levels:           0  
  Clock Path Skew:        0.057ns (DCD - SCD - CPR)
    Destination Clock Delay (DCD):    2.468ns
    Source Clock Delay      (SCD):    1.874ns
    Clock Pessimism Removal (CPR):    0.536ns

    Location             Delay type                Incr(ns)  Path(ns)    Netlist Resource(s)
  -------------------------------------------------------------------    -------------------
                         (clock crg_clkout rise edge)
                                                      0.000     0.000 r  
    E3                                                0.000     0.000 r  clk100 (IN)
                         net (fo=0)                   0.000     0.000    clk100
    E3                   IBUF (Prop_ibuf_I_O)         0.250     0.250 r  clk100_IBUF_inst/O
                         net (fo=1, routed)           0.440     0.690    crg_clkin
    PLLE2_ADV_X1Y2       PLLE2_ADV (Prop_plle2_adv_CLKIN1_CLKOUT0)
                                                      0.050     0.740 r  PLLE2_ADV/CLKOUT0
                         net (fo=1, routed)           0.514     1.254    crg_clkout
    BUFGCTRL_X0Y16       BUFG (Prop_bufg_I_O)         0.026     1.280 r  BUFG/O
                         net (fo=1744, routed)        0.595     1.874    VexRiscv/crg_clkout_buf
    SLICE_X72Y55         FDSE                                         r  VexRiscv/iBusWishbone_DAT_MISO_regNext_reg[22]/C
  -------------------------------------------------------------------    -------------------
    SLICE_X72Y55         FDSE (Prop_fdse_C_Q)         0.141     2.015 r  VexRiscv/iBusWishbone_DAT_MISO_regNext_reg[22]/Q
                         net (fo=4, routed)           0.123     2.138    VexRiscv/IBusCachedPlugin_cache/iBusWishbone_DAT_MISO_regNext[22]
    RAMB36_X2Y11         RAMB36E1                                     r  VexRiscv/IBusCachedPlugin_cache/banks_0_reg/DIADI[22]
  -------------------------------------------------------------------    -------------------

                         (clock crg_clkout rise edge)
                                                      0.000     0.000 r  
    E3                                                0.000     0.000 r  clk100 (IN)
                         net (fo=0)                   0.000     0.000    clk100
    E3                   IBUF (Prop_ibuf_I_O)         0.438     0.438 r  clk100_IBUF_inst/O
                         net (fo=1, routed)           0.481     0.919    crg_clkin
    PLLE2_ADV_X1Y2       PLLE2_ADV (Prop_plle2_adv_CLKIN1_CLKOUT0)
                                                      0.053     0.972 r  PLLE2_ADV/CLKOUT0
                         net (fo=1, routed)           0.560     1.531    crg_clkout
    BUFGCTRL_X0Y16       BUFG (Prop_bufg_I_O)         0.029     1.560 r  BUFG/O
                         net (fo=1744, routed)        0.908     2.468    VexRiscv/IBusCachedPlugin_cache/crg_clkout_buf
    RAMB36_X2Y11         RAMB36E1                                     r  VexRiscv/IBusCachedPlugin_cache/banks_0_reg/CLKARDCLK
                         clock pessimism             -0.536     1.932    
    RAMB36_X2Y11         RAMB36E1 (Hold_ramb36e1_CLKARDCLK_DIADI[22])
                                                      0.155     2.087    VexRiscv/IBusCachedPlugin_cache/banks_0_reg
  -------------------------------------------------------------------
                         required time                         -2.087    
                         arrival time                           2.138    
  -------------------------------------------------------------------
                         slack                                  0.051    

Slack (MET) :             0.054ns  (arrival time - required time)
  Source:                 basesoc_uart_rx_fifo_produce_reg[1]/C
                            (rising edge-triggered cell FDRE clocked by crg_clkout  {rise@0.000ns fall@5.000ns period=10.000ns})
  Destination:            storage_1_reg_0_15_0_5/RAMA/WADR1
                            (rising edge-triggered cell RAMD32 clocked by crg_clkout  {rise@0.000ns fall@5.000ns period=10.000ns})
  Path Group:             crg_clkout
  Path Type:              Hold (Min at Fast Process Corner)
  Requirement:            0.000ns  (crg_clkout rise@0.000ns - crg_clkout rise@0.000ns)
  Data Path Delay:        0.523ns  (logic 0.148ns (28.283%)  route 0.375ns (71.717%))
  Logic Levels:           0  
  Clock Path Skew:        0.213ns (DCD - SCD - CPR)
    Destination Clock Delay (DCD):    2.435ns
    Source Clock Delay      (SCD):    1.936ns
    Clock Pessimism Removal (CPR):    0.285ns

    Location             Delay type                Incr(ns)  Path(ns)    Netlist Resource(s)
  -------------------------------------------------------------------    -------------------
                         (clock crg_clkout rise edge)
                                                      0.000     0.000 r  
    E3                                                0.000     0.000 r  clk100 (IN)
                         net (fo=0)                   0.000     0.000    clk100
    E3                   IBUF (Prop_ibuf_I_O)         0.250     0.250 r  clk100_IBUF_inst/O
                         net (fo=1, routed)           0.440     0.690    crg_clkin
    PLLE2_ADV_X1Y2       PLLE2_ADV (Prop_plle2_adv_CLKIN1_CLKOUT0)
                                                      0.050     0.740 r  PLLE2_ADV/CLKOUT0
                         net (fo=1, routed)           0.514     1.254    crg_clkout
    BUFGCTRL_X0Y16       BUFG (Prop_bufg_I_O)         0.026     1.280 r  BUFG/O
                         net (fo=1744, routed)        0.656     1.936    crg_clkout_buf
    SLICE_X80Y47         FDRE                                         r  basesoc_uart_rx_fifo_produce_reg[1]/C
  -------------------------------------------------------------------    -------------------
    SLICE_X80Y47         FDRE (Prop_fdre_C_Q)         0.148     2.084 r  basesoc_uart_rx_fifo_produce_reg[1]/Q
                         net (fo=17, routed)          0.375     2.459    storage_1_reg_0_15_0_5/ADDRD1
    SLICE_X80Y50         RAMD32                                       r  storage_1_reg_0_15_0_5/RAMA/WADR1
  -------------------------------------------------------------------    -------------------

                         (clock crg_clkout rise edge)
                                                      0.000     0.000 r  
    E3                                                0.000     0.000 r  clk100 (IN)
                         net (fo=0)                   0.000     0.000    clk100
    E3                   IBUF (Prop_ibuf_I_O)         0.438     0.438 r  clk100_IBUF_inst/O
                         net (fo=1, routed)           0.481     0.919    crg_clkin
    PLLE2_ADV_X1Y2       PLLE2_ADV (Prop_plle2_adv_CLKIN1_CLKOUT0)
                                                      0.053     0.972 r  PLLE2_ADV/CLKOUT0
                         net (fo=1, routed)           0.560     1.531    crg_clkout
    BUFGCTRL_X0Y16       BUFG (Prop_bufg_I_O)         0.029     1.560 r  BUFG/O
                         net (fo=1744, routed)        0.875     2.435    storage_1_reg_0_15_0_5/WCLK
    SLICE_X80Y50         RAMD32                                       r  storage_1_reg_0_15_0_5/RAMA/CLK
                         clock pessimism             -0.285     2.149    
    SLICE_X80Y50         RAMD32 (Hold_ramd32_CLK_WADR1)
                                                      0.256     2.405    storage_1_reg_0_15_0_5/RAMA
  -------------------------------------------------------------------
                         required time                         -2.405    
                         arrival time                           2.459    
  -------------------------------------------------------------------
                         slack                                  0.054    

Slack (MET) :             0.054ns  (arrival time - required time)
  Source:                 basesoc_uart_rx_fifo_produce_reg[1]/C
                            (rising edge-triggered cell FDRE clocked by crg_clkout  {rise@0.000ns fall@5.000ns period=10.000ns})
  Destination:            storage_1_reg_0_15_0_5/RAMA_D1/WADR1
                            (rising edge-triggered cell RAMD32 clocked by crg_clkout  {rise@0.000ns fall@5.000ns period=10.000ns})
  Path Group:             crg_clkout
  Path Type:              Hold (Min at Fast Process Corner)
  Requirement:            0.000ns  (crg_clkout rise@0.000ns - crg_clkout rise@0.000ns)
  Data Path Delay:        0.523ns  (logic 0.148ns (28.283%)  route 0.375ns (71.717%))
  Logic Levels:           0  
  Clock Path Skew:        0.213ns (DCD - SCD - CPR)
    Destination Clock Delay (DCD):    2.435ns
    Source Clock Delay      (SCD):    1.936ns
    Clock Pessimism Removal (CPR):    0.285ns

    Location             Delay type                Incr(ns)  Path(ns)    Netlist Resource(s)
  -------------------------------------------------------------------    -------------------
                         (clock crg_clkout rise edge)
                                                      0.000     0.000 r  
    E3                                                0.000     0.000 r  clk100 (IN)
                         net (fo=0)                   0.000     0.000    clk100
    E3                   IBUF (Prop_ibuf_I_O)         0.250     0.250 r  clk100_IBUF_inst/O
                         net (fo=1, routed)           0.440     0.690    crg_clkin
    PLLE2_ADV_X1Y2       PLLE2_ADV (Prop_plle2_adv_CLKIN1_CLKOUT0)
                                                      0.050     0.740 r  PLLE2_ADV/CLKOUT0
                         net (fo=1, routed)           0.514     1.254    crg_clkout
    BUFGCTRL_X0Y16       BUFG (Prop_bufg_I_O)         0.026     1.280 r  BUFG/O
                         net (fo=1744, routed)        0.656     1.936    crg_clkout_buf
    SLICE_X80Y47         FDRE                                         r  basesoc_uart_rx_fifo_produce_reg[1]/C
  -------------------------------------------------------------------    -------------------
    SLICE_X80Y47         FDRE (Prop_fdre_C_Q)         0.148     2.084 r  basesoc_uart_rx_fifo_produce_reg[1]/Q
                         net (fo=17, routed)          0.375     2.459    storage_1_reg_0_15_0_5/ADDRD1
    SLICE_X80Y50         RAMD32                                       r  storage_1_reg_0_15_0_5/RAMA_D1/WADR1
  -------------------------------------------------------------------    -------------------

                         (clock crg_clkout rise edge)
                                                      0.000     0.000 r  
    E3                                                0.000     0.000 r  clk100 (IN)
                         net (fo=0)                   0.000     0.000    clk100
    E3                   IBUF (Prop_ibuf_I_O)         0.438     0.438 r  clk100_IBUF_inst/O
                         net (fo=1, routed)           0.481     0.919    crg_clkin
    PLLE2_ADV_X1Y2       PLLE2_ADV (Prop_plle2_adv_CLKIN1_CLKOUT0)
                                                      0.053     0.972 r  PLLE2_ADV/CLKOUT0
                         net (fo=1, routed)           0.560     1.531    crg_clkout
    BUFGCTRL_X0Y16       BUFG (Prop_bufg_I_O)         0.029     1.560 r  BUFG/O
                         net (fo=1744, routed)        0.875     2.435    storage_1_reg_0_15_0_5/WCLK
    SLICE_X80Y50         RAMD32                                       r  storage_1_reg_0_15_0_5/RAMA_D1/CLK
                         clock pessimism             -0.285     2.149    
    SLICE_X80Y50         RAMD32 (Hold_ramd32_CLK_WADR1)
                                                      0.256     2.405    storage_1_reg_0_15_0_5/RAMA_D1
  -------------------------------------------------------------------
                         required time                         -2.405    
                         arrival time                           2.459    
  -------------------------------------------------------------------
                         slack                                  0.054    





Pulse Width Checks
--------------------------------------------------------------------------------------
Clock Name:         crg_clkout
Waveform(ns):       { 0.000 5.000 }
Period(ns):         10.000
Sources:            { PLLE2_ADV/CLKOUT0 }

Check Type        Corner  Lib Pin             Reference Pin  Required(ns)  Actual(ns)  Slack(ns)  Location        Pin
Min Period        n/a     RAMB18E1/CLKARDCLK  n/a            2.944         10.000      7.056      RAMB18_X1Y20    VexRiscv/RegFilePlugin_regFile_reg_1/CLKARDCLK
Min Period        n/a     RAMB18E1/CLKBWRCLK  n/a            2.944         10.000      7.056      RAMB18_X1Y20    VexRiscv/RegFilePlugin_regFile_reg_1/CLKBWRCLK
Min Period        n/a     RAMB18E1/CLKARDCLK  n/a            2.944         10.000      7.056      RAMB18_X1Y21    VexRiscv/RegFilePlugin_regFile_reg_2/CLKARDCLK
Min Period        n/a     RAMB18E1/CLKBWRCLK  n/a            2.944         10.000      7.056      RAMB18_X1Y21    VexRiscv/RegFilePlugin_regFile_reg_2/CLKBWRCLK
Min Period        n/a     RAMB36E1/CLKARDCLK  n/a            2.944         10.000      7.056      RAMB36_X2Y11    VexRiscv/IBusCachedPlugin_cache/banks_0_reg/CLKARDCLK
Min Period        n/a     RAMB18E1/CLKARDCLK  n/a            2.944         10.000      7.056      RAMB18_X2Y26    VexRiscv/IBusCachedPlugin_cache/ways_0_tags_reg/CLKARDCLK
Min Period        n/a     RAMB18E1/CLKBWRCLK  n/a            2.944         10.000      7.056      RAMB18_X2Y26    VexRiscv/IBusCachedPlugin_cache/ways_0_tags_reg/CLKBWRCLK
Min Period        n/a     RAMB18E1/CLKARDCLK  n/a            2.944         10.000      7.056      RAMB18_X2Y18    VexRiscv/dataCache_1/ways_0_data_symbol0_reg/CLKARDCLK
Min Period        n/a     RAMB18E1/CLKARDCLK  n/a            2.944         10.000      7.056      RAMB18_X2Y16    VexRiscv/dataCache_1/ways_0_data_symbol1_reg/CLKARDCLK
Min Period        n/a     RAMB18E1/CLKARDCLK  n/a            2.944         10.000      7.056      RAMB18_X2Y17    VexRiscv/dataCache_1/ways_0_data_symbol2_reg/CLKARDCLK
Max Period        n/a     PLLE2_ADV/CLKOUT0   n/a            160.000       10.000      150.000    PLLE2_ADV_X1Y2  PLLE2_ADV/CLKOUT0
Low Pulse Width   Slow    RAMD32/CLK          n/a            1.250         5.000       3.750      SLICE_X80Y50    storage_1_reg_0_15_0_5/RAMA/CLK
Low Pulse Width   Fast    RAMD32/CLK          n/a            1.250         5.000       3.750      SLICE_X80Y50    storage_1_reg_0_15_0_5/RAMA/CLK
Low Pulse Width   Slow    RAMD32/CLK          n/a            1.250         5.000       3.750      SLICE_X80Y50    storage_1_reg_0_15_0_5/RAMA_D1/CLK
Low Pulse Width   Fast    RAMD32/CLK          n/a            1.250         5.000       3.750      SLICE_X80Y50    storage_1_reg_0_15_0_5/RAMA_D1/CLK
Low Pulse Width   Slow    RAMD32/CLK          n/a            1.250         5.000       3.750      SLICE_X80Y50    storage_1_reg_0_15_0_5/RAMB/CLK
Low Pulse Width   Fast    RAMD32/CLK          n/a            1.250         5.000       3.750      SLICE_X80Y50    storage_1_reg_0_15_0_5/RAMB/CLK
Low Pulse Width   Slow    RAMD32/CLK          n/a            1.250         5.000       3.750      SLICE_X80Y50    storage_1_reg_0_15_0_5/RAMB_D1/CLK
Low Pulse Width   Fast    RAMD32/CLK          n/a            1.250         5.000       3.750      SLICE_X80Y50    storage_1_reg_0_15_0_5/RAMB_D1/CLK
Low Pulse Width   Slow    RAMD32/CLK          n/a            1.250         5.000       3.750      SLICE_X80Y50    storage_1_reg_0_15_0_5/RAMC/CLK
Low Pulse Width   Fast    RAMD32/CLK          n/a            1.250         5.000       3.750      SLICE_X80Y50    storage_1_reg_0_15_0_5/RAMC/CLK
High Pulse Width  Slow    RAMD32/CLK          n/a            1.250         5.000       3.750      SLICE_X80Y50    storage_1_reg_0_15_0_5/RAMA/CLK
High Pulse Width  Fast    RAMD32/CLK          n/a            1.250         5.000       3.750      SLICE_X80Y50    storage_1_reg_0_15_0_5/RAMA/CLK
High Pulse Width  Slow    RAMD32/CLK          n/a            1.250         5.000       3.750      SLICE_X80Y50    storage_1_reg_0_15_0_5/RAMA_D1/CLK
High Pulse Width  Fast    RAMD32/CLK          n/a            1.250         5.000       3.750      SLICE_X80Y50    storage_1_reg_0_15_0_5/RAMA_D1/CLK
High Pulse Width  Slow    RAMD32/CLK          n/a            1.250         5.000       3.750      SLICE_X80Y50    storage_1_reg_0_15_0_5/RAMB/CLK
High Pulse Width  Fast    RAMD32/CLK          n/a            1.250         5.000       3.750      SLICE_X80Y50    storage_1_reg_0_15_0_5/RAMB/CLK
High Pulse Width  Slow    RAMD32/CLK          n/a            1.250         5.000       3.750      SLICE_X80Y50    storage_1_reg_0_15_0_5/RAMB_D1/CLK
High Pulse Width  Fast    RAMD32/CLK          n/a            1.250         5.000       3.750      SLICE_X80Y50    storage_1_reg_0_15_0_5/RAMB_D1/CLK
High Pulse Width  Slow    RAMD32/CLK          n/a            1.250         5.000       3.750      SLICE_X80Y50    storage_1_reg_0_15_0_5/RAMC/CLK
High Pulse Width  Fast    RAMD32/CLK          n/a            1.250         5.000       3.750      SLICE_X80Y50    storage_1_reg_0_15_0_5/RAMC/CLK



---------------------------------------------------------------------------------------------------
From Clock:  pll_fb
  To Clock:  pll_fb

Setup :           NA  Failing Endpoints,  Worst Slack           NA  ,  Total Violation           NA
Hold  :           NA  Failing Endpoints,  Worst Slack           NA  ,  Total Violation           NA
PW    :            0  Failing Endpoints,  Worst Slack        8.751ns,  Total Violation        0.000ns
---------------------------------------------------------------------------------------------------


Pulse Width Checks
--------------------------------------------------------------------------------------
Clock Name:         pll_fb
Waveform(ns):       { 0.000 5.000 }
Period(ns):         10.000
Sources:            { PLLE2_ADV/CLKFBOUT }

Check Type  Corner  Lib Pin             Reference Pin  Required(ns)  Actual(ns)  Slack(ns)  Location        Pin
Min Period  n/a     PLLE2_ADV/CLKFBOUT  n/a            1.249         10.000      8.751      PLLE2_ADV_X1Y2  PLLE2_ADV/CLKFBOUT
Min Period  n/a     PLLE2_ADV/CLKFBIN   n/a            1.249         10.000      8.751      PLLE2_ADV_X1Y2  PLLE2_ADV/CLKFBIN
Max Period  n/a     PLLE2_ADV/CLKFBIN   n/a            52.633        10.000      42.633     PLLE2_ADV_X1Y2  PLLE2_ADV/CLKFBIN
Max Period  n/a     PLLE2_ADV/CLKFBOUT  n/a            160.000       10.000      150.000    PLLE2_ADV_X1Y2  PLLE2_ADV/CLKFBOUT



------------------------------------------------------------------------------------------------
| Data sheet
| ----------
------------------------------------------------------------------------------------------------

Input Ports Setup/Hold

----------+-----------+---------+-------+---------------+---------+---------------+---------+------------+
Reference | Input     | IO Reg  | Delay |     Setup(ns) | Process |      Hold(ns) | Process | Internal   |
Clock     | Port      | Type    | Type  | to Clk (Edge) | Corner  | to Clk (Edge) | Corner  | Clock      |
----------+-----------+---------+-------+---------------+---------+---------------+---------+------------+
clk100    | serial_rx | FDRE    | -     |     0.099 (r) | FAST    |     2.662 (r) | SLOW    | crg_clkout |
----------+-----------+---------+-------+---------------+---------+---------------+---------+------------+


Output Ports Clock-to-out

----------+-----------+--------+-------+----------------+---------+----------------+---------+------------+
Reference | Output    | IO Reg | Delay | Max Clk (Edge) | Process | Min Clk (Edge) | Process | Internal   |
Clock     | Port      | Type   | Type  |    to port(ns) | Corner  |    to port(ns) | Corner  | Clock      |
----------+-----------+--------+-------+----------------+---------+----------------+---------+------------+
clk100    | serial_tx | FDSE   | -     |     14.073 (r) | SLOW    |      4.246 (r) | FAST    | crg_clkout |
----------+-----------+--------+-------+----------------+---------+----------------+---------+------------+


Setup between Clocks

-------+-------------+---------------+---------+---------------+---------+---------------+---------+---------------+---------+
Source | Destination |  Src:Rise     | Process |  Src:Rise     | Process |  Src:Fall     | Process |  Src:Fall     | Process |
Clock  | Clock       | Dest:Rise(ns) | Corner  | Dest:Fall(ns) | Corner  | Dest:Rise(ns) | Corner  | Dest:Fall(ns) | Corner  |
-------+-------------+---------------+---------+---------------+---------+---------------+---------+---------------+---------+
clk100 | clk100      |         8.771 | SLOW    |               |         |               |         |               |         |
-------+-------------+---------------+---------+---------------+---------+---------------+---------+---------------+---------+



