Copyright 1986-2022 Xilinx, Inc. All Rights Reserved. Copyright 2022-2025 Advanced Micro Devices, Inc. All Rights Reserved.
---------------------------------------------------------------------------------------------------------------------------------------------
| Tool Version : Vivado v.2025.2 (win64) Build 6299465 Fri Nov 14 19:35:11 GMT 2025
| Date         : Fri Jul 17 17:44:41 2026
| Host         : DESKTOP-6JLD9LJ running 64-bit major release  (build 9200)
| Command      : report_timing_summary -datasheet -max_paths 10 -file digilent_nexys4ddr_timing.rpt
| Design       : digilent_nexys4ddr
| Device       : 7a100t-csg324
| Speed File   : -1  PRODUCTION 1.23 2018-06-13
| Design State : Physopt postRoute
---------------------------------------------------------------------------------------------------------------------------------------------

Timing Summary Report

------------------------------------------------------------------------------------------------
| Timer Settings
| --------------
------------------------------------------------------------------------------------------------

  Enable Multi Corner Analysis               :  Yes
  Enable Pessimism Removal                   :  Yes
  Pessimism Removal Resolution               :  Nearest Common Node
  Enable Input Delay Default Clock           :  No
  Enable Preset / Clear Arcs                 :  No
  Disable Flight Delays                      :  No
  Ignore I/O Paths                           :  No
  Timing Early Launch at Borrowing Latches   :  No
  Borrow Time for Max Delay Exceptions       :  Yes
  Merge Timing Exceptions                    :  Yes
  Inter-SLR Compensation                     :  Conservative

  Corner  Analyze    Analyze    
  Name    Max Paths  Min Paths  
  ------  ---------  ---------  
  Slow    Yes        Yes        
  Fast    Yes        Yes        


------------------------------------------------------------------------------------------------
| Report Methodology
| ------------------
------------------------------------------------------------------------------------------------

No report available as report_methodology has not been run prior. Run report_methodology on the current design for the summary of methodology violations.



check_timing report

Table of Contents
-----------------
1. checking no_clock (0)
2. checking constant_clock (0)
3. checking pulse_width_clock (0)
4. checking unconstrained_internal_endpoints (0)
5. checking no_input_delay (18)
6. checking no_output_delay (44)
7. checking multiple_clock (0)
8. checking generated_clocks (0)
9. checking loops (0)
10. checking partial_input_delay (0)
11. checking partial_output_delay (0)
12. checking latch_loops (0)

1. checking no_clock (0)
------------------------
 There are 0 register/latch pins with no clock.


2. checking constant_clock (0)
------------------------------
 There are 0 register/latch pins with constant_clock.


3. checking pulse_width_clock (0)
---------------------------------
 There are 0 register/latch pins which need pulse_width check


4. checking unconstrained_internal_endpoints (0)
------------------------------------------------
 There are 0 pins that are not constrained for maximum delay.

 There are 0 pins that are not constrained for maximum delay due to constant clock.


5. checking no_input_delay (18)
-------------------------------
 There are 18 input ports with no input delay specified. (HIGH)

 There are 0 input ports with no input delay but user has a false path constraint.


6. checking no_output_delay (44)
--------------------------------
 There are 44 ports with no output delay specified. (HIGH)

 There are 0 ports with no output delay but user has a false path constraint

 There are 0 ports with no output delay but with a timing clock defined on it or propagating through it


7. checking multiple_clock (0)
------------------------------
 There are 0 register/latch pins with multiple clocks.


8. checking generated_clocks (0)
--------------------------------
 There are 0 generated clocks that are not connected to a clock source.


9. checking loops (0)
---------------------
 There are 0 combinational loops in the design.


10. checking partial_input_delay (0)
------------------------------------
 There are 0 input ports with partial input delay specified.


11. checking partial_output_delay (0)
-------------------------------------
 There are 0 ports with partial output delay specified.


12. checking latch_loops (0)
----------------------------
 There are 0 combinational latch loops in the design through latch input



------------------------------------------------------------------------------------------------
| Design Timing Summary
| ---------------------
------------------------------------------------------------------------------------------------

    WNS(ns)      TNS(ns)  TNS Failing Endpoints  TNS Total Endpoints      WHS(ns)      THS(ns)  THS Failing Endpoints  THS Total Endpoints     WPWS(ns)     TPWS(ns)  TPWS Failing Endpoints  TPWS Total Endpoints  
    -------      -------  ---------------------  -------------------      -------      -------  ---------------------  -------------------     --------     --------  ----------------------  --------------------  
      0.019        0.000                      0                20969        0.026        0.000                      0                20969        0.264        0.000                       0                  6888  


All user specified timing constraints are met.


------------------------------------------------------------------------------------------------
| Clock Summary
| -------------
------------------------------------------------------------------------------------------------

Clock               Waveform(ns)         Period(ns)      Frequency(MHz)
-----               ------------         ----------      --------------
clk100              {0.000 5.000}        10.000          100.000         
  builder_pll_fb    {0.000 5.000}        10.000          100.000         
  main_crg_clkout0  {0.000 5.000}        10.000          100.000         
  main_crg_clkout1  {0.000 2.500}        5.000           200.000         
  main_crg_clkout2  {1.250 3.750}        5.000           200.000         
  main_crg_clkout3  {0.000 2.500}        5.000           200.000         


------------------------------------------------------------------------------------------------
| Intra Clock Table
| -----------------
------------------------------------------------------------------------------------------------

Clock                   WNS(ns)      TNS(ns)  TNS Failing Endpoints  TNS Total Endpoints      WHS(ns)      THS(ns)  THS Failing Endpoints  THS Total Endpoints     WPWS(ns)     TPWS(ns)  TPWS Failing Endpoints  TPWS Total Endpoints  
-----                   -------      -------  ---------------------  -------------------      -------      -------  ---------------------  -------------------     --------     --------  ----------------------  --------------------  
clk100                    8.649        0.000                      0                    7        0.171        0.000                      0                    7        3.000        0.000                       0                    10  
  builder_pll_fb                                                                                                                                                      8.751        0.000                       0                     2  
  main_crg_clkout0        0.019        0.000                      0                20948        0.026        0.000                      0                20948        3.750        0.000                       0                  6787  
  main_crg_clkout1                                                                                                                                                    2.845        0.000                       0                    75  
  main_crg_clkout2                                                                                                                                                    2.845        0.000                       0                     4  
  main_crg_clkout3        1.254        0.000                      0                   14        0.122        0.000                      0                   14        0.264        0.000                       0                    10  


------------------------------------------------------------------------------------------------
| Inter Clock Table
| -----------------
------------------------------------------------------------------------------------------------

From Clock    To Clock          WNS(ns)      TNS(ns)  TNS Failing Endpoints  TNS Total Endpoints      WHS(ns)      THS(ns)  THS Failing Endpoints  THS Total Endpoints  
----------    --------          -------      -------  ---------------------  -------------------      -------      -------  ---------------------  -------------------  


------------------------------------------------------------------------------------------------
| Other Path Groups Table
| -----------------------
------------------------------------------------------------------------------------------------

Path Group    From Clock    To Clock          WNS(ns)      TNS(ns)  TNS Failing Endpoints  TNS Total Endpoints      WHS(ns)      THS(ns)  THS Failing Endpoints  THS Total Endpoints  
----------    ----------    --------          -------      -------  ---------------------  -------------------      -------      -------  ---------------------  -------------------  


------------------------------------------------------------------------------------------------
| Timing Details
| --------------
------------------------------------------------------------------------------------------------


---------------------------------------------------------------------------------------------------
From Clock:  clk100
  To Clock:  clk100

Setup :            0  Failing Endpoints,  Worst Slack        8.649ns,  Total Violation        0.000ns
Hold  :            0  Failing Endpoints,  Worst Slack        0.171ns,  Total Violation        0.000ns
PW    :            0  Failing Endpoints,  Worst Slack        3.000ns,  Total Violation        0.000ns
---------------------------------------------------------------------------------------------------


Max Delay Paths
--------------------------------------------------------------------------------------
Slack (MET) :             8.649ns  (required time - arrival time)
  Source:                 FDCE/C
                            (rising edge-triggered cell FDCE clocked by clk100  {rise@0.000ns fall@5.000ns period=10.000ns})
  Destination:            FDCE_1/D
                            (rising edge-triggered cell FDCE clocked by clk100  {rise@0.000ns fall@5.000ns period=10.000ns})
  Path Group:             clk100
  Path Type:              Setup (Max at Slow Process Corner)
  Requirement:            10.000ns  (clk100 rise@10.000ns - clk100 rise@0.000ns)
  Data Path Delay:        1.227ns  (logic 0.456ns (37.166%)  route 0.771ns (62.834%))
  Logic Levels:           0  
  Clock Path Skew:        -0.022ns (DCD - SCD + CPR)
    Destination Clock Delay (DCD):    5.028ns = ( 15.028 - 10.000 ) 
    Source Clock Delay      (SCD):    5.328ns
    Clock Pessimism Removal (CPR):    0.278ns
  Clock Uncertainty:      0.035ns  ((TSJ^2 + TIJ^2)^1/2 + DJ) / 2 + PE
    Total System Jitter     (TSJ):    0.071ns
    Total Input Jitter      (TIJ):    0.000ns
    Discrete Jitter          (DJ):    0.000ns
    Phase Error              (PE):    0.000ns

    Location             Delay type                Incr(ns)  Path(ns)    Netlist Resource(s)
  -------------------------------------------------------------------    -------------------
                         (clock clk100 rise edge)     0.000     0.000 r  
    E3                                                0.000     0.000 r  clk100 (IN)
                         net (fo=0)                   0.000     0.000    clk100
    E3                   IBUF (Prop_ibuf_I_O)         1.482     1.482 r  clk100_IBUF_inst/O
                         net (fo=1, routed)           2.025     3.506    clk100_IBUF
    BUFGCTRL_X0Y16       BUFG (Prop_bufg_I_O)         0.096     3.602 r  clk100_IBUF_BUFG_inst/O
                         net (fo=9, routed)           1.725     5.328    main_crg_clkin
    SLICE_X0Y96          FDCE                                         r  FDCE/C
  -------------------------------------------------------------------    -------------------
    SLICE_X0Y96          FDCE (Prop_fdce_C_Q)         0.456     5.784 r  FDCE/Q
                         net (fo=1, routed)           0.771     6.555    builder_reset0
    SLICE_X1Y96          FDCE                                         r  FDCE_1/D
  -------------------------------------------------------------------    -------------------

                         (clock clk100 rise edge)    10.000    10.000 r  
    E3                                                0.000    10.000 r  clk100 (IN)
                         net (fo=0)                   0.000    10.000    clk100
    E3                   IBUF (Prop_ibuf_I_O)         1.411    11.411 r  clk100_IBUF_inst/O
                         net (fo=1, routed)           1.920    13.331    clk100_IBUF
    BUFGCTRL_X0Y16       BUFG (Prop_bufg_I_O)         0.091    13.422 r  clk100_IBUF_BUFG_inst/O
                         net (fo=9, routed)           1.605    15.028    main_crg_clkin
    SLICE_X1Y96          FDCE                                         r  FDCE_1/C
                         clock pessimism              0.278    15.306    
                         clock uncertainty           -0.035    15.270    
    SLICE_X1Y96          FDCE (Setup_fdce_C_D)       -0.067    15.203    FDCE_1
  -------------------------------------------------------------------
                         required time                         15.203    
                         arrival time                          -6.555    
  -------------------------------------------------------------------
                         slack                                  8.649    

Slack (MET) :             8.789ns  (required time - arrival time)
  Source:                 FDCE_2/C
                            (rising edge-triggered cell FDCE clocked by clk100  {rise@0.000ns fall@5.000ns period=10.000ns})
  Destination:            FDCE_3/D
                            (rising edge-triggered cell FDCE clocked by clk100  {rise@0.000ns fall@5.000ns period=10.000ns})
  Path Group:             clk100
  Path Type:              Setup (Max at Slow Process Corner)
  Requirement:            10.000ns  (clk100 rise@10.000ns - clk100 rise@0.000ns)
  Data Path Delay:        1.114ns  (logic 0.456ns (40.920%)  route 0.658ns (59.080%))
  Logic Levels:           0  
  Clock Path Skew:        0.000ns (DCD - SCD + CPR)
    Destination Clock Delay (DCD):    5.028ns = ( 15.028 - 10.000 ) 
    Source Clock Delay      (SCD):    5.328ns
    Clock Pessimism Removal (CPR):    0.300ns
  Clock Uncertainty:      0.035ns  ((TSJ^2 + TIJ^2)^1/2 + DJ) / 2 + PE
    Total System Jitter     (TSJ):    0.071ns
    Total Input Jitter      (TIJ):    0.000ns
    Discrete Jitter          (DJ):    0.000ns
    Phase Error              (PE):    0.000ns

    Location             Delay type                Incr(ns)  Path(ns)    Netlist Resource(s)
  -------------------------------------------------------------------    -------------------
                         (clock clk100 rise edge)     0.000     0.000 r  
    E3                                                0.000     0.000 r  clk100 (IN)
                         net (fo=0)                   0.000     0.000    clk100
    E3                   IBUF (Prop_ibuf_I_O)         1.482     1.482 r  clk100_IBUF_inst/O
                         net (fo=1, routed)           2.025     3.506    clk100_IBUF
    BUFGCTRL_X0Y16       BUFG (Prop_bufg_I_O)         0.096     3.602 r  clk100_IBUF_BUFG_inst/O
                         net (fo=9, routed)           1.725     5.328    main_crg_clkin
    SLICE_X1Y96          FDCE                                         r  FDCE_2/C
  -------------------------------------------------------------------    -------------------
    SLICE_X1Y96          FDCE (Prop_fdce_C_Q)         0.456     5.784 r  FDCE_2/Q
                         net (fo=1, routed)           0.658     6.442    builder_reset2
    SLICE_X1Y96          FDCE                                         r  FDCE_3/D
  -------------------------------------------------------------------    -------------------

                         (clock clk100 rise edge)    10.000    10.000 r  
    E3                                                0.000    10.000 r  clk100 (IN)
                         net (fo=0)                   0.000    10.000    clk100
    E3                   IBUF (Prop_ibuf_I_O)         1.411    11.411 r  clk100_IBUF_inst/O
                         net (fo=1, routed)           1.920    13.331    clk100_IBUF
    BUFGCTRL_X0Y16       BUFG (Prop_bufg_I_O)         0.091    13.422 r  clk100_IBUF_BUFG_inst/O
                         net (fo=9, routed)           1.605    15.028    main_crg_clkin
    SLICE_X1Y96          FDCE                                         r  FDCE_3/C
                         clock pessimism              0.300    15.328    
                         clock uncertainty           -0.035    15.292    
    SLICE_X1Y96          FDCE (Setup_fdce_C_D)       -0.061    15.231    FDCE_3
  -------------------------------------------------------------------
                         required time                         15.231    
                         arrival time                          -6.442    
  -------------------------------------------------------------------
                         slack                                  8.789    

Slack (MET) :             8.793ns  (required time - arrival time)
  Source:                 FDCE_3/C
                            (rising edge-triggered cell FDCE clocked by clk100  {rise@0.000ns fall@5.000ns period=10.000ns})
  Destination:            FDCE_4/D
                            (rising edge-triggered cell FDCE clocked by clk100  {rise@0.000ns fall@5.000ns period=10.000ns})
  Path Group:             clk100
  Path Type:              Setup (Max at Slow Process Corner)
  Requirement:            10.000ns  (clk100 rise@10.000ns - clk100 rise@0.000ns)
  Data Path Delay:        1.113ns  (logic 0.456ns (40.956%)  route 0.657ns (59.044%))
  Logic Levels:           0  
  Clock Path Skew:        0.000ns (DCD - SCD + CPR)
    Destination Clock Delay (DCD):    5.028ns = ( 15.028 - 10.000 ) 
    Source Clock Delay      (SCD):    5.328ns
    Clock Pessimism Removal (CPR):    0.300ns
  Clock Uncertainty:      0.035ns  ((TSJ^2 + TIJ^2)^1/2 + DJ) / 2 + PE
    Total System Jitter     (TSJ):    0.071ns
    Total Input Jitter      (TIJ):    0.000ns
    Discrete Jitter          (DJ):    0.000ns
    Phase Error              (PE):    0.000ns

    Location             Delay type                Incr(ns)  Path(ns)    Netlist Resource(s)
  -------------------------------------------------------------------    -------------------
                         (clock clk100 rise edge)     0.000     0.000 r  
    E3                                                0.000     0.000 r  clk100 (IN)
                         net (fo=0)                   0.000     0.000    clk100
    E3                   IBUF (Prop_ibuf_I_O)         1.482     1.482 r  clk100_IBUF_inst/O
                         net (fo=1, routed)           2.025     3.506    clk100_IBUF
    BUFGCTRL_X0Y16       BUFG (Prop_bufg_I_O)         0.096     3.602 r  clk100_IBUF_BUFG_inst/O
                         net (fo=9, routed)           1.725     5.328    main_crg_clkin
    SLICE_X1Y96          FDCE                                         r  FDCE_3/C
  -------------------------------------------------------------------    -------------------
    SLICE_X1Y96          FDCE (Prop_fdce_C_Q)         0.456     5.784 r  FDCE_3/Q
                         net (fo=1, routed)           0.657     6.441    builder_reset3
    SLICE_X1Y96          FDCE                                         r  FDCE_4/D
  -------------------------------------------------------------------    -------------------

                         (clock clk100 rise edge)    10.000    10.000 r  
    E3                                                0.000    10.000 r  clk100 (IN)
                         net (fo=0)                   0.000    10.000    clk100
    E3                   IBUF (Prop_ibuf_I_O)         1.411    11.411 r  clk100_IBUF_inst/O
                         net (fo=1, routed)           1.920    13.331    clk100_IBUF
    BUFGCTRL_X0Y16       BUFG (Prop_bufg_I_O)         0.091    13.422 r  clk100_IBUF_BUFG_inst/O
                         net (fo=9, routed)           1.605    15.028    main_crg_clkin
    SLICE_X1Y96          FDCE                                         r  FDCE_4/C
                         clock pessimism              0.300    15.328    
                         clock uncertainty           -0.035    15.292    
    SLICE_X1Y96          FDCE (Setup_fdce_C_D)       -0.058    15.234    FDCE_4
  -------------------------------------------------------------------
                         required time                         15.234    
                         arrival time                          -6.441    
  -------------------------------------------------------------------
                         slack                                  8.793    

Slack (MET) :             8.907ns  (required time - arrival time)
  Source:                 FDCE_5/C
                            (rising edge-triggered cell FDCE clocked by clk100  {rise@0.000ns fall@5.000ns period=10.000ns})
  Destination:            FDCE_6/D
                            (rising edge-triggered cell FDCE clocked by clk100  {rise@0.000ns fall@5.000ns period=10.000ns})
  Path Group:             clk100
  Path Type:              Setup (Max at Slow Process Corner)
  Requirement:            10.000ns  (clk100 rise@10.000ns - clk100 rise@0.000ns)
  Data Path Delay:        0.801ns  (logic 0.419ns (52.283%)  route 0.382ns (47.717%))
  Logic Levels:           0  
  Clock Path Skew:        0.000ns (DCD - SCD + CPR)
    Destination Clock Delay (DCD):    5.028ns = ( 15.028 - 10.000 ) 
    Source Clock Delay      (SCD):    5.328ns
    Clock Pessimism Removal (CPR):    0.300ns
  Clock Uncertainty:      0.035ns  ((TSJ^2 + TIJ^2)^1/2 + DJ) / 2 + PE
    Total System Jitter     (TSJ):    0.071ns
    Total Input Jitter      (TIJ):    0.000ns
    Discrete Jitter          (DJ):    0.000ns
    Phase Error              (PE):    0.000ns

    Location             Delay type                Incr(ns)  Path(ns)    Netlist Resource(s)
  -------------------------------------------------------------------    -------------------
                         (clock clk100 rise edge)     0.000     0.000 r  
    E3                                                0.000     0.000 r  clk100 (IN)
                         net (fo=0)                   0.000     0.000    clk100
    E3                   IBUF (Prop_ibuf_I_O)         1.482     1.482 r  clk100_IBUF_inst/O
                         net (fo=1, routed)           2.025     3.506    clk100_IBUF
    BUFGCTRL_X0Y16       BUFG (Prop_bufg_I_O)         0.096     3.602 r  clk100_IBUF_BUFG_inst/O
                         net (fo=9, routed)           1.725     5.328    main_crg_clkin
    SLICE_X0Y96          FDCE                                         r  FDCE_5/C
  -------------------------------------------------------------------    -------------------
    SLICE_X0Y96          FDCE (Prop_fdce_C_Q)         0.419     5.747 r  FDCE_5/Q
                         net (fo=1, routed)           0.382     6.129    builder_reset5
    SLICE_X0Y96          FDCE                                         r  FDCE_6/D
  -------------------------------------------------------------------    -------------------

                         (clock clk100 rise edge)    10.000    10.000 r  
    E3                                                0.000    10.000 r  clk100 (IN)
                         net (fo=0)                   0.000    10.000    clk100
    E3                   IBUF (Prop_ibuf_I_O)         1.411    11.411 r  clk100_IBUF_inst/O
                         net (fo=1, routed)           1.920    13.331    clk100_IBUF
    BUFGCTRL_X0Y16       BUFG (Prop_bufg_I_O)         0.091    13.422 r  clk100_IBUF_BUFG_inst/O
                         net (fo=9, routed)           1.605    15.028    main_crg_clkin
    SLICE_X0Y96          FDCE                                         r  FDCE_6/C
                         clock pessimism              0.300    15.328    
                         clock uncertainty           -0.035    15.292    
    SLICE_X0Y96          FDCE (Setup_fdce_C_D)       -0.256    15.036    FDCE_6
  -------------------------------------------------------------------
                         required time                         15.036    
                         arrival time                          -6.129    
  -------------------------------------------------------------------
                         slack                                  8.907    

Slack (MET) :             8.907ns  (required time - arrival time)
  Source:                 FDCE_1/C
                            (rising edge-triggered cell FDCE clocked by clk100  {rise@0.000ns fall@5.000ns period=10.000ns})
  Destination:            FDCE_2/D
                            (rising edge-triggered cell FDCE clocked by clk100  {rise@0.000ns fall@5.000ns period=10.000ns})
  Path Group:             clk100
  Path Type:              Setup (Max at Slow Process Corner)
  Requirement:            10.000ns  (clk100 rise@10.000ns - clk100 rise@0.000ns)
  Data Path Delay:        0.976ns  (logic 0.456ns (46.708%)  route 0.520ns (53.292%))
  Logic Levels:           0  
  Clock Path Skew:        0.000ns (DCD - SCD + CPR)
    Destination Clock Delay (DCD):    5.028ns = ( 15.028 - 10.000 ) 
    Source Clock Delay      (SCD):    5.328ns
    Clock Pessimism Removal (CPR):    0.300ns
  Clock Uncertainty:      0.035ns  ((TSJ^2 + TIJ^2)^1/2 + DJ) / 2 + PE
    Total System Jitter     (TSJ):    0.071ns
    Total Input Jitter      (TIJ):    0.000ns
    Discrete Jitter          (DJ):    0.000ns
    Phase Error              (PE):    0.000ns

    Location             Delay type                Incr(ns)  Path(ns)    Netlist Resource(s)
  -------------------------------------------------------------------    -------------------
                         (clock clk100 rise edge)     0.000     0.000 r  
    E3                                                0.000     0.000 r  clk100 (IN)
                         net (fo=0)                   0.000     0.000    clk100
    E3                   IBUF (Prop_ibuf_I_O)         1.482     1.482 r  clk100_IBUF_inst/O
                         net (fo=1, routed)           2.025     3.506    clk100_IBUF
    BUFGCTRL_X0Y16       BUFG (Prop_bufg_I_O)         0.096     3.602 r  clk100_IBUF_BUFG_inst/O
                         net (fo=9, routed)           1.725     5.328    main_crg_clkin
    SLICE_X1Y96          FDCE                                         r  FDCE_1/C
  -------------------------------------------------------------------    -------------------
    SLICE_X1Y96          FDCE (Prop_fdce_C_Q)         0.456     5.784 r  FDCE_1/Q
                         net (fo=1, routed)           0.520     6.304    builder_reset1
    SLICE_X1Y96          FDCE                                         r  FDCE_2/D
  -------------------------------------------------------------------    -------------------

                         (clock clk100 rise edge)    10.000    10.000 r  
    E3                                                0.000    10.000 r  clk100 (IN)
                         net (fo=0)                   0.000    10.000    clk100
    E3                   IBUF (Prop_ibuf_I_O)         1.411    11.411 r  clk100_IBUF_inst/O
                         net (fo=1, routed)           1.920    13.331    clk100_IBUF
    BUFGCTRL_X0Y16       BUFG (Prop_bufg_I_O)         0.091    13.422 r  clk100_IBUF_BUFG_inst/O
                         net (fo=9, routed)           1.605    15.028    main_crg_clkin
    SLICE_X1Y96          FDCE                                         r  FDCE_2/C
                         clock pessimism              0.300    15.328    
                         clock uncertainty           -0.035    15.292    
    SLICE_X1Y96          FDCE (Setup_fdce_C_D)       -0.081    15.211    FDCE_2
  -------------------------------------------------------------------
                         required time                         15.211    
                         arrival time                          -6.304    
  -------------------------------------------------------------------
                         slack                                  8.907    

Slack (MET) :             8.927ns  (required time - arrival time)
  Source:                 FDCE_6/C
                            (rising edge-triggered cell FDCE clocked by clk100  {rise@0.000ns fall@5.000ns period=10.000ns})
  Destination:            FDCE_7/D
                            (rising edge-triggered cell FDCE clocked by clk100  {rise@0.000ns fall@5.000ns period=10.000ns})
  Path Group:             clk100
  Path Type:              Setup (Max at Slow Process Corner)
  Requirement:            10.000ns  (clk100 rise@10.000ns - clk100 rise@0.000ns)
  Data Path Delay:        0.977ns  (logic 0.456ns (46.669%)  route 0.521ns (53.331%))
  Logic Levels:           0  
  Clock Path Skew:        0.000ns (DCD - SCD + CPR)
    Destination Clock Delay (DCD):    5.028ns = ( 15.028 - 10.000 ) 
    Source Clock Delay      (SCD):    5.328ns
    Clock Pessimism Removal (CPR):    0.300ns
  Clock Uncertainty:      0.035ns  ((TSJ^2 + TIJ^2)^1/2 + DJ) / 2 + PE
    Total System Jitter     (TSJ):    0.071ns
    Total Input Jitter      (TIJ):    0.000ns
    Discrete Jitter          (DJ):    0.000ns
    Phase Error              (PE):    0.000ns

    Location             Delay type                Incr(ns)  Path(ns)    Netlist Resource(s)
  -------------------------------------------------------------------    -------------------
                         (clock clk100 rise edge)     0.000     0.000 r  
    E3                                                0.000     0.000 r  clk100 (IN)
                         net (fo=0)                   0.000     0.000    clk100
    E3                   IBUF (Prop_ibuf_I_O)         1.482     1.482 r  clk100_IBUF_inst/O
                         net (fo=1, routed)           2.025     3.506    clk100_IBUF
    BUFGCTRL_X0Y16       BUFG (Prop_bufg_I_O)         0.096     3.602 r  clk100_IBUF_BUFG_inst/O
                         net (fo=9, routed)           1.725     5.328    main_crg_clkin
    SLICE_X0Y96          FDCE                                         r  FDCE_6/C
  -------------------------------------------------------------------    -------------------
    SLICE_X0Y96          FDCE (Prop_fdce_C_Q)         0.456     5.784 r  FDCE_6/Q
                         net (fo=1, routed)           0.521     6.305    builder_reset6
    SLICE_X0Y96          FDCE                                         r  FDCE_7/D
  -------------------------------------------------------------------    -------------------

                         (clock clk100 rise edge)    10.000    10.000 r  
    E3                                                0.000    10.000 r  clk100 (IN)
                         net (fo=0)                   0.000    10.000    clk100
    E3                   IBUF (Prop_ibuf_I_O)         1.411    11.411 r  clk100_IBUF_inst/O
                         net (fo=1, routed)           1.920    13.331    clk100_IBUF
    BUFGCTRL_X0Y16       BUFG (Prop_bufg_I_O)         0.091    13.422 r  clk100_IBUF_BUFG_inst/O
                         net (fo=9, routed)           1.605    15.028    main_crg_clkin
    SLICE_X0Y96          FDCE                                         r  FDCE_7/C
                         clock pessimism              0.300    15.328    
                         clock uncertainty           -0.035    15.292    
    SLICE_X0Y96          FDCE (Setup_fdce_C_D)       -0.061    15.231    FDCE_7
  -------------------------------------------------------------------
                         required time                         15.231    
                         arrival time                          -6.305    
  -------------------------------------------------------------------
                         slack                                  8.927    

Slack (MET) :             9.102ns  (required time - arrival time)
  Source:                 FDCE_4/C
                            (rising edge-triggered cell FDCE clocked by clk100  {rise@0.000ns fall@5.000ns period=10.000ns})
  Destination:            FDCE_5/D
                            (rising edge-triggered cell FDCE clocked by clk100  {rise@0.000ns fall@5.000ns period=10.000ns})
  Path Group:             clk100
  Path Type:              Setup (Max at Slow Process Corner)
  Requirement:            10.000ns  (clk100 rise@10.000ns - clk100 rise@0.000ns)
  Data Path Delay:        0.794ns  (logic 0.456ns (57.441%)  route 0.338ns (42.559%))
  Logic Levels:           0  
  Clock Path Skew:        -0.022ns (DCD - SCD + CPR)
    Destination Clock Delay (DCD):    5.028ns = ( 15.028 - 10.000 ) 
    Source Clock Delay      (SCD):    5.328ns
    Clock Pessimism Removal (CPR):    0.278ns
  Clock Uncertainty:      0.035ns  ((TSJ^2 + TIJ^2)^1/2 + DJ) / 2 + PE
    Total System Jitter     (TSJ):    0.071ns
    Total Input Jitter      (TIJ):    0.000ns
    Discrete Jitter          (DJ):    0.000ns
    Phase Error              (PE):    0.000ns

    Location             Delay type                Incr(ns)  Path(ns)    Netlist Resource(s)
  -------------------------------------------------------------------    -------------------
                         (clock clk100 rise edge)     0.000     0.000 r  
    E3                                                0.000     0.000 r  clk100 (IN)
                         net (fo=0)                   0.000     0.000    clk100
    E3                   IBUF (Prop_ibuf_I_O)         1.482     1.482 r  clk100_IBUF_inst/O
                         net (fo=1, routed)           2.025     3.506    clk100_IBUF
    BUFGCTRL_X0Y16       BUFG (Prop_bufg_I_O)         0.096     3.602 r  clk100_IBUF_BUFG_inst/O
                         net (fo=9, routed)           1.725     5.328    main_crg_clkin
    SLICE_X1Y96          FDCE                                         r  FDCE_4/C
  -------------------------------------------------------------------    -------------------
    SLICE_X1Y96          FDCE (Prop_fdce_C_Q)         0.456     5.784 r  FDCE_4/Q
                         net (fo=1, routed)           0.338     6.122    builder_reset4
    SLICE_X0Y96          FDCE                                         r  FDCE_5/D
  -------------------------------------------------------------------    -------------------

                         (clock clk100 rise edge)    10.000    10.000 r  
    E3                                                0.000    10.000 r  clk100 (IN)
                         net (fo=0)                   0.000    10.000    clk100
    E3                   IBUF (Prop_ibuf_I_O)         1.411    11.411 r  clk100_IBUF_inst/O
                         net (fo=1, routed)           1.920    13.331    clk100_IBUF
    BUFGCTRL_X0Y16       BUFG (Prop_bufg_I_O)         0.091    13.422 r  clk100_IBUF_BUFG_inst/O
                         net (fo=9, routed)           1.605    15.028    main_crg_clkin
    SLICE_X0Y96          FDCE                                         r  FDCE_5/C
                         clock pessimism              0.278    15.306    
                         clock uncertainty           -0.035    15.270    
    SLICE_X0Y96          FDCE (Setup_fdce_C_D)       -0.047    15.223    FDCE_5
  -------------------------------------------------------------------
                         required time                         15.223    
                         arrival time                          -6.122    
  -------------------------------------------------------------------
                         slack                                  9.102    





Min Delay Paths
--------------------------------------------------------------------------------------
Slack (MET) :             0.171ns  (arrival time - required time)
  Source:                 FDCE_4/C
                            (rising edge-triggered cell FDCE clocked by clk100  {rise@0.000ns fall@5.000ns period=10.000ns})
  Destination:            FDCE_5/D
                            (rising edge-triggered cell FDCE clocked by clk100  {rise@0.000ns fall@5.000ns period=10.000ns})
  Path Group:             clk100
  Path Type:              Hold (Min at Fast Process Corner)
  Requirement:            0.000ns  (clk100 rise@0.000ns - clk100 rise@0.000ns)
  Data Path Delay:        0.259ns  (logic 0.141ns (54.469%)  route 0.118ns (45.531%))
  Logic Levels:           0  
  Clock Path Skew:        0.013ns (DCD - SCD - CPR)
    Destination Clock Delay (DCD):    2.042ns
    Source Clock Delay      (SCD):    1.523ns
    Clock Pessimism Removal (CPR):    0.505ns

    Location             Delay type                Incr(ns)  Path(ns)    Netlist Resource(s)
  -------------------------------------------------------------------    -------------------
                         (clock clk100 rise edge)     0.000     0.000 r  
    E3                                                0.000     0.000 r  clk100 (IN)
                         net (fo=0)                   0.000     0.000    clk100
    E3                   IBUF (Prop_ibuf_I_O)         0.250     0.250 r  clk100_IBUF_inst/O
                         net (fo=1, routed)           0.644     0.894    clk100_IBUF
    BUFGCTRL_X0Y16       BUFG (Prop_bufg_I_O)         0.026     0.920 r  clk100_IBUF_BUFG_inst/O
                         net (fo=9, routed)           0.604     1.523    main_crg_clkin
    SLICE_X1Y96          FDCE                                         r  FDCE_4/C
  -------------------------------------------------------------------    -------------------
    SLICE_X1Y96          FDCE (Prop_fdce_C_Q)         0.141     1.664 r  FDCE_4/Q
                         net (fo=1, routed)           0.118     1.782    builder_reset4
    SLICE_X0Y96          FDCE                                         r  FDCE_5/D
  -------------------------------------------------------------------    -------------------

                         (clock clk100 rise edge)     0.000     0.000 r  
    E3                                                0.000     0.000 r  clk100 (IN)
                         net (fo=0)                   0.000     0.000    clk100
    E3                   IBUF (Prop_ibuf_I_O)         0.438     0.438 r  clk100_IBUF_inst/O
                         net (fo=1, routed)           0.699     1.136    clk100_IBUF
    BUFGCTRL_X0Y16       BUFG (Prop_bufg_I_O)         0.029     1.165 r  clk100_IBUF_BUFG_inst/O
                         net (fo=9, routed)           0.877     2.042    main_crg_clkin
    SLICE_X0Y96          FDCE                                         r  FDCE_5/C
                         clock pessimism             -0.505     1.536    
    SLICE_X0Y96          FDCE (Hold_fdce_C_D)         0.075     1.611    FDCE_5
  -------------------------------------------------------------------
                         required time                         -1.611    
                         arrival time                           1.782    
  -------------------------------------------------------------------
                         slack                                  0.171    

Slack (MET) :             0.235ns  (arrival time - required time)
  Source:                 FDCE_5/C
                            (rising edge-triggered cell FDCE clocked by clk100  {rise@0.000ns fall@5.000ns period=10.000ns})
  Destination:            FDCE_6/D
                            (rising edge-triggered cell FDCE clocked by clk100  {rise@0.000ns fall@5.000ns period=10.000ns})
  Path Group:             clk100
  Path Type:              Hold (Min at Fast Process Corner)
  Requirement:            0.000ns  (clk100 rise@0.000ns - clk100 rise@0.000ns)
  Data Path Delay:        0.247ns  (logic 0.128ns (51.736%)  route 0.119ns (48.264%))
  Logic Levels:           0  
  Clock Path Skew:        0.000ns (DCD - SCD - CPR)
    Destination Clock Delay (DCD):    2.042ns
    Source Clock Delay      (SCD):    1.523ns
    Clock Pessimism Removal (CPR):    0.518ns

    Location             Delay type                Incr(ns)  Path(ns)    Netlist Resource(s)
  -------------------------------------------------------------------    -------------------
                         (clock clk100 rise edge)     0.000     0.000 r  
    E3                                                0.000     0.000 r  clk100 (IN)
                         net (fo=0)                   0.000     0.000    clk100
    E3                   IBUF (Prop_ibuf_I_O)         0.250     0.250 r  clk100_IBUF_inst/O
                         net (fo=1, routed)           0.644     0.894    clk100_IBUF
    BUFGCTRL_X0Y16       BUFG (Prop_bufg_I_O)         0.026     0.920 r  clk100_IBUF_BUFG_inst/O
                         net (fo=9, routed)           0.604     1.523    main_crg_clkin
    SLICE_X0Y96          FDCE                                         r  FDCE_5/C
  -------------------------------------------------------------------    -------------------
    SLICE_X0Y96          FDCE (Prop_fdce_C_Q)         0.128     1.651 r  FDCE_5/Q
                         net (fo=1, routed)           0.119     1.771    builder_reset5
    SLICE_X0Y96          FDCE                                         r  FDCE_6/D
  -------------------------------------------------------------------    -------------------

                         (clock clk100 rise edge)     0.000     0.000 r  
    E3                                                0.000     0.000 r  clk100 (IN)
                         net (fo=0)                   0.000     0.000    clk100
    E3                   IBUF (Prop_ibuf_I_O)         0.438     0.438 r  clk100_IBUF_inst/O
                         net (fo=1, routed)           0.699     1.136    clk100_IBUF
    BUFGCTRL_X0Y16       BUFG (Prop_bufg_I_O)         0.029     1.165 r  clk100_IBUF_BUFG_inst/O
                         net (fo=9, routed)           0.877     2.042    main_crg_clkin
    SLICE_X0Y96          FDCE                                         r  FDCE_6/C
                         clock pessimism             -0.518     1.523    
    SLICE_X0Y96          FDCE (Hold_fdce_C_D)         0.012     1.535    FDCE_6
  -------------------------------------------------------------------
                         required time                         -1.535    
                         arrival time                           1.771    
  -------------------------------------------------------------------
                         slack                                  0.235    

Slack (MET) :             0.243ns  (arrival time - required time)
  Source:                 FDCE_6/C
                            (rising edge-triggered cell FDCE clocked by clk100  {rise@0.000ns fall@5.000ns period=10.000ns})
  Destination:            FDCE_7/D
                            (rising edge-triggered cell FDCE clocked by clk100  {rise@0.000ns fall@5.000ns period=10.000ns})
  Path Group:             clk100
  Path Type:              Hold (Min at Fast Process Corner)
  Requirement:            0.000ns  (clk100 rise@0.000ns - clk100 rise@0.000ns)
  Data Path Delay:        0.313ns  (logic 0.141ns (45.034%)  route 0.172ns (54.966%))
  Logic Levels:           0  
  Clock Path Skew:        0.000ns (DCD - SCD - CPR)
    Destination Clock Delay (DCD):    2.042ns
    Source Clock Delay      (SCD):    1.523ns
    Clock Pessimism Removal (CPR):    0.518ns

    Location             Delay type                Incr(ns)  Path(ns)    Netlist Resource(s)
  -------------------------------------------------------------------    -------------------
                         (clock clk100 rise edge)     0.000     0.000 r  
    E3                                                0.000     0.000 r  clk100 (IN)
                         net (fo=0)                   0.000     0.000    clk100
    E3                   IBUF (Prop_ibuf_I_O)         0.250     0.250 r  clk100_IBUF_inst/O
                         net (fo=1, routed)           0.644     0.894    clk100_IBUF
    BUFGCTRL_X0Y16       BUFG (Prop_bufg_I_O)         0.026     0.920 r  clk100_IBUF_BUFG_inst/O
                         net (fo=9, routed)           0.604     1.523    main_crg_clkin
    SLICE_X0Y96          FDCE                                         r  FDCE_6/C
  -------------------------------------------------------------------    -------------------
    SLICE_X0Y96          FDCE (Prop_fdce_C_Q)         0.141     1.664 r  FDCE_6/Q
                         net (fo=1, routed)           0.172     1.836    builder_reset6
    SLICE_X0Y96          FDCE                                         r  FDCE_7/D
  -------------------------------------------------------------------    -------------------

                         (clock clk100 rise edge)     0.000     0.000 r  
    E3                                                0.000     0.000 r  clk100 (IN)
                         net (fo=0)                   0.000     0.000    clk100
    E3                   IBUF (Prop_ibuf_I_O)         0.438     0.438 r  clk100_IBUF_inst/O
                         net (fo=1, routed)           0.699     1.136    clk100_IBUF
    BUFGCTRL_X0Y16       BUFG (Prop_bufg_I_O)         0.029     1.165 r  clk100_IBUF_BUFG_inst/O
                         net (fo=9, routed)           0.877     2.042    main_crg_clkin
    SLICE_X0Y96          FDCE                                         r  FDCE_7/C
                         clock pessimism             -0.518     1.523    
    SLICE_X0Y96          FDCE (Hold_fdce_C_D)         0.070     1.593    FDCE_7
  -------------------------------------------------------------------
                         required time                         -1.593    
                         arrival time                           1.836    
  -------------------------------------------------------------------
                         slack                                  0.243    

Slack (MET) :             0.245ns  (arrival time - required time)
  Source:                 FDCE_1/C
                            (rising edge-triggered cell FDCE clocked by clk100  {rise@0.000ns fall@5.000ns period=10.000ns})
  Destination:            FDCE_2/D
                            (rising edge-triggered cell FDCE clocked by clk100  {rise@0.000ns fall@5.000ns period=10.000ns})
  Path Group:             clk100
  Path Type:              Hold (Min at Fast Process Corner)
  Requirement:            0.000ns  (clk100 rise@0.000ns - clk100 rise@0.000ns)
  Data Path Delay:        0.311ns  (logic 0.141ns (45.298%)  route 0.170ns (54.702%))
  Logic Levels:           0  
  Clock Path Skew:        0.000ns (DCD - SCD - CPR)
    Destination Clock Delay (DCD):    2.042ns
    Source Clock Delay      (SCD):    1.523ns
    Clock Pessimism Removal (CPR):    0.518ns

    Location             Delay type                Incr(ns)  Path(ns)    Netlist Resource(s)
  -------------------------------------------------------------------    -------------------
                         (clock clk100 rise edge)     0.000     0.000 r  
    E3                                                0.000     0.000 r  clk100 (IN)
                         net (fo=0)                   0.000     0.000    clk100
    E3                   IBUF (Prop_ibuf_I_O)         0.250     0.250 r  clk100_IBUF_inst/O
                         net (fo=1, routed)           0.644     0.894    clk100_IBUF
    BUFGCTRL_X0Y16       BUFG (Prop_bufg_I_O)         0.026     0.920 r  clk100_IBUF_BUFG_inst/O
                         net (fo=9, routed)           0.604     1.523    main_crg_clkin
    SLICE_X1Y96          FDCE                                         r  FDCE_1/C
  -------------------------------------------------------------------    -------------------
    SLICE_X1Y96          FDCE (Prop_fdce_C_Q)         0.141     1.664 r  FDCE_1/Q
                         net (fo=1, routed)           0.170     1.835    builder_reset1
    SLICE_X1Y96          FDCE                                         r  FDCE_2/D
  -------------------------------------------------------------------    -------------------

                         (clock clk100 rise edge)     0.000     0.000 r  
    E3                                                0.000     0.000 r  clk100 (IN)
                         net (fo=0)                   0.000     0.000    clk100
    E3                   IBUF (Prop_ibuf_I_O)         0.438     0.438 r  clk100_IBUF_inst/O
                         net (fo=1, routed)           0.699     1.136    clk100_IBUF
    BUFGCTRL_X0Y16       BUFG (Prop_bufg_I_O)         0.029     1.165 r  clk100_IBUF_BUFG_inst/O
                         net (fo=9, routed)           0.877     2.042    main_crg_clkin
    SLICE_X1Y96          FDCE                                         r  FDCE_2/C
                         clock pessimism             -0.518     1.523    
    SLICE_X1Y96          FDCE (Hold_fdce_C_D)         0.066     1.589    FDCE_2
  -------------------------------------------------------------------
                         required time                         -1.589    
                         arrival time                           1.835    
  -------------------------------------------------------------------
                         slack                                  0.245    

Slack (MET) :             0.398ns  (arrival time - required time)
  Source:                 FDCE_3/C
                            (rising edge-triggered cell FDCE clocked by clk100  {rise@0.000ns fall@5.000ns period=10.000ns})
  Destination:            FDCE_4/D
                            (rising edge-triggered cell FDCE clocked by clk100  {rise@0.000ns fall@5.000ns period=10.000ns})
  Path Group:             clk100
  Path Type:              Hold (Min at Fast Process Corner)
  Requirement:            0.000ns  (clk100 rise@0.000ns - clk100 rise@0.000ns)
  Data Path Delay:        0.470ns  (logic 0.141ns (29.976%)  route 0.329ns (70.024%))
  Logic Levels:           0  
  Clock Path Skew:        0.000ns (DCD - SCD - CPR)
    Destination Clock Delay (DCD):    2.042ns
    Source Clock Delay      (SCD):    1.523ns
    Clock Pessimism Removal (CPR):    0.518ns

    Location             Delay type                Incr(ns)  Path(ns)    Netlist Resource(s)
  -------------------------------------------------------------------    -------------------
                         (clock clk100 rise edge)     0.000     0.000 r  
    E3                                                0.000     0.000 r  clk100 (IN)
                         net (fo=0)                   0.000     0.000    clk100
    E3                   IBUF (Prop_ibuf_I_O)         0.250     0.250 r  clk100_IBUF_inst/O
                         net (fo=1, routed)           0.644     0.894    clk100_IBUF
    BUFGCTRL_X0Y16       BUFG (Prop_bufg_I_O)         0.026     0.920 r  clk100_IBUF_BUFG_inst/O
                         net (fo=9, routed)           0.604     1.523    main_crg_clkin
    SLICE_X1Y96          FDCE                                         r  FDCE_3/C
  -------------------------------------------------------------------    -------------------
    SLICE_X1Y96          FDCE (Prop_fdce_C_Q)         0.141     1.664 r  FDCE_3/Q
                         net (fo=1, routed)           0.329     1.994    builder_reset3
    SLICE_X1Y96          FDCE                                         r  FDCE_4/D
  -------------------------------------------------------------------    -------------------

                         (clock clk100 rise edge)     0.000     0.000 r  
    E3                                                0.000     0.000 r  clk100 (IN)
                         net (fo=0)                   0.000     0.000    clk100
    E3                   IBUF (Prop_ibuf_I_O)         0.438     0.438 r  clk100_IBUF_inst/O
                         net (fo=1, routed)           0.699     1.136    clk100_IBUF
    BUFGCTRL_X0Y16       BUFG (Prop_bufg_I_O)         0.029     1.165 r  clk100_IBUF_BUFG_inst/O
                         net (fo=9, routed)           0.877     2.042    main_crg_clkin
    SLICE_X1Y96          FDCE                                         r  FDCE_4/C
                         clock pessimism             -0.518     1.523    
    SLICE_X1Y96          FDCE (Hold_fdce_C_D)         0.072     1.595    FDCE_4
  -------------------------------------------------------------------
                         required time                         -1.595    
                         arrival time                           1.994    
  -------------------------------------------------------------------
                         slack                                  0.398    

Slack (MET) :             0.400ns  (arrival time - required time)
  Source:                 FDCE_2/C
                            (rising edge-triggered cell FDCE clocked by clk100  {rise@0.000ns fall@5.000ns period=10.000ns})
  Destination:            FDCE_3/D
                            (rising edge-triggered cell FDCE clocked by clk100  {rise@0.000ns fall@5.000ns period=10.000ns})
  Path Group:             clk100
  Path Type:              Hold (Min at Fast Process Corner)
  Requirement:            0.000ns  (clk100 rise@0.000ns - clk100 rise@0.000ns)
  Data Path Delay:        0.470ns  (logic 0.141ns (29.976%)  route 0.329ns (70.024%))
  Logic Levels:           0  
  Clock Path Skew:        0.000ns (DCD - SCD - CPR)
    Destination Clock Delay (DCD):    2.042ns
    Source Clock Delay      (SCD):    1.523ns
    Clock Pessimism Removal (CPR):    0.518ns

    Location             Delay type                Incr(ns)  Path(ns)    Netlist Resource(s)
  -------------------------------------------------------------------    -------------------
                         (clock clk100 rise edge)     0.000     0.000 r  
    E3                                                0.000     0.000 r  clk100 (IN)
                         net (fo=0)                   0.000     0.000    clk100
    E3                   IBUF (Prop_ibuf_I_O)         0.250     0.250 r  clk100_IBUF_inst/O
                         net (fo=1, routed)           0.644     0.894    clk100_IBUF
    BUFGCTRL_X0Y16       BUFG (Prop_bufg_I_O)         0.026     0.920 r  clk100_IBUF_BUFG_inst/O
                         net (fo=9, routed)           0.604     1.523    main_crg_clkin
    SLICE_X1Y96          FDCE                                         r  FDCE_2/C
  -------------------------------------------------------------------    -------------------
    SLICE_X1Y96          FDCE (Prop_fdce_C_Q)         0.141     1.664 r  FDCE_2/Q
                         net (fo=1, routed)           0.329     1.994    builder_reset2
    SLICE_X1Y96          FDCE                                         r  FDCE_3/D
  -------------------------------------------------------------------    -------------------

                         (clock clk100 rise edge)     0.000     0.000 r  
    E3                                                0.000     0.000 r  clk100 (IN)
                         net (fo=0)                   0.000     0.000    clk100
    E3                   IBUF (Prop_ibuf_I_O)         0.438     0.438 r  clk100_IBUF_inst/O
                         net (fo=1, routed)           0.699     1.136    clk100_IBUF
    BUFGCTRL_X0Y16       BUFG (Prop_bufg_I_O)         0.029     1.165 r  clk100_IBUF_BUFG_inst/O
                         net (fo=9, routed)           0.877     2.042    main_crg_clkin
    SLICE_X1Y96          FDCE                                         r  FDCE_3/C
                         clock pessimism             -0.518     1.523    
    SLICE_X1Y96          FDCE (Hold_fdce_C_D)         0.070     1.593    FDCE_3
  -------------------------------------------------------------------
                         required time                         -1.593    
                         arrival time                           1.994    
  -------------------------------------------------------------------
                         slack                                  0.400    

Slack (MET) :             0.427ns  (arrival time - required time)
  Source:                 FDCE/C
                            (rising edge-triggered cell FDCE clocked by clk100  {rise@0.000ns fall@5.000ns period=10.000ns})
  Destination:            FDCE_1/D
                            (rising edge-triggered cell FDCE clocked by clk100  {rise@0.000ns fall@5.000ns period=10.000ns})
  Path Group:             clk100
  Path Type:              Hold (Min at Fast Process Corner)
  Requirement:            0.000ns  (clk100 rise@0.000ns - clk100 rise@0.000ns)
  Data Path Delay:        0.510ns  (logic 0.141ns (27.651%)  route 0.369ns (72.349%))
  Logic Levels:           0  
  Clock Path Skew:        0.013ns (DCD - SCD - CPR)
    Destination Clock Delay (DCD):    2.042ns
    Source Clock Delay      (SCD):    1.523ns
    Clock Pessimism Removal (CPR):    0.505ns

    Location             Delay type                Incr(ns)  Path(ns)    Netlist Resource(s)
  -------------------------------------------------------------------    -------------------
                         (clock clk100 rise edge)     0.000     0.000 r  
    E3                                                0.000     0.000 r  clk100 (IN)
                         net (fo=0)                   0.000     0.000    clk100
    E3                   IBUF (Prop_ibuf_I_O)         0.250     0.250 r  clk100_IBUF_inst/O
                         net (fo=1, routed)           0.644     0.894    clk100_IBUF
    BUFGCTRL_X0Y16       BUFG (Prop_bufg_I_O)         0.026     0.920 r  clk100_IBUF_BUFG_inst/O
                         net (fo=9, routed)           0.604     1.523    main_crg_clkin
    SLICE_X0Y96          FDCE                                         r  FDCE/C
  -------------------------------------------------------------------    -------------------
    SLICE_X0Y96          FDCE (Prop_fdce_C_Q)         0.141     1.664 r  FDCE/Q
                         net (fo=1, routed)           0.369     2.033    builder_reset0
    SLICE_X1Y96          FDCE                                         r  FDCE_1/D
  -------------------------------------------------------------------    -------------------

                         (clock clk100 rise edge)     0.000     0.000 r  
    E3                                                0.000     0.000 r  clk100 (IN)
                         net (fo=0)                   0.000     0.000    clk100
    E3                   IBUF (Prop_ibuf_I_O)         0.438     0.438 r  clk100_IBUF_inst/O
                         net (fo=1, routed)           0.699     1.136    clk100_IBUF
    BUFGCTRL_X0Y16       BUFG (Prop_bufg_I_O)         0.029     1.165 r  clk100_IBUF_BUFG_inst/O
                         net (fo=9, routed)           0.877     2.042    main_crg_clkin
    SLICE_X1Y96          FDCE                                         r  FDCE_1/C
                         clock pessimism             -0.505     1.536    
    SLICE_X1Y96          FDCE (Hold_fdce_C_D)         0.070     1.606    FDCE_1
  -------------------------------------------------------------------
                         required time                         -1.606    
                         arrival time                           2.033    
  -------------------------------------------------------------------
                         slack                                  0.427    





Pulse Width Checks
--------------------------------------------------------------------------------------
Clock Name:         clk100
Waveform(ns):       { 0.000 5.000 }
Period(ns):         10.000
Sources:            { clk100 }

Check Type        Corner  Lib Pin           Reference Pin  Required(ns)  Actual(ns)  Slack(ns)  Location        Pin
Min Period        n/a     BUFG/I            n/a            2.155         10.000      7.845      BUFGCTRL_X0Y16  clk100_IBUF_BUFG_inst/I
Min Period        n/a     PLLE2_ADV/CLKIN1  n/a            1.249         10.000      8.751      PLLE2_ADV_X0Y0  PLLE2_ADV/CLKIN1
Min Period        n/a     FDCE/C            n/a            1.000         10.000      9.000      SLICE_X0Y96     FDCE/C
Min Period        n/a     FDCE/C            n/a            1.000         10.000      9.000      SLICE_X1Y96     FDCE_1/C
Min Period        n/a     FDCE/C            n/a            1.000         10.000      9.000      SLICE_X1Y96     FDCE_2/C
Min Period        n/a     FDCE/C            n/a            1.000         10.000      9.000      SLICE_X1Y96     FDCE_3/C
Min Period        n/a     FDCE/C            n/a            1.000         10.000      9.000      SLICE_X1Y96     FDCE_4/C
Min Period        n/a     FDCE/C            n/a            1.000         10.000      9.000      SLICE_X0Y96     FDCE_5/C
Min Period        n/a     FDCE/C            n/a            1.000         10.000      9.000      SLICE_X0Y96     FDCE_6/C
Min Period        n/a     FDCE/C            n/a            1.000         10.000      9.000      SLICE_X0Y96     FDCE_7/C
Max Period        n/a     PLLE2_ADV/CLKIN1  n/a            52.633        10.000      42.633     PLLE2_ADV_X0Y0  PLLE2_ADV/CLKIN1
Low Pulse Width   Slow    PLLE2_ADV/CLKIN1  n/a            2.000         5.000       3.000      PLLE2_ADV_X0Y0  PLLE2_ADV/CLKIN1
Low Pulse Width   Fast    PLLE2_ADV/CLKIN1  n/a            2.000         5.000       3.000      PLLE2_ADV_X0Y0  PLLE2_ADV/CLKIN1
Low Pulse Width   Slow    FDCE/C            n/a            0.500         5.000       4.500      SLICE_X0Y96     FDCE/C
Low Pulse Width   Fast    FDCE/C            n/a            0.500         5.000       4.500      SLICE_X0Y96     FDCE/C
Low Pulse Width   Slow    FDCE/C            n/a            0.500         5.000       4.500      SLICE_X1Y96     FDCE_1/C
Low Pulse Width   Fast    FDCE/C            n/a            0.500         5.000       4.500      SLICE_X1Y96     FDCE_1/C
Low Pulse Width   Slow    FDCE/C            n/a            0.500         5.000       4.500      SLICE_X1Y96     FDCE_2/C
Low Pulse Width   Fast    FDCE/C            n/a            0.500         5.000       4.500      SLICE_X1Y96     FDCE_2/C
Low Pulse Width   Slow    FDCE/C            n/a            0.500         5.000       4.500      SLICE_X1Y96     FDCE_3/C
Low Pulse Width   Fast    FDCE/C            n/a            0.500         5.000       4.500      SLICE_X1Y96     FDCE_3/C
High Pulse Width  Slow    PLLE2_ADV/CLKIN1  n/a            2.000         5.000       3.000      PLLE2_ADV_X0Y0  PLLE2_ADV/CLKIN1
High Pulse Width  Fast    PLLE2_ADV/CLKIN1  n/a            2.000         5.000       3.000      PLLE2_ADV_X0Y0  PLLE2_ADV/CLKIN1
High Pulse Width  Slow    FDCE/C            n/a            0.500         5.000       4.500      SLICE_X0Y96     FDCE/C
High Pulse Width  Fast    FDCE/C            n/a            0.500         5.000       4.500      SLICE_X0Y96     FDCE/C
High Pulse Width  Slow    FDCE/C            n/a            0.500         5.000       4.500      SLICE_X1Y96     FDCE_1/C
High Pulse Width  Fast    FDCE/C            n/a            0.500         5.000       4.500      SLICE_X1Y96     FDCE_1/C
High Pulse Width  Slow    FDCE/C            n/a            0.500         5.000       4.500      SLICE_X1Y96     FDCE_2/C
High Pulse Width  Fast    FDCE/C            n/a            0.500         5.000       4.500      SLICE_X1Y96     FDCE_2/C
High Pulse Width  Slow    FDCE/C            n/a            0.500         5.000       4.500      SLICE_X1Y96     FDCE_3/C
High Pulse Width  Fast    FDCE/C            n/a            0.500         5.000       4.500      SLICE_X1Y96     FDCE_3/C



---------------------------------------------------------------------------------------------------
From Clock:  builder_pll_fb
  To Clock:  builder_pll_fb

Setup :           NA  Failing Endpoints,  Worst Slack           NA  ,  Total Violation           NA
Hold  :           NA  Failing Endpoints,  Worst Slack           NA  ,  Total Violation           NA
PW    :            0  Failing Endpoints,  Worst Slack        8.751ns,  Total Violation        0.000ns
---------------------------------------------------------------------------------------------------


Pulse Width Checks
--------------------------------------------------------------------------------------
Clock Name:         builder_pll_fb
Waveform(ns):       { 0.000 5.000 }
Period(ns):         10.000
Sources:            { PLLE2_ADV/CLKFBOUT }

Check Type  Corner  Lib Pin             Reference Pin  Required(ns)  Actual(ns)  Slack(ns)  Location        Pin
Min Period  n/a     PLLE2_ADV/CLKFBOUT  n/a            1.249         10.000      8.751      PLLE2_ADV_X0Y0  PLLE2_ADV/CLKFBOUT
Min Period  n/a     PLLE2_ADV/CLKFBIN   n/a            1.249         10.000      8.751      PLLE2_ADV_X0Y0  PLLE2_ADV/CLKFBIN
Max Period  n/a     PLLE2_ADV/CLKFBIN   n/a            52.633        10.000      42.633     PLLE2_ADV_X0Y0  PLLE2_ADV/CLKFBIN
Max Period  n/a     PLLE2_ADV/CLKFBOUT  n/a            160.000       10.000      150.000    PLLE2_ADV_X0Y0  PLLE2_ADV/CLKFBOUT



---------------------------------------------------------------------------------------------------
From Clock:  main_crg_clkout0
  To Clock:  main_crg_clkout0

Setup :            0  Failing Endpoints,  Worst Slack        0.019ns,  Total Violation        0.000ns
Hold  :            0  Failing Endpoints,  Worst Slack        0.026ns,  Total Violation        0.000ns
PW    :            0  Failing Endpoints,  Worst Slack        3.750ns,  Total Violation        0.000ns
---------------------------------------------------------------------------------------------------


Max Delay Paths
--------------------------------------------------------------------------------------
Slack (MET) :             0.019ns  (required time - arrival time)
  Source:                 gemv_core/w_word_c_reg[2]/C
                            (rising edge-triggered cell FDRE clocked by main_crg_clkout0  {rise@0.000ns fall@5.000ns period=10.000ns})
  Destination:            gemv_core/dot4_r_reg[17]/D
                            (rising edge-triggered cell FDRE clocked by main_crg_clkout0  {rise@0.000ns fall@5.000ns period=10.000ns})
  Path Group:             main_crg_clkout0
  Path Type:              Setup (Max at Slow Process Corner)
  Requirement:            10.000ns  (main_crg_clkout0 rise@10.000ns - main_crg_clkout0 rise@0.000ns)
  Data Path Delay:        9.882ns  (logic 5.476ns (55.412%)  route 4.406ns (44.588%))
  Logic Levels:           14  (CARRY4=8 LUT2=3 LUT3=1 LUT6=2)
  Clock Path Skew:        -0.104ns (DCD - SCD + CPR)
    Destination Clock Delay (DCD):    9.132ns = ( 19.132 - 10.000 ) 
    Source Clock Delay      (SCD):    9.677ns
    Clock Pessimism Removal (CPR):    0.440ns
  Clock Uncertainty:      0.057ns  ((TSJ^2 + DJ^2)^1/2) / 2 + PE
    Total System Jitter     (TSJ):    0.071ns
    Discrete Jitter          (DJ):    0.089ns
    Phase Error              (PE):    0.000ns

    Location             Delay type                Incr(ns)  Path(ns)    Netlist Resource(s)
  -------------------------------------------------------------------    -------------------
                         (clock main_crg_clkout0 rise edge)
                                                      0.000     0.000 r  
    E3                                                0.000     0.000 r  clk100 (IN)
                         net (fo=0)                   0.000     0.000    clk100
    E3                   IBUF (Prop_ibuf_I_O)         1.482     1.482 r  clk100_IBUF_inst/O
                         net (fo=1, routed)           2.025     3.506    clk100_IBUF
    BUFGCTRL_X0Y16       BUFG (Prop_bufg_I_O)         0.096     3.602 r  clk100_IBUF_BUFG_inst/O
                         net (fo=9, routed)           1.832     5.435    main_crg_clkin
    PLLE2_ADV_X0Y0       PLLE2_ADV (Prop_plle2_adv_CLKIN1_CLKOUT0)
                                                      0.088     5.523 r  PLLE2_ADV/CLKOUT0
                         net (fo=1, routed)           2.012     7.535    main_crg_clkout0
    BUFGCTRL_X0Y15       BUFG (Prop_bufg_I_O)         0.096     7.631 r  BUFG_replica/O
                         net (fo=4, routed)           0.154     7.785    main_crg_clkout_buf0_repN
    BUFGCTRL_X0Y0        BUFG (Prop_bufg_I_O)         0.096     7.881 r  BUFG/O
                         net (fo=6781, routed)        1.795     9.677    gemv_core/main_crg_clkout_buf0
    SLICE_X53Y42         FDRE                                         r  gemv_core/w_word_c_reg[2]/C
  -------------------------------------------------------------------    -------------------
    SLICE_X53Y42         FDRE (Prop_fdre_C_Q)         0.456    10.133 r  gemv_core/w_word_c_reg[2]/Q
                         net (fo=16, routed)          1.085    11.218    gemv_core/w_word_c_reg_n_0_[2]
    SLICE_X55Y42         LUT6 (Prop_lut6_I0_O)        0.124    11.342 r  gemv_core/dot4_r[29]_i_252/O
                         net (fo=2, routed)           0.425    11.767    gemv_core/dot4_r[29]_i_252_n_0
    SLICE_X52Y42         LUT6 (Prop_lut6_I0_O)        0.124    11.891 r  gemv_core/dot4_r[29]_i_256/O
                         net (fo=1, routed)           0.000    11.891    gemv_core/dot4_r[29]_i_256_n_0
    SLICE_X52Y42         CARRY4 (Prop_carry4_S[1]_O[2])
                                                      0.580    12.471 r  gemv_core/dot4_r_reg[29]_i_202/O[2]
                         net (fo=2, routed)           0.423    12.894    gemv_core/dot4_r_reg[29]_i_202_n_5
    SLICE_X53Y42         LUT3 (Prop_lut3_I2_O)        0.302    13.196 r  gemv_core/dot4_r[29]_i_164/O
                         net (fo=2, routed)           0.649    13.845    gemv_core/dot4_r[29]_i_164_n_0
    SLICE_X52Y44         CARRY4 (Prop_carry4_DI[3]_CO[3])
                                                      0.385    14.230 r  gemv_core/dot4_r_reg[29]_i_108/CO[3]
                         net (fo=1, routed)           0.000    14.230    gemv_core/dot4_r_reg[29]_i_108_n_0
    SLICE_X52Y45         CARRY4 (Prop_carry4_CI_O[1])
                                                      0.334    14.564 r  gemv_core/dot4_r_reg[29]_i_73/O[1]
                         net (fo=1, routed)           0.586    15.150    gemv_core/C[9]
    SLICE_X48Y46         LUT2 (Prop_lut2_I1_O)        0.303    15.453 r  gemv_core/dot4_r[29]_i_39/O
                         net (fo=1, routed)           0.000    15.453    gemv_core/dot4_r[29]_i_39_n_0
    SLICE_X48Y46         CARRY4 (Prop_carry4_S[1]_CO[3])
                                                      0.550    16.003 r  gemv_core/dot4_r_reg[29]_i_16/CO[3]
                         net (fo=1, routed)           0.000    16.003    gemv_core/dot4_r_reg[29]_i_16_n_0
    SLICE_X48Y47         CARRY4 (Prop_carry4_CI_O[1])
                                                      0.334    16.337 r  gemv_core/dot4_r_reg[29]_i_7/O[1]
                         net (fo=1, routed)           0.490    16.827    gemv_core/dot4_r_reg[29]_i_7_n_6
    SLICE_X49Y45         LUT2 (Prop_lut2_I1_O)        0.303    17.130 r  gemv_core/dot4_r[29]_i_14/O
                         net (fo=1, routed)           0.000    17.130    gemv_core/dot4_r[29]_i_14_n_0
    SLICE_X49Y45         CARRY4 (Prop_carry4_S[1]_O[3])
                                                      0.640    17.770 r  gemv_core/dot4_r_reg[29]_i_4/O[3]
                         net (fo=4, routed)           0.748    18.518    gemv_core/dot4_r_reg[29]_i_4_n_4
    SLICE_X48Y42         LUT2 (Prop_lut2_I0_O)        0.306    18.824 r  gemv_core/dot4_r[15]_i_4/O
                         net (fo=1, routed)           0.000    18.824    gemv_core/dot4_r[15]_i_4_n_0
    SLICE_X48Y42         CARRY4 (Prop_carry4_S[3]_CO[3])
                                                      0.401    19.225 r  gemv_core/dot4_r_reg[15]_i_1/CO[3]
                         net (fo=1, routed)           0.000    19.225    gemv_core/dot4_r_reg[15]_i_1_n_0
    SLICE_X48Y43         CARRY4 (Prop_carry4_CI_O[1])
                                                      0.334    19.559 r  gemv_core/dot4_r_reg[29]_i_2/O[1]
                         net (fo=1, routed)           0.000    19.559    gemv_core/dot4_c[17]
    SLICE_X48Y43         FDRE                                         r  gemv_core/dot4_r_reg[17]/D
  -------------------------------------------------------------------    -------------------

                         (clock main_crg_clkout0 rise edge)
                                                     10.000    10.000 r  
    E3                                                0.000    10.000 r  clk100 (IN)
                         net (fo=0)                   0.000    10.000    clk100
    E3                   IBUF (Prop_ibuf_I_O)         1.411    11.411 r  clk100_IBUF_inst/O
                         net (fo=1, routed)           1.920    13.331    clk100_IBUF
    BUFGCTRL_X0Y16       BUFG (Prop_bufg_I_O)         0.091    13.422 r  clk100_IBUF_BUFG_inst/O
                         net (fo=9, routed)           1.705    15.127    main_crg_clkin
    PLLE2_ADV_X0Y0       PLLE2_ADV (Prop_plle2_adv_CLKIN1_CLKOUT0)
                                                      0.083    15.210 r  PLLE2_ADV/CLKOUT0
                         net (fo=1, routed)           1.918    17.128    main_crg_clkout0
    BUFGCTRL_X0Y15       BUFG (Prop_bufg_I_O)         0.091    17.219 r  BUFG_replica/O
                         net (fo=4, routed)           0.147    17.366    main_crg_clkout_buf0_repN
    BUFGCTRL_X0Y0        BUFG (Prop_bufg_I_O)         0.091    17.457 r  BUFG/O
                         net (fo=6781, routed)        1.675    19.132    gemv_core/main_crg_clkout_buf0
    SLICE_X48Y43         FDRE                                         r  gemv_core/dot4_r_reg[17]/C
                         clock pessimism              0.440    19.573    
                         clock uncertainty           -0.057    19.516    
    SLICE_X48Y43         FDRE (Setup_fdre_C_D)        0.062    19.578    gemv_core/dot4_r_reg[17]
  -------------------------------------------------------------------
                         required time                         19.578    
                         arrival time                         -19.559    
  -------------------------------------------------------------------
                         slack                                  0.019    

Slack (MET) :             0.036ns  (required time - arrival time)
  Source:                 gemv_core/x_word_c_reg[4]/C
                            (rising edge-triggered cell FDRE clocked by main_crg_clkout0  {rise@0.000ns fall@5.000ns period=10.000ns})
  Destination:            gemv_core/dot4_r_reg[29]/D
                            (rising edge-triggered cell FDRE clocked by main_crg_clkout0  {rise@0.000ns fall@5.000ns period=10.000ns})
  Path Group:             main_crg_clkout0
  Path Type:              Setup (Max at Slow Process Corner)
  Requirement:            10.000ns  (main_crg_clkout0 rise@10.000ns - main_crg_clkout0 rise@0.000ns)
  Data Path Delay:        9.864ns  (logic 5.417ns (54.915%)  route 4.447ns (45.085%))
  Logic Levels:           14  (CARRY4=8 LUT2=4 LUT3=1 LUT6=1)
  Clock Path Skew:        -0.105ns (DCD - SCD + CPR)
    Destination Clock Delay (DCD):    9.132ns = ( 19.132 - 10.000 ) 
    Source Clock Delay      (SCD):    9.678ns
    Clock Pessimism Removal (CPR):    0.440ns
  Clock Uncertainty:      0.057ns  ((TSJ^2 + DJ^2)^1/2) / 2 + PE
    Total System Jitter     (TSJ):    0.071ns
    Discrete Jitter          (DJ):    0.089ns
    Phase Error              (PE):    0.000ns

    Location             Delay type                Incr(ns)  Path(ns)    Netlist Resource(s)
  -------------------------------------------------------------------    -------------------
                         (clock main_crg_clkout0 rise edge)
                                                      0.000     0.000 r  
    E3                                                0.000     0.000 r  clk100 (IN)
                         net (fo=0)                   0.000     0.000    clk100
    E3                   IBUF (Prop_ibuf_I_O)         1.482     1.482 r  clk100_IBUF_inst/O
                         net (fo=1, routed)           2.025     3.506    clk100_IBUF
    BUFGCTRL_X0Y16       BUFG (Prop_bufg_I_O)         0.096     3.602 r  clk100_IBUF_BUFG_inst/O
                         net (fo=9, routed)           1.832     5.435    main_crg_clkin
    PLLE2_ADV_X0Y0       PLLE2_ADV (Prop_plle2_adv_CLKIN1_CLKOUT0)
                                                      0.088     5.523 r  PLLE2_ADV/CLKOUT0
                         net (fo=1, routed)           2.012     7.535    main_crg_clkout0
    BUFGCTRL_X0Y15       BUFG (Prop_bufg_I_O)         0.096     7.631 r  BUFG_replica/O
                         net (fo=4, routed)           0.154     7.785    main_crg_clkout_buf0_repN
    BUFGCTRL_X0Y0        BUFG (Prop_bufg_I_O)         0.096     7.881 r  BUFG/O
                         net (fo=6781, routed)        1.796     9.678    gemv_core/main_crg_clkout_buf0
    SLICE_X53Y43         FDRE                                         r  gemv_core/x_word_c_reg[4]/C
  -------------------------------------------------------------------    -------------------
    SLICE_X53Y43         FDRE (Prop_fdre_C_Q)         0.456    10.134 f  gemv_core/x_word_c_reg[4]/Q
                         net (fo=17, routed)          1.016    11.150    gemv_core/x_word_c_reg_n_0_[4]
    SLICE_X54Y42         LUT2 (Prop_lut2_I0_O)        0.150    11.300 r  gemv_core/dot4_r[29]_i_263/O
                         net (fo=1, routed)           0.450    11.750    gemv_core/dot4_r[29]_i_263_n_0
    SLICE_X52Y42         LUT6 (Prop_lut6_I3_O)        0.328    12.078 r  gemv_core/dot4_r[29]_i_255/O
                         net (fo=1, routed)           0.000    12.078    gemv_core/dot4_r[29]_i_255_n_0
    SLICE_X52Y42         CARRY4 (Prop_carry4_S[2]_CO[3])
                                                      0.398    12.476 r  gemv_core/dot4_r_reg[29]_i_202/CO[3]
                         net (fo=1, routed)           0.000    12.476    gemv_core/dot4_r_reg[29]_i_202_n_0
    SLICE_X52Y43         CARRY4 (Prop_carry4_CI_O[1])
                                                      0.334    12.810 r  gemv_core/dot4_r_reg[29]_i_200/O[1]
                         net (fo=2, routed)           0.308    13.118    gemv_core/dot4_r_reg[29]_i_200_n_6
    SLICE_X55Y43         LUT3 (Prop_lut3_I2_O)        0.303    13.421 r  gemv_core/dot4_r[29]_i_114/O
                         net (fo=2, routed)           0.799    14.220    gemv_core/dot4_r[29]_i_114_n_0
    SLICE_X52Y45         CARRY4 (Prop_carry4_DI[2]_CO[3])
                                                      0.398    14.618 r  gemv_core/dot4_r_reg[29]_i_73/CO[3]
                         net (fo=1, routed)           0.000    14.618    gemv_core/dot4_r_reg[29]_i_73_n_0
    SLICE_X52Y46         CARRY4 (Prop_carry4_CI_O[1])
                                                      0.334    14.952 r  gemv_core/dot4_r_reg[29]_i_47/O[1]
                         net (fo=1, routed)           0.586    15.538    gemv_core/C[13]
    SLICE_X48Y47         LUT2 (Prop_lut2_I1_O)        0.303    15.841 r  gemv_core/dot4_r[29]_i_21/O
                         net (fo=1, routed)           0.000    15.841    gemv_core/dot4_r[29]_i_21_n_0
    SLICE_X48Y47         CARRY4 (Prop_carry4_S[1]_O[3])
                                                      0.640    16.481 r  gemv_core/dot4_r_reg[29]_i_7/O[3]
                         net (fo=4, routed)           0.577    17.058    gemv_core/dot4_r_reg[29]_i_7_n_4
    SLICE_X49Y45         LUT2 (Prop_lut2_I0_O)        0.306    17.364 r  gemv_core/dot4_r[29]_i_12/O
                         net (fo=1, routed)           0.000    17.364    gemv_core/dot4_r[29]_i_12_n_0
    SLICE_X49Y45         CARRY4 (Prop_carry4_S[3]_CO[3])
                                                      0.401    17.765 r  gemv_core/dot4_r_reg[29]_i_4/CO[3]
                         net (fo=1, routed)           0.000    17.765    gemv_core/dot4_r_reg[29]_i_4_n_0
    SLICE_X49Y46         CARRY4 (Prop_carry4_CI_CO[1])
                                                      0.157    17.922 r  gemv_core/dot4_r_reg[29]_i_3/CO[1]
                         net (fo=1, routed)           0.711    18.633    gemv_core/dot4_r_reg[29]_i_3_n_2
    SLICE_X48Y43         LUT2 (Prop_lut2_I1_O)        0.329    18.962 r  gemv_core/dot4_r[29]_i_5/O
                         net (fo=1, routed)           0.000    18.962    gemv_core/dot4_r[29]_i_5_n_0
    SLICE_X48Y43         CARRY4 (Prop_carry4_S[1]_O[2])
                                                      0.580    19.542 r  gemv_core/dot4_r_reg[29]_i_2/O[2]
                         net (fo=1, routed)           0.000    19.542    gemv_core/dot4_c[29]
    SLICE_X48Y43         FDRE                                         r  gemv_core/dot4_r_reg[29]/D
  -------------------------------------------------------------------    -------------------

                         (clock main_crg_clkout0 rise edge)
                                                     10.000    10.000 r  
    E3                                                0.000    10.000 r  clk100 (IN)
                         net (fo=0)                   0.000    10.000    clk100
    E3                   IBUF (Prop_ibuf_I_O)         1.411    11.411 r  clk100_IBUF_inst/O
                         net (fo=1, routed)           1.920    13.331    clk100_IBUF
    BUFGCTRL_X0Y16       BUFG (Prop_bufg_I_O)         0.091    13.422 r  clk100_IBUF_BUFG_inst/O
                         net (fo=9, routed)           1.705    15.127    main_crg_clkin
    PLLE2_ADV_X0Y0       PLLE2_ADV (Prop_plle2_adv_CLKIN1_CLKOUT0)
                                                      0.083    15.210 r  PLLE2_ADV/CLKOUT0
                         net (fo=1, routed)           1.918    17.128    main_crg_clkout0
    BUFGCTRL_X0Y15       BUFG (Prop_bufg_I_O)         0.091    17.219 r  BUFG_replica/O
                         net (fo=4, routed)           0.147    17.366    main_crg_clkout_buf0_repN
    BUFGCTRL_X0Y0        BUFG (Prop_bufg_I_O)         0.091    17.457 r  BUFG/O
                         net (fo=6781, routed)        1.675    19.132    gemv_core/main_crg_clkout_buf0
    SLICE_X48Y43         FDRE                                         r  gemv_core/dot4_r_reg[29]/C
                         clock pessimism              0.440    19.573    
                         clock uncertainty           -0.057    19.516    
    SLICE_X48Y43         FDRE (Setup_fdre_C_D)        0.062    19.578    gemv_core/dot4_r_reg[29]
  -------------------------------------------------------------------
                         required time                         19.578    
                         arrival time                         -19.542    
  -------------------------------------------------------------------
                         slack                                  0.036    

Slack (MET) :             0.130ns  (required time - arrival time)
  Source:                 gemv_core/w_word_c_reg[2]/C
                            (rising edge-triggered cell FDRE clocked by main_crg_clkout0  {rise@0.000ns fall@5.000ns period=10.000ns})
  Destination:            gemv_core/dot4_r_reg[16]/D
                            (rising edge-triggered cell FDRE clocked by main_crg_clkout0  {rise@0.000ns fall@5.000ns period=10.000ns})
  Path Group:             main_crg_clkout0
  Path Type:              Setup (Max at Slow Process Corner)
  Requirement:            10.000ns  (main_crg_clkout0 rise@10.000ns - main_crg_clkout0 rise@0.000ns)
  Data Path Delay:        9.771ns  (logic 5.365ns (54.905%)  route 4.406ns (45.095%))
  Logic Levels:           14  (CARRY4=8 LUT2=3 LUT3=1 LUT6=2)
  Clock Path Skew:        -0.104ns (DCD - SCD + CPR)
    Destination Clock Delay (DCD):    9.132ns = ( 19.132 - 10.000 ) 
    Source Clock Delay      (SCD):    9.677ns
    Clock Pessimism Removal (CPR):    0.440ns
  Clock Uncertainty:      0.057ns  ((TSJ^2 + DJ^2)^1/2) / 2 + PE
    Total System Jitter     (TSJ):    0.071ns
    Discrete Jitter          (DJ):    0.089ns
    Phase Error              (PE):    0.000ns

    Location             Delay type                Incr(ns)  Path(ns)    Netlist Resource(s)
  -------------------------------------------------------------------    -------------------
                         (clock main_crg_clkout0 rise edge)
                                                      0.000     0.000 r  
    E3                                                0.000     0.000 r  clk100 (IN)
                         net (fo=0)                   0.000     0.000    clk100
    E3                   IBUF (Prop_ibuf_I_O)         1.482     1.482 r  clk100_IBUF_inst/O
                         net (fo=1, routed)           2.025     3.506    clk100_IBUF
    BUFGCTRL_X0Y16       BUFG (Prop_bufg_I_O)         0.096     3.602 r  clk100_IBUF_BUFG_inst/O
                         net (fo=9, routed)           1.832     5.435    main_crg_clkin
    PLLE2_ADV_X0Y0       PLLE2_ADV (Prop_plle2_adv_CLKIN1_CLKOUT0)
                                                      0.088     5.523 r  PLLE2_ADV/CLKOUT0
                         net (fo=1, routed)           2.012     7.535    main_crg_clkout0
    BUFGCTRL_X0Y15       BUFG (Prop_bufg_I_O)         0.096     7.631 r  BUFG_replica/O
                         net (fo=4, routed)           0.154     7.785    main_crg_clkout_buf0_repN
    BUFGCTRL_X0Y0        BUFG (Prop_bufg_I_O)         0.096     7.881 r  BUFG/O
                         net (fo=6781, routed)        1.795     9.677    gemv_core/main_crg_clkout_buf0
    SLICE_X53Y42         FDRE                                         r  gemv_core/w_word_c_reg[2]/C
  -------------------------------------------------------------------    -------------------
    SLICE_X53Y42         FDRE (Prop_fdre_C_Q)         0.456    10.133 r  gemv_core/w_word_c_reg[2]/Q
                         net (fo=16, routed)          1.085    11.218    gemv_core/w_word_c_reg_n_0_[2]
    SLICE_X55Y42         LUT6 (Prop_lut6_I0_O)        0.124    11.342 r  gemv_core/dot4_r[29]_i_252/O
                         net (fo=2, routed)           0.425    11.767    gemv_core/dot4_r[29]_i_252_n_0
    SLICE_X52Y42         LUT6 (Prop_lut6_I0_O)        0.124    11.891 r  gemv_core/dot4_r[29]_i_256/O
                         net (fo=1, routed)           0.000    11.891    gemv_core/dot4_r[29]_i_256_n_0
    SLICE_X52Y42         CARRY4 (Prop_carry4_S[1]_O[2])
                                                      0.580    12.471 r  gemv_core/dot4_r_reg[29]_i_202/O[2]
                         net (fo=2, routed)           0.423    12.894    gemv_core/dot4_r_reg[29]_i_202_n_5
    SLICE_X53Y42         LUT3 (Prop_lut3_I2_O)        0.302    13.196 r  gemv_core/dot4_r[29]_i_164/O
                         net (fo=2, routed)           0.649    13.845    gemv_core/dot4_r[29]_i_164_n_0
    SLICE_X52Y44         CARRY4 (Prop_carry4_DI[3]_CO[3])
                                                      0.385    14.230 r  gemv_core/dot4_r_reg[29]_i_108/CO[3]
                         net (fo=1, routed)           0.000    14.230    gemv_core/dot4_r_reg[29]_i_108_n_0
    SLICE_X52Y45         CARRY4 (Prop_carry4_CI_O[1])
                                                      0.334    14.564 r  gemv_core/dot4_r_reg[29]_i_73/O[1]
                         net (fo=1, routed)           0.586    15.150    gemv_core/C[9]
    SLICE_X48Y46         LUT2 (Prop_lut2_I1_O)        0.303    15.453 r  gemv_core/dot4_r[29]_i_39/O
                         net (fo=1, routed)           0.000    15.453    gemv_core/dot4_r[29]_i_39_n_0
    SLICE_X48Y46         CARRY4 (Prop_carry4_S[1]_CO[3])
                                                      0.550    16.003 r  gemv_core/dot4_r_reg[29]_i_16/CO[3]
                         net (fo=1, routed)           0.000    16.003    gemv_core/dot4_r_reg[29]_i_16_n_0
    SLICE_X48Y47         CARRY4 (Prop_carry4_CI_O[1])
                                                      0.334    16.337 r  gemv_core/dot4_r_reg[29]_i_7/O[1]
                         net (fo=1, routed)           0.490    16.827    gemv_core/dot4_r_reg[29]_i_7_n_6
    SLICE_X49Y45         LUT2 (Prop_lut2_I1_O)        0.303    17.130 r  gemv_core/dot4_r[29]_i_14/O
                         net (fo=1, routed)           0.000    17.130    gemv_core/dot4_r[29]_i_14_n_0
    SLICE_X49Y45         CARRY4 (Prop_carry4_S[1]_O[3])
                                                      0.640    17.770 r  gemv_core/dot4_r_reg[29]_i_4/O[3]
                         net (fo=4, routed)           0.748    18.518    gemv_core/dot4_r_reg[29]_i_4_n_4
    SLICE_X48Y42         LUT2 (Prop_lut2_I0_O)        0.306    18.824 r  gemv_core/dot4_r[15]_i_4/O
                         net (fo=1, routed)           0.000    18.824    gemv_core/dot4_r[15]_i_4_n_0
    SLICE_X48Y42         CARRY4 (Prop_carry4_S[3]_CO[3])
                                                      0.401    19.225 r  gemv_core/dot4_r_reg[15]_i_1/CO[3]
                         net (fo=1, routed)           0.000    19.225    gemv_core/dot4_r_reg[15]_i_1_n_0
    SLICE_X48Y43         CARRY4 (Prop_carry4_CI_O[0])
                                                      0.223    19.448 r  gemv_core/dot4_r_reg[29]_i_2/O[0]
                         net (fo=1, routed)           0.000    19.448    gemv_core/dot4_c[16]
    SLICE_X48Y43         FDRE                                         r  gemv_core/dot4_r_reg[16]/D
  -------------------------------------------------------------------    -------------------

                         (clock main_crg_clkout0 rise edge)
                                                     10.000    10.000 r  
    E3                                                0.000    10.000 r  clk100 (IN)
                         net (fo=0)                   0.000    10.000    clk100
    E3                   IBUF (Prop_ibuf_I_O)         1.411    11.411 r  clk100_IBUF_inst/O
                         net (fo=1, routed)           1.920    13.331    clk100_IBUF
    BUFGCTRL_X0Y16       BUFG (Prop_bufg_I_O)         0.091    13.422 r  clk100_IBUF_BUFG_inst/O
                         net (fo=9, routed)           1.705    15.127    main_crg_clkin
    PLLE2_ADV_X0Y0       PLLE2_ADV (Prop_plle2_adv_CLKIN1_CLKOUT0)
                                                      0.083    15.210 r  PLLE2_ADV/CLKOUT0
                         net (fo=1, routed)           1.918    17.128    main_crg_clkout0
    BUFGCTRL_X0Y15       BUFG (Prop_bufg_I_O)         0.091    17.219 r  BUFG_replica/O
                         net (fo=4, routed)           0.147    17.366    main_crg_clkout_buf0_repN
    BUFGCTRL_X0Y0        BUFG (Prop_bufg_I_O)         0.091    17.457 r  BUFG/O
                         net (fo=6781, routed)        1.675    19.132    gemv_core/main_crg_clkout_buf0
    SLICE_X48Y43         FDRE                                         r  gemv_core/dot4_r_reg[16]/C
                         clock pessimism              0.440    19.573    
                         clock uncertainty           -0.057    19.516    
    SLICE_X48Y43         FDRE (Setup_fdre_C_D)        0.062    19.578    gemv_core/dot4_r_reg[16]
  -------------------------------------------------------------------
                         required time                         19.578    
                         arrival time                         -19.448    
  -------------------------------------------------------------------
                         slack                                  0.130    

Slack (MET) :             0.230ns  (required time - arrival time)
  Source:                 tag_mem_reg_1/CLKARDCLK
                            (rising edge-triggered cell RAMB36E1 clocked by main_crg_clkout0  {rise@0.000ns fall@5.000ns period=10.000ns})
  Destination:            data_mem_grain5_reg_1/WEA[0]
                            (rising edge-triggered cell RAMB36E1 clocked by main_crg_clkout0  {rise@0.000ns fall@5.000ns period=10.000ns})
  Path Group:             main_crg_clkout0
  Path Type:              Setup (Max at Slow Process Corner)
  Requirement:            10.000ns  (main_crg_clkout0 rise@10.000ns - main_crg_clkout0 rise@0.000ns)
  Data Path Delay:        8.958ns  (logic 4.020ns (44.875%)  route 4.938ns (55.125%))
  Logic Levels:           6  (CARRY4=2 LUT4=2 LUT6=2)
  Clock Path Skew:        -0.223ns (DCD - SCD + CPR)
    Destination Clock Delay (DCD):    9.087ns = ( 19.087 - 10.000 ) 
    Source Clock Delay      (SCD):    9.742ns
    Clock Pessimism Removal (CPR):    0.432ns
  Clock Uncertainty:      0.057ns  ((TSJ^2 + DJ^2)^1/2) / 2 + PE
    Total System Jitter     (TSJ):    0.071ns
    Discrete Jitter          (DJ):    0.089ns
    Phase Error              (PE):    0.000ns

    Location             Delay type                Incr(ns)  Path(ns)    Netlist Resource(s)
  -------------------------------------------------------------------    -------------------
                         (clock main_crg_clkout0 rise edge)
                                                      0.000     0.000 r  
    E3                                                0.000     0.000 r  clk100 (IN)
                         net (fo=0)                   0.000     0.000    clk100
    E3                   IBUF (Prop_ibuf_I_O)         1.482     1.482 r  clk100_IBUF_inst/O
                         net (fo=1, routed)           2.025     3.506    clk100_IBUF
    BUFGCTRL_X0Y16       BUFG (Prop_bufg_I_O)         0.096     3.602 r  clk100_IBUF_BUFG_inst/O
                         net (fo=9, routed)           1.832     5.435    main_crg_clkin
    PLLE2_ADV_X0Y0       PLLE2_ADV (Prop_plle2_adv_CLKIN1_CLKOUT0)
                                                      0.088     5.523 r  PLLE2_ADV/CLKOUT0
                         net (fo=1, routed)           2.012     7.535    main_crg_clkout0
    BUFGCTRL_X0Y15       BUFG (Prop_bufg_I_O)         0.096     7.631 r  BUFG_replica/O
                         net (fo=4, routed)           0.154     7.785    main_crg_clkout_buf0_repN
    BUFGCTRL_X0Y0        BUFG (Prop_bufg_I_O)         0.096     7.881 r  BUFG/O
                         net (fo=6781, routed)        1.861     9.742    main_crg_clkout_buf0
    RAMB36_X0Y8          RAMB36E1                                     r  tag_mem_reg_1/CLKARDCLK
  -------------------------------------------------------------------    -------------------
    RAMB36_X0Y8          RAMB36E1 (Prop_ramb36e1_CLKARDCLK_DOADO[1])
                                                      2.454    12.196 r  tag_mem_reg_1/DOADO[1]
                         net (fo=2, routed)           1.376    13.572    VexRiscv/IBusCachedPlugin_cache/main_basesoc_tag_do_tag[5]
    SLICE_X11Y49         LUT6 (Prop_lut6_I0_O)        0.124    13.696 r  VexRiscv/IBusCachedPlugin_cache/tag_mem_reg_0_i_25/O
                         net (fo=1, routed)           0.000    13.696    VexRiscv/IBusCachedPlugin_cache/tag_mem_reg_0_i_25_n_0
    SLICE_X11Y49         CARRY4 (Prop_carry4_S[1]_CO[3])
                                                      0.550    14.246 r  VexRiscv/IBusCachedPlugin_cache/tag_mem_reg_0_i_21/CO[3]
                         net (fo=1, routed)           0.001    14.247    VexRiscv/IBusCachedPlugin_cache/tag_mem_reg_0_i_21_n_0
    SLICE_X11Y50         CARRY4 (Prop_carry4_CI_CO[0])
                                                      0.271    14.518 r  VexRiscv/IBusCachedPlugin_cache/tag_mem_reg_0_i_20/CO[0]
                         net (fo=6, routed)           0.790    15.308    VexRiscv/IBusCachedPlugin_cache/main_basesoc_wb_sdram_ack0
    SLICE_X35Y50         LUT6 (Prop_lut6_I3_O)        0.373    15.681 r  VexRiscv/IBusCachedPlugin_cache/data_mem_grain2_reg_0_i_16/O
                         net (fo=10, routed)          0.649    16.330    VexRiscv/IBusCachedPlugin_cache/data_mem_grain2_reg_0_i_16_n_0
    SLICE_X35Y58         LUT4 (Prop_lut4_I0_O)        0.124    16.454 r  VexRiscv/IBusCachedPlugin_cache/data_mem_grain1_reg_0_i_10/O
                         net (fo=4, routed)           0.815    17.269    VexRiscv/IBusCachedPlugin_cache/data_mem_grain1_reg_0_i_10_n_0
    SLICE_X53Y57         LUT4 (Prop_lut4_I3_O)        0.124    17.393 r  VexRiscv/IBusCachedPlugin_cache/data_mem_grain5_reg_0_i_8/O
                         net (fo=2, routed)           1.307    18.700    main_basesoc_data_port_we[5]
    RAMB36_X2Y12         RAMB36E1                                     r  data_mem_grain5_reg_1/WEA[0]
  -------------------------------------------------------------------    -------------------

                         (clock main_crg_clkout0 rise edge)
                                                     10.000    10.000 r  
    E3                                                0.000    10.000 r  clk100 (IN)
                         net (fo=0)                   0.000    10.000    clk100
    E3                   IBUF (Prop_ibuf_I_O)         1.411    11.411 r  clk100_IBUF_inst/O
                         net (fo=1, routed)           1.920    13.331    clk100_IBUF
    BUFGCTRL_X0Y16       BUFG (Prop_bufg_I_O)         0.091    13.422 r  clk100_IBUF_BUFG_inst/O
                         net (fo=9, routed)           1.705    15.127    main_crg_clkin
    PLLE2_ADV_X0Y0       PLLE2_ADV (Prop_plle2_adv_CLKIN1_CLKOUT0)
                                                      0.083    15.210 r  PLLE2_ADV/CLKOUT0
                         net (fo=1, routed)           1.918    17.128    main_crg_clkout0
    BUFGCTRL_X0Y15       BUFG (Prop_bufg_I_O)         0.091    17.219 r  BUFG_replica/O
                         net (fo=4, routed)           0.147    17.366    main_crg_clkout_buf0_repN
    BUFGCTRL_X0Y0        BUFG (Prop_bufg_I_O)         0.091    17.457 r  BUFG/O
                         net (fo=6781, routed)        1.630    19.087    main_crg_clkout_buf0
    RAMB36_X2Y12         RAMB36E1                                     r  data_mem_grain5_reg_1/CLKARDCLK
                         clock pessimism              0.432    19.519    
                         clock uncertainty           -0.057    19.462    
    RAMB36_X2Y12         RAMB36E1 (Setup_ramb36e1_CLKARDCLK_WEA[0])
                                                     -0.532    18.930    data_mem_grain5_reg_1
  -------------------------------------------------------------------
                         required time                         18.930    
                         arrival time                         -18.700    
  -------------------------------------------------------------------
                         slack                                  0.230    

Slack (MET) :             0.263ns  (required time - arrival time)
  Source:                 tag_mem_reg_1/CLKARDCLK
                            (rising edge-triggered cell RAMB36E1 clocked by main_crg_clkout0  {rise@0.000ns fall@5.000ns period=10.000ns})
  Destination:            data_mem_grain5_reg_0/WEA[0]
                            (rising edge-triggered cell RAMB36E1 clocked by main_crg_clkout0  {rise@0.000ns fall@5.000ns period=10.000ns})
  Path Group:             main_crg_clkout0
  Path Type:              Setup (Max at Slow Process Corner)
  Requirement:            10.000ns  (main_crg_clkout0 rise@10.000ns - main_crg_clkout0 rise@0.000ns)
  Data Path Delay:        8.930ns  (logic 4.020ns (45.017%)  route 4.910ns (54.983%))
  Logic Levels:           6  (CARRY4=2 LUT4=2 LUT6=2)
  Clock Path Skew:        -0.218ns (DCD - SCD + CPR)
    Destination Clock Delay (DCD):    9.092ns = ( 19.092 - 10.000 ) 
    Source Clock Delay      (SCD):    9.742ns
    Clock Pessimism Removal (CPR):    0.432ns
  Clock Uncertainty:      0.057ns  ((TSJ^2 + DJ^2)^1/2) / 2 + PE
    Total System Jitter     (TSJ):    0.071ns
    Discrete Jitter          (DJ):    0.089ns
    Phase Error              (PE):    0.000ns

    Location             Delay type                Incr(ns)  Path(ns)    Netlist Resource(s)
  -------------------------------------------------------------------    -------------------
                         (clock main_crg_clkout0 rise edge)
                                                      0.000     0.000 r  
    E3                                                0.000     0.000 r  clk100 (IN)
                         net (fo=0)                   0.000     0.000    clk100
    E3                   IBUF (Prop_ibuf_I_O)         1.482     1.482 r  clk100_IBUF_inst/O
                         net (fo=1, routed)           2.025     3.506    clk100_IBUF
    BUFGCTRL_X0Y16       BUFG (Prop_bufg_I_O)         0.096     3.602 r  clk100_IBUF_BUFG_inst/O
                         net (fo=9, routed)           1.832     5.435    main_crg_clkin
    PLLE2_ADV_X0Y0       PLLE2_ADV (Prop_plle2_adv_CLKIN1_CLKOUT0)
                                                      0.088     5.523 r  PLLE2_ADV/CLKOUT0
                         net (fo=1, routed)           2.012     7.535    main_crg_clkout0
    BUFGCTRL_X0Y15       BUFG (Prop_bufg_I_O)         0.096     7.631 r  BUFG_replica/O
                         net (fo=4, routed)           0.154     7.785    main_crg_clkout_buf0_repN
    BUFGCTRL_X0Y0        BUFG (Prop_bufg_I_O)         0.096     7.881 r  BUFG/O
                         net (fo=6781, routed)        1.861     9.742    main_crg_clkout_buf0
    RAMB36_X0Y8          RAMB36E1                                     r  tag_mem_reg_1/CLKARDCLK
  -------------------------------------------------------------------    -------------------
    RAMB36_X0Y8          RAMB36E1 (Prop_ramb36e1_CLKARDCLK_DOADO[1])
                                                      2.454    12.196 r  tag_mem_reg_1/DOADO[1]
                         net (fo=2, routed)           1.376    13.572    VexRiscv/IBusCachedPlugin_cache/main_basesoc_tag_do_tag[5]
    SLICE_X11Y49         LUT6 (Prop_lut6_I0_O)        0.124    13.696 r  VexRiscv/IBusCachedPlugin_cache/tag_mem_reg_0_i_25/O
                         net (fo=1, routed)           0.000    13.696    VexRiscv/IBusCachedPlugin_cache/tag_mem_reg_0_i_25_n_0
    SLICE_X11Y49         CARRY4 (Prop_carry4_S[1]_CO[3])
                                                      0.550    14.246 r  VexRiscv/IBusCachedPlugin_cache/tag_mem_reg_0_i_21/CO[3]
                         net (fo=1, routed)           0.001    14.247    VexRiscv/IBusCachedPlugin_cache/tag_mem_reg_0_i_21_n_0
    SLICE_X11Y50         CARRY4 (Prop_carry4_CI_CO[0])
                                                      0.271    14.518 r  VexRiscv/IBusCachedPlugin_cache/tag_mem_reg_0_i_20/CO[0]
                         net (fo=6, routed)           0.790    15.308    VexRiscv/IBusCachedPlugin_cache/main_basesoc_wb_sdram_ack0
    SLICE_X35Y50         LUT6 (Prop_lut6_I3_O)        0.373    15.681 r  VexRiscv/IBusCachedPlugin_cache/data_mem_grain2_reg_0_i_16/O
                         net (fo=10, routed)          0.649    16.330    VexRiscv/IBusCachedPlugin_cache/data_mem_grain2_reg_0_i_16_n_0
    SLICE_X35Y58         LUT4 (Prop_lut4_I0_O)        0.124    16.454 r  VexRiscv/IBusCachedPlugin_cache/data_mem_grain1_reg_0_i_10/O
                         net (fo=4, routed)           0.815    17.269    VexRiscv/IBusCachedPlugin_cache/data_mem_grain1_reg_0_i_10_n_0
    SLICE_X53Y57         LUT4 (Prop_lut4_I3_O)        0.124    17.393 r  VexRiscv/IBusCachedPlugin_cache/data_mem_grain5_reg_0_i_8/O
                         net (fo=2, routed)           1.279    18.672    main_basesoc_data_port_we[5]
    RAMB36_X2Y10         RAMB36E1                                     r  data_mem_grain5_reg_0/WEA[0]
  -------------------------------------------------------------------    -------------------

                         (clock main_crg_clkout0 rise edge)
                                                     10.000    10.000 r  
    E3                                                0.000    10.000 r  clk100 (IN)
                         net (fo=0)                   0.000    10.000    clk100
    E3                   IBUF (Prop_ibuf_I_O)         1.411    11.411 r  clk100_IBUF_inst/O
                         net (fo=1, routed)           1.920    13.331    clk100_IBUF
    BUFGCTRL_X0Y16       BUFG (Prop_bufg_I_O)         0.091    13.422 r  clk100_IBUF_BUFG_inst/O
                         net (fo=9, routed)           1.705    15.127    main_crg_clkin
    PLLE2_ADV_X0Y0       PLLE2_ADV (Prop_plle2_adv_CLKIN1_CLKOUT0)
                                                      0.083    15.210 r  PLLE2_ADV/CLKOUT0
                         net (fo=1, routed)           1.918    17.128    main_crg_clkout0
    BUFGCTRL_X0Y15       BUFG (Prop_bufg_I_O)         0.091    17.219 r  BUFG_replica/O
                         net (fo=4, routed)           0.147    17.366    main_crg_clkout_buf0_repN
    BUFGCTRL_X0Y0        BUFG (Prop_bufg_I_O)         0.091    17.457 r  BUFG/O
                         net (fo=6781, routed)        1.635    19.092    main_crg_clkout_buf0
    RAMB36_X2Y10         RAMB36E1                                     r  data_mem_grain5_reg_0/CLKARDCLK
                         clock pessimism              0.432    19.524    
                         clock uncertainty           -0.057    19.467    
    RAMB36_X2Y10         RAMB36E1 (Setup_ramb36e1_CLKARDCLK_WEA[0])
                                                     -0.532    18.935    data_mem_grain5_reg_0
  -------------------------------------------------------------------
                         required time                         18.935    
                         arrival time                         -18.672    
  -------------------------------------------------------------------
                         slack                                  0.263    

Slack (MET) :             0.276ns  (required time - arrival time)
  Source:                 gemv_core/x_word_c_reg[19]/C
                            (rising edge-triggered cell FDRE clocked by main_crg_clkout0  {rise@0.000ns fall@5.000ns period=10.000ns})
  Destination:            gemv_core/dot4_r_reg[15]/D
                            (rising edge-triggered cell FDRE clocked by main_crg_clkout0  {rise@0.000ns fall@5.000ns period=10.000ns})
  Path Group:             main_crg_clkout0
  Path Type:              Setup (Max at Slow Process Corner)
  Requirement:            10.000ns  (main_crg_clkout0 rise@10.000ns - main_crg_clkout0 rise@0.000ns)
  Data Path Delay:        9.703ns  (logic 5.158ns (53.161%)  route 4.545ns (46.839%))
  Logic Levels:           13  (CARRY4=7 LUT2=3 LUT3=1 LUT4=1 LUT6=1)
  Clock Path Skew:        -0.027ns (DCD - SCD + CPR)
    Destination Clock Delay (DCD):    9.131ns = ( 19.131 - 10.000 ) 
    Source Clock Delay      (SCD):    9.688ns
    Clock Pessimism Removal (CPR):    0.529ns
  Clock Uncertainty:      0.057ns  ((TSJ^2 + DJ^2)^1/2) / 2 + PE
    Total System Jitter     (TSJ):    0.071ns
    Discrete Jitter          (DJ):    0.089ns
    Phase Error              (PE):    0.000ns

    Location             Delay type                Incr(ns)  Path(ns)    Netlist Resource(s)
  -------------------------------------------------------------------    -------------------
                         (clock main_crg_clkout0 rise edge)
                                                      0.000     0.000 r  
    E3                                                0.000     0.000 r  clk100 (IN)
                         net (fo=0)                   0.000     0.000    clk100
    E3                   IBUF (Prop_ibuf_I_O)         1.482     1.482 r  clk100_IBUF_inst/O
                         net (fo=1, routed)           2.025     3.506    clk100_IBUF
    BUFGCTRL_X0Y16       BUFG (Prop_bufg_I_O)         0.096     3.602 r  clk100_IBUF_BUFG_inst/O
                         net (fo=9, routed)           1.832     5.435    main_crg_clkin
    PLLE2_ADV_X0Y0       PLLE2_ADV (Prop_plle2_adv_CLKIN1_CLKOUT0)
                                                      0.088     5.523 r  PLLE2_ADV/CLKOUT0
                         net (fo=1, routed)           2.012     7.535    main_crg_clkout0
    BUFGCTRL_X0Y15       BUFG (Prop_bufg_I_O)         0.096     7.631 r  BUFG_replica/O
                         net (fo=4, routed)           0.154     7.785    main_crg_clkout_buf0_repN
    BUFGCTRL_X0Y0        BUFG (Prop_bufg_I_O)         0.096     7.881 r  BUFG/O
                         net (fo=6781, routed)        1.806     9.688    gemv_core/main_crg_clkout_buf0
    SLICE_X46Y48         FDRE                                         r  gemv_core/x_word_c_reg[19]/C
  -------------------------------------------------------------------    -------------------
    SLICE_X46Y48         FDRE (Prop_fdre_C_Q)         0.518    10.206 f  gemv_core/x_word_c_reg[19]/Q
                         net (fo=19, routed)          1.067    11.272    gemv_core/x_word_c_reg_n_0_[19]
    SLICE_X45Y44         LUT2 (Prop_lut2_I0_O)        0.150    11.422 r  gemv_core/dot4_r[3]_i_54/O
                         net (fo=1, routed)           0.602    12.025    gemv_core/dot4_r[3]_i_54_n_0
    SLICE_X44Y45         LUT6 (Prop_lut6_I1_O)        0.326    12.351 r  gemv_core/dot4_r[3]_i_31/O
                         net (fo=1, routed)           0.000    12.351    gemv_core/dot4_r[3]_i_31_n_0
    SLICE_X44Y45         CARRY4 (Prop_carry4_S[3]_CO[3])
                                                      0.401    12.752 r  gemv_core/dot4_r_reg[3]_i_9/CO[3]
                         net (fo=1, routed)           0.000    12.752    gemv_core/dot4_r_reg[3]_i_9_n_0
    SLICE_X44Y46         CARRY4 (Prop_carry4_CI_O[2])
                                                      0.239    12.991 r  gemv_core/dot4_r_reg[29]_i_87/O[2]
                         net (fo=2, routed)           0.811    13.801    gemv_core/dot4_r_reg[29]_i_87_n_5
    SLICE_X45Y45         LUT3 (Prop_lut3_I2_O)        0.332    14.133 r  gemv_core/dot4_r[7]_i_21/O
                         net (fo=2, routed)           0.690    14.823    gemv_core/dot4_r[7]_i_21_n_0
    SLICE_X45Y45         LUT4 (Prop_lut4_I3_O)        0.327    15.150 r  gemv_core/dot4_r[7]_i_25/O
                         net (fo=1, routed)           0.000    15.150    gemv_core/dot4_r[7]_i_25_n_0
    SLICE_X45Y45         CARRY4 (Prop_carry4_S[3]_CO[3])
                                                      0.401    15.551 r  gemv_core/dot4_r_reg[7]_i_16/CO[3]
                         net (fo=1, routed)           0.000    15.551    gemv_core/dot4_r_reg[7]_i_16_n_0
    SLICE_X45Y46         CARRY4 (Prop_carry4_CI_O[1])
                                                      0.334    15.885 r  gemv_core/dot4_r_reg[29]_i_24/O[1]
                         net (fo=2, routed)           0.734    16.619    gemv_core/dot4_c1[9]
    SLICE_X49Y44         LUT2 (Prop_lut2_I0_O)        0.303    16.922 r  gemv_core/dot4_r[29]_i_27/O
                         net (fo=1, routed)           0.000    16.922    gemv_core/dot4_r[29]_i_27_n_0
    SLICE_X49Y44         CARRY4 (Prop_carry4_S[1]_CO[3])
                                                      0.550    17.472 r  gemv_core/dot4_r_reg[29]_i_9/CO[3]
                         net (fo=1, routed)           0.000    17.472    gemv_core/dot4_r_reg[29]_i_9_n_0
    SLICE_X49Y45         CARRY4 (Prop_carry4_CI_O[1])
                                                      0.334    17.806 r  gemv_core/dot4_r_reg[29]_i_4/O[1]
                         net (fo=1, routed)           0.641    18.447    gemv_core/dot4_r_reg[29]_i_4_n_6
    SLICE_X48Y42         LUT2 (Prop_lut2_I1_O)        0.303    18.750 r  gemv_core/dot4_r[15]_i_6/O
                         net (fo=1, routed)           0.000    18.750    gemv_core/dot4_r[15]_i_6_n_0
    SLICE_X48Y42         CARRY4 (Prop_carry4_S[1]_O[3])
                                                      0.640    19.390 r  gemv_core/dot4_r_reg[15]_i_1/O[3]
                         net (fo=1, routed)           0.000    19.390    gemv_core/dot4_c[15]
    SLICE_X48Y42         FDRE                                         r  gemv_core/dot4_r_reg[15]/D
  -------------------------------------------------------------------    -------------------

                         (clock main_crg_clkout0 rise edge)
                                                     10.000    10.000 r  
    E3                                                0.000    10.000 r  clk100 (IN)
                         net (fo=0)                   0.000    10.000    clk100
    E3                   IBUF (Prop_ibuf_I_O)         1.411    11.411 r  clk100_IBUF_inst/O
                         net (fo=1, routed)           1.920    13.331    clk100_IBUF
    BUFGCTRL_X0Y16       BUFG (Prop_bufg_I_O)         0.091    13.422 r  clk100_IBUF_BUFG_inst/O
                         net (fo=9, routed)           1.705    15.127    main_crg_clkin
    PLLE2_ADV_X0Y0       PLLE2_ADV (Prop_plle2_adv_CLKIN1_CLKOUT0)
                                                      0.083    15.210 r  PLLE2_ADV/CLKOUT0
                         net (fo=1, routed)           1.918    17.128    main_crg_clkout0
    BUFGCTRL_X0Y15       BUFG (Prop_bufg_I_O)         0.091    17.219 r  BUFG_replica/O
                         net (fo=4, routed)           0.147    17.366    main_crg_clkout_buf0_repN
    BUFGCTRL_X0Y0        BUFG (Prop_bufg_I_O)         0.091    17.457 r  BUFG/O
                         net (fo=6781, routed)        1.674    19.131    gemv_core/main_crg_clkout_buf0
    SLICE_X48Y42         FDRE                                         r  gemv_core/dot4_r_reg[15]/C
                         clock pessimism              0.529    19.661    
                         clock uncertainty           -0.057    19.604    
    SLICE_X48Y42         FDRE (Setup_fdre_C_D)        0.062    19.666    gemv_core/dot4_r_reg[15]
  -------------------------------------------------------------------
                         required time                         19.666    
                         arrival time                         -19.390    
  -------------------------------------------------------------------
                         slack                                  0.276    

Slack (MET) :             0.336ns  (required time - arrival time)
  Source:                 gemv_core/x_word_c_reg[19]/C
                            (rising edge-triggered cell FDRE clocked by main_crg_clkout0  {rise@0.000ns fall@5.000ns period=10.000ns})
  Destination:            gemv_core/dot4_r_reg[14]/D
                            (rising edge-triggered cell FDRE clocked by main_crg_clkout0  {rise@0.000ns fall@5.000ns period=10.000ns})
  Path Group:             main_crg_clkout0
  Path Type:              Setup (Max at Slow Process Corner)
  Requirement:            10.000ns  (main_crg_clkout0 rise@10.000ns - main_crg_clkout0 rise@0.000ns)
  Data Path Delay:        9.643ns  (logic 5.098ns (52.869%)  route 4.545ns (47.131%))
  Logic Levels:           13  (CARRY4=7 LUT2=3 LUT3=1 LUT4=1 LUT6=1)
  Clock Path Skew:        -0.027ns (DCD - SCD + CPR)
    Destination Clock Delay (DCD):    9.131ns = ( 19.131 - 10.000 ) 
    Source Clock Delay      (SCD):    9.688ns
    Clock Pessimism Removal (CPR):    0.529ns
  Clock Uncertainty:      0.057ns  ((TSJ^2 + DJ^2)^1/2) / 2 + PE
    Total System Jitter     (TSJ):    0.071ns
    Discrete Jitter          (DJ):    0.089ns
    Phase Error              (PE):    0.000ns

    Location             Delay type                Incr(ns)  Path(ns)    Netlist Resource(s)
  -------------------------------------------------------------------    -------------------
                         (clock main_crg_clkout0 rise edge)
                                                      0.000     0.000 r  
    E3                                                0.000     0.000 r  clk100 (IN)
                         net (fo=0)                   0.000     0.000    clk100
    E3                   IBUF (Prop_ibuf_I_O)         1.482     1.482 r  clk100_IBUF_inst/O
                         net (fo=1, routed)           2.025     3.506    clk100_IBUF
    BUFGCTRL_X0Y16       BUFG (Prop_bufg_I_O)         0.096     3.602 r  clk100_IBUF_BUFG_inst/O
                         net (fo=9, routed)           1.832     5.435    main_crg_clkin
    PLLE2_ADV_X0Y0       PLLE2_ADV (Prop_plle2_adv_CLKIN1_CLKOUT0)
                                                      0.088     5.523 r  PLLE2_ADV/CLKOUT0
                         net (fo=1, routed)           2.012     7.535    main_crg_clkout0
    BUFGCTRL_X0Y15       BUFG (Prop_bufg_I_O)         0.096     7.631 r  BUFG_replica/O
                         net (fo=4, routed)           0.154     7.785    main_crg_clkout_buf0_repN
    BUFGCTRL_X0Y0        BUFG (Prop_bufg_I_O)         0.096     7.881 r  BUFG/O
                         net (fo=6781, routed)        1.806     9.688    gemv_core/main_crg_clkout_buf0
    SLICE_X46Y48         FDRE                                         r  gemv_core/x_word_c_reg[19]/C
  -------------------------------------------------------------------    -------------------
    SLICE_X46Y48         FDRE (Prop_fdre_C_Q)         0.518    10.206 f  gemv_core/x_word_c_reg[19]/Q
                         net (fo=19, routed)          1.067    11.272    gemv_core/x_word_c_reg_n_0_[19]
    SLICE_X45Y44         LUT2 (Prop_lut2_I0_O)        0.150    11.422 r  gemv_core/dot4_r[3]_i_54/O
                         net (fo=1, routed)           0.602    12.025    gemv_core/dot4_r[3]_i_54_n_0
    SLICE_X44Y45         LUT6 (Prop_lut6_I1_O)        0.326    12.351 r  gemv_core/dot4_r[3]_i_31/O
                         net (fo=1, routed)           0.000    12.351    gemv_core/dot4_r[3]_i_31_n_0
    SLICE_X44Y45         CARRY4 (Prop_carry4_S[3]_CO[3])
                                                      0.401    12.752 r  gemv_core/dot4_r_reg[3]_i_9/CO[3]
                         net (fo=1, routed)           0.000    12.752    gemv_core/dot4_r_reg[3]_i_9_n_0
    SLICE_X44Y46         CARRY4 (Prop_carry4_CI_O[2])
                                                      0.239    12.991 r  gemv_core/dot4_r_reg[29]_i_87/O[2]
                         net (fo=2, routed)           0.811    13.801    gemv_core/dot4_r_reg[29]_i_87_n_5
    SLICE_X45Y45         LUT3 (Prop_lut3_I2_O)        0.332    14.133 r  gemv_core/dot4_r[7]_i_21/O
                         net (fo=2, routed)           0.690    14.823    gemv_core/dot4_r[7]_i_21_n_0
    SLICE_X45Y45         LUT4 (Prop_lut4_I3_O)        0.327    15.150 r  gemv_core/dot4_r[7]_i_25/O
                         net (fo=1, routed)           0.000    15.150    gemv_core/dot4_r[7]_i_25_n_0
    SLICE_X45Y45         CARRY4 (Prop_carry4_S[3]_CO[3])
                                                      0.401    15.551 r  gemv_core/dot4_r_reg[7]_i_16/CO[3]
                         net (fo=1, routed)           0.000    15.551    gemv_core/dot4_r_reg[7]_i_16_n_0
    SLICE_X45Y46         CARRY4 (Prop_carry4_CI_O[1])
                                                      0.334    15.885 r  gemv_core/dot4_r_reg[29]_i_24/O[1]
                         net (fo=2, routed)           0.734    16.619    gemv_core/dot4_c1[9]
    SLICE_X49Y44         LUT2 (Prop_lut2_I0_O)        0.303    16.922 r  gemv_core/dot4_r[29]_i_27/O
                         net (fo=1, routed)           0.000    16.922    gemv_core/dot4_r[29]_i_27_n_0
    SLICE_X49Y44         CARRY4 (Prop_carry4_S[1]_CO[3])
                                                      0.550    17.472 r  gemv_core/dot4_r_reg[29]_i_9/CO[3]
                         net (fo=1, routed)           0.000    17.472    gemv_core/dot4_r_reg[29]_i_9_n_0
    SLICE_X49Y45         CARRY4 (Prop_carry4_CI_O[1])
                                                      0.334    17.806 r  gemv_core/dot4_r_reg[29]_i_4/O[1]
                         net (fo=1, routed)           0.641    18.447    gemv_core/dot4_r_reg[29]_i_4_n_6
    SLICE_X48Y42         LUT2 (Prop_lut2_I1_O)        0.303    18.750 r  gemv_core/dot4_r[15]_i_6/O
                         net (fo=1, routed)           0.000    18.750    gemv_core/dot4_r[15]_i_6_n_0
    SLICE_X48Y42         CARRY4 (Prop_carry4_S[1]_O[2])
                                                      0.580    19.330 r  gemv_core/dot4_r_reg[15]_i_1/O[2]
                         net (fo=1, routed)           0.000    19.330    gemv_core/dot4_c[14]
    SLICE_X48Y42         FDRE                                         r  gemv_core/dot4_r_reg[14]/D
  -------------------------------------------------------------------    -------------------

                         (clock main_crg_clkout0 rise edge)
                                                     10.000    10.000 r  
    E3                                                0.000    10.000 r  clk100 (IN)
                         net (fo=0)                   0.000    10.000    clk100
    E3                   IBUF (Prop_ibuf_I_O)         1.411    11.411 r  clk100_IBUF_inst/O
                         net (fo=1, routed)           1.920    13.331    clk100_IBUF
    BUFGCTRL_X0Y16       BUFG (Prop_bufg_I_O)         0.091    13.422 r  clk100_IBUF_BUFG_inst/O
                         net (fo=9, routed)           1.705    15.127    main_crg_clkin
    PLLE2_ADV_X0Y0       PLLE2_ADV (Prop_plle2_adv_CLKIN1_CLKOUT0)
                                                      0.083    15.210 r  PLLE2_ADV/CLKOUT0
                         net (fo=1, routed)           1.918    17.128    main_crg_clkout0
    BUFGCTRL_X0Y15       BUFG (Prop_bufg_I_O)         0.091    17.219 r  BUFG_replica/O
                         net (fo=4, routed)           0.147    17.366    main_crg_clkout_buf0_repN
    BUFGCTRL_X0Y0        BUFG (Prop_bufg_I_O)         0.091    17.457 r  BUFG/O
                         net (fo=6781, routed)        1.674    19.131    gemv_core/main_crg_clkout_buf0
    SLICE_X48Y42         FDRE                                         r  gemv_core/dot4_r_reg[14]/C
                         clock pessimism              0.529    19.661    
                         clock uncertainty           -0.057    19.604    
    SLICE_X48Y42         FDRE (Setup_fdre_C_D)        0.062    19.666    gemv_core/dot4_r_reg[14]
  -------------------------------------------------------------------
                         required time                         19.666    
                         arrival time                         -19.330    
  -------------------------------------------------------------------
                         slack                                  0.336    

Slack (MET) :             0.387ns  (required time - arrival time)
  Source:                 tag_mem_reg_1/CLKARDCLK
                            (rising edge-triggered cell RAMB36E1 clocked by main_crg_clkout0  {rise@0.000ns fall@5.000ns period=10.000ns})
  Destination:            data_mem_grain9_reg_0/WEA[0]
                            (rising edge-triggered cell RAMB36E1 clocked by main_crg_clkout0  {rise@0.000ns fall@5.000ns period=10.000ns})
  Path Group:             main_crg_clkout0
  Path Type:              Setup (Max at Slow Process Corner)
  Requirement:            10.000ns  (main_crg_clkout0 rise@10.000ns - main_crg_clkout0 rise@0.000ns)
  Data Path Delay:        8.707ns  (logic 4.020ns (46.170%)  route 4.687ns (53.830%))
  Logic Levels:           6  (CARRY4=2 LUT4=2 LUT6=2)
  Clock Path Skew:        -0.317ns (DCD - SCD + CPR)
    Destination Clock Delay (DCD):    8.993ns = ( 18.993 - 10.000 ) 
    Source Clock Delay      (SCD):    9.742ns
    Clock Pessimism Removal (CPR):    0.432ns
  Clock Uncertainty:      0.057ns  ((TSJ^2 + DJ^2)^1/2) / 2 + PE
    Total System Jitter     (TSJ):    0.071ns
    Discrete Jitter          (DJ):    0.089ns
    Phase Error              (PE):    0.000ns

    Location             Delay type                Incr(ns)  Path(ns)    Netlist Resource(s)
  -------------------------------------------------------------------    -------------------
                         (clock main_crg_clkout0 rise edge)
                                                      0.000     0.000 r  
    E3                                                0.000     0.000 r  clk100 (IN)
                         net (fo=0)                   0.000     0.000    clk100
    E3                   IBUF (Prop_ibuf_I_O)         1.482     1.482 r  clk100_IBUF_inst/O
                         net (fo=1, routed)           2.025     3.506    clk100_IBUF
    BUFGCTRL_X0Y16       BUFG (Prop_bufg_I_O)         0.096     3.602 r  clk100_IBUF_BUFG_inst/O
                         net (fo=9, routed)           1.832     5.435    main_crg_clkin
    PLLE2_ADV_X0Y0       PLLE2_ADV (Prop_plle2_adv_CLKIN1_CLKOUT0)
                                                      0.088     5.523 r  PLLE2_ADV/CLKOUT0
                         net (fo=1, routed)           2.012     7.535    main_crg_clkout0
    BUFGCTRL_X0Y15       BUFG (Prop_bufg_I_O)         0.096     7.631 r  BUFG_replica/O
                         net (fo=4, routed)           0.154     7.785    main_crg_clkout_buf0_repN
    BUFGCTRL_X0Y0        BUFG (Prop_bufg_I_O)         0.096     7.881 r  BUFG/O
                         net (fo=6781, routed)        1.861     9.742    main_crg_clkout_buf0
    RAMB36_X0Y8          RAMB36E1                                     r  tag_mem_reg_1/CLKARDCLK
  -------------------------------------------------------------------    -------------------
    RAMB36_X0Y8          RAMB36E1 (Prop_ramb36e1_CLKARDCLK_DOADO[1])
                                                      2.454    12.196 r  tag_mem_reg_1/DOADO[1]
                         net (fo=2, routed)           1.376    13.572    VexRiscv/IBusCachedPlugin_cache/main_basesoc_tag_do_tag[5]
    SLICE_X11Y49         LUT6 (Prop_lut6_I0_O)        0.124    13.696 r  VexRiscv/IBusCachedPlugin_cache/tag_mem_reg_0_i_25/O
                         net (fo=1, routed)           0.000    13.696    VexRiscv/IBusCachedPlugin_cache/tag_mem_reg_0_i_25_n_0
    SLICE_X11Y49         CARRY4 (Prop_carry4_S[1]_CO[3])
                                                      0.550    14.246 r  VexRiscv/IBusCachedPlugin_cache/tag_mem_reg_0_i_21/CO[3]
                         net (fo=1, routed)           0.001    14.247    VexRiscv/IBusCachedPlugin_cache/tag_mem_reg_0_i_21_n_0
    SLICE_X11Y50         CARRY4 (Prop_carry4_CI_CO[0])
                                                      0.271    14.518 r  VexRiscv/IBusCachedPlugin_cache/tag_mem_reg_0_i_20/CO[0]
                         net (fo=6, routed)           0.790    15.308    VexRiscv/IBusCachedPlugin_cache/main_basesoc_wb_sdram_ack0
    SLICE_X35Y50         LUT6 (Prop_lut6_I3_O)        0.373    15.681 r  VexRiscv/IBusCachedPlugin_cache/data_mem_grain2_reg_0_i_16/O
                         net (fo=10, routed)          0.649    16.330    VexRiscv/IBusCachedPlugin_cache/data_mem_grain2_reg_0_i_16_n_0
    SLICE_X35Y58         LUT4 (Prop_lut4_I0_O)        0.124    16.454 r  VexRiscv/IBusCachedPlugin_cache/data_mem_grain1_reg_0_i_10/O
                         net (fo=4, routed)           0.326    16.780    VexRiscv/IBusCachedPlugin_cache/data_mem_grain1_reg_0_i_10_n_0
    SLICE_X34Y57         LUT4 (Prop_lut4_I3_O)        0.124    16.904 r  VexRiscv/IBusCachedPlugin_cache/data_mem_grain9_reg_0_i_8/O
                         net (fo=2, routed)           1.545    18.449    main_basesoc_data_port_we[9]
    RAMB36_X1Y14         RAMB36E1                                     r  data_mem_grain9_reg_0/WEA[0]
  -------------------------------------------------------------------    -------------------

                         (clock main_crg_clkout0 rise edge)
                                                     10.000    10.000 r  
    E3                                                0.000    10.000 r  clk100 (IN)
                         net (fo=0)                   0.000    10.000    clk100
    E3                   IBUF (Prop_ibuf_I_O)         1.411    11.411 r  clk100_IBUF_inst/O
                         net (fo=1, routed)           1.920    13.331    clk100_IBUF
    BUFGCTRL_X0Y16       BUFG (Prop_bufg_I_O)         0.091    13.422 r  clk100_IBUF_BUFG_inst/O
                         net (fo=9, routed)           1.705    15.127    main_crg_clkin
    PLLE2_ADV_X0Y0       PLLE2_ADV (Prop_plle2_adv_CLKIN1_CLKOUT0)
                                                      0.083    15.210 r  PLLE2_ADV/CLKOUT0
                         net (fo=1, routed)           1.918    17.128    main_crg_clkout0
    BUFGCTRL_X0Y15       BUFG (Prop_bufg_I_O)         0.091    17.219 r  BUFG_replica/O
                         net (fo=4, routed)           0.147    17.366    main_crg_clkout_buf0_repN
    BUFGCTRL_X0Y0        BUFG (Prop_bufg_I_O)         0.091    17.457 r  BUFG/O
                         net (fo=6781, routed)        1.536    18.993    main_crg_clkout_buf0
    RAMB36_X1Y14         RAMB36E1                                     r  data_mem_grain9_reg_0/CLKARDCLK
                         clock pessimism              0.432    19.425    
                         clock uncertainty           -0.057    19.368    
    RAMB36_X1Y14         RAMB36E1 (Setup_ramb36e1_CLKARDCLK_WEA[0])
                                                     -0.532    18.836    data_mem_grain9_reg_0
  -------------------------------------------------------------------
                         required time                         18.836    
                         arrival time                         -18.449    
  -------------------------------------------------------------------
                         slack                                  0.387    

Slack (MET) :             0.428ns  (required time - arrival time)
  Source:                 VexRiscv/dataCache_1/stageB_waysHitsBeforeInvalidate_reg[0]/C
                            (rising edge-triggered cell FDRE clocked by main_crg_clkout0  {rise@0.000ns fall@5.000ns period=10.000ns})
  Destination:            VexRiscv/IBusCachedPlugin_cache/ways_0_tags_reg/ADDRARDADDR[6]
                            (rising edge-triggered cell RAMB18E1 clocked by main_crg_clkout0  {rise@0.000ns fall@5.000ns period=10.000ns})
  Path Group:             main_crg_clkout0
  Path Type:              Setup (Max at Slow Process Corner)
  Requirement:            10.000ns  (main_crg_clkout0 rise@10.000ns - main_crg_clkout0 rise@0.000ns)
  Data Path Delay:        8.944ns  (logic 1.756ns (19.633%)  route 7.188ns (80.367%))
  Logic Levels:           7  (LUT3=2 LUT5=2 LUT6=3)
  Clock Path Skew:        -0.006ns (DCD - SCD + CPR)
    Destination Clock Delay (DCD):    9.177ns = ( 19.177 - 10.000 ) 
    Source Clock Delay      (SCD):    9.695ns
    Clock Pessimism Removal (CPR):    0.512ns
  Clock Uncertainty:      0.057ns  ((TSJ^2 + DJ^2)^1/2) / 2 + PE
    Total System Jitter     (TSJ):    0.071ns
    Discrete Jitter          (DJ):    0.089ns
    Phase Error              (PE):    0.000ns

    Location             Delay type                Incr(ns)  Path(ns)    Netlist Resource(s)
  -------------------------------------------------------------------    -------------------
                         (clock main_crg_clkout0 rise edge)
                                                      0.000     0.000 r  
    E3                                                0.000     0.000 r  clk100 (IN)
                         net (fo=0)                   0.000     0.000    clk100
    E3                   IBUF (Prop_ibuf_I_O)         1.482     1.482 r  clk100_IBUF_inst/O
                         net (fo=1, routed)           2.025     3.506    clk100_IBUF
    BUFGCTRL_X0Y16       BUFG (Prop_bufg_I_O)         0.096     3.602 r  clk100_IBUF_BUFG_inst/O
                         net (fo=9, routed)           1.832     5.435    main_crg_clkin
    PLLE2_ADV_X0Y0       PLLE2_ADV (Prop_plle2_adv_CLKIN1_CLKOUT0)
                                                      0.088     5.523 r  PLLE2_ADV/CLKOUT0
                         net (fo=1, routed)           2.012     7.535    main_crg_clkout0
    BUFGCTRL_X0Y15       BUFG (Prop_bufg_I_O)         0.096     7.631 r  BUFG_replica/O
                         net (fo=4, routed)           0.154     7.785    main_crg_clkout_buf0_repN
    BUFGCTRL_X0Y0        BUFG (Prop_bufg_I_O)         0.096     7.881 r  BUFG/O
                         net (fo=6781, routed)        1.813     9.695    VexRiscv/dataCache_1/main_crg_clkout_buf0
    SLICE_X19Y12         FDRE                                         r  VexRiscv/dataCache_1/stageB_waysHitsBeforeInvalidate_reg[0]/C
  -------------------------------------------------------------------    -------------------
    SLICE_X19Y12         FDRE (Prop_fdre_C_Q)         0.456    10.151 r  VexRiscv/dataCache_1/stageB_waysHitsBeforeInvalidate_reg[0]/Q
                         net (fo=18, routed)          1.290    11.440    VexRiscv/dataCache_1/stageB_waysHitsBeforeInvalidate[0]
    SLICE_X31Y11         LUT6 (Prop_lut6_I1_O)        0.124    11.564 r  VexRiscv/dataCache_1/stageB_flusher_start_i_4/O
                         net (fo=1, routed)           0.433    11.997    VexRiscv/dataCache_1/stageB_flusher_start_i_4_n_0
    SLICE_X31Y11         LUT3 (Prop_lut3_I2_O)        0.124    12.121 r  VexRiscv/dataCache_1/stageB_flusher_start_i_2/O
                         net (fo=4, routed)           0.576    12.697    VexRiscv/dataCache_1/dataCache_1_io_cpu_redo
    SLICE_X34Y12         LUT3 (Prop_lut3_I0_O)        0.124    12.821 r  VexRiscv/dataCache_1/CsrPlugin_hadException_i_3/O
                         net (fo=6, routed)           0.798    13.619    VexRiscv/dataCache_1/CsrPlugin_hadException_i_3_n_0
    SLICE_X38Y19         LUT5 (Prop_lut5_I4_O)        0.117    13.736 r  VexRiscv/dataCache_1/banks_0_reg_i_38/O
                         net (fo=34, routed)          0.995    14.731    VexRiscv/dataCache_1/memory_to_writeBack_ENV_CTRL_reg[1]
    SLICE_X37Y23         LUT5 (Prop_lut5_I1_O)        0.360    15.091 f  VexRiscv/dataCache_1/banks_0_reg_i_39/O
                         net (fo=30, routed)          0.975    16.066    VexRiscv/dataCache_1/banks_0_reg_i_39_n_0
    SLICE_X43Y15         LUT6 (Prop_lut6_I5_O)        0.327    16.393 r  VexRiscv/dataCache_1/banks_0_reg_i_27/O
                         net (fo=1, routed)           0.706    17.099    VexRiscv/IBusCachedPlugin_cache/banks_0_reg_4
    SLICE_X31Y19         LUT6 (Prop_lut6_I5_O)        0.124    17.223 r  VexRiscv/IBusCachedPlugin_cache/banks_0_reg_i_7/O
                         net (fo=3, routed)           1.415    18.639    VexRiscv/IBusCachedPlugin_cache/io_cpu_prefetch_pc[4]
    RAMB18_X0Y10         RAMB18E1                                     r  VexRiscv/IBusCachedPlugin_cache/ways_0_tags_reg/ADDRARDADDR[6]
  -------------------------------------------------------------------    -------------------

                         (clock main_crg_clkout0 rise edge)
                                                     10.000    10.000 r  
    E3                                                0.000    10.000 r  clk100 (IN)
                         net (fo=0)                   0.000    10.000    clk100
    E3                   IBUF (Prop_ibuf_I_O)         1.411    11.411 r  clk100_IBUF_inst/O
                         net (fo=1, routed)           1.920    13.331    clk100_IBUF
    BUFGCTRL_X0Y16       BUFG (Prop_bufg_I_O)         0.091    13.422 r  clk100_IBUF_BUFG_inst/O
                         net (fo=9, routed)           1.705    15.127    main_crg_clkin
    PLLE2_ADV_X0Y0       PLLE2_ADV (Prop_plle2_adv_CLKIN1_CLKOUT0)
                                                      0.083    15.210 r  PLLE2_ADV/CLKOUT0
                         net (fo=1, routed)           1.918    17.128    main_crg_clkout0
    BUFGCTRL_X0Y15       BUFG (Prop_bufg_I_O)         0.091    17.219 r  BUFG_replica/O
                         net (fo=4, routed)           0.147    17.366    main_crg_clkout_buf0_repN
    BUFGCTRL_X0Y0        BUFG (Prop_bufg_I_O)         0.091    17.457 r  BUFG/O
                         net (fo=6781, routed)        1.719    19.177    VexRiscv/IBusCachedPlugin_cache/main_crg_clkout_buf0
    RAMB18_X0Y10         RAMB18E1                                     r  VexRiscv/IBusCachedPlugin_cache/ways_0_tags_reg/CLKARDCLK
                         clock pessimism              0.512    19.689    
                         clock uncertainty           -0.057    19.632    
    RAMB18_X0Y10         RAMB18E1 (Setup_ramb18e1_CLKARDCLK_ADDRARDADDR[6])
                                                     -0.566    19.066    VexRiscv/IBusCachedPlugin_cache/ways_0_tags_reg
  -------------------------------------------------------------------
                         required time                         19.066    
                         arrival time                         -18.639    
  -------------------------------------------------------------------
                         slack                                  0.428    

Slack (MET) :             0.459ns  (required time - arrival time)
  Source:                 tag_mem_reg_1/CLKARDCLK
                            (rising edge-triggered cell RAMB36E1 clocked by main_crg_clkout0  {rise@0.000ns fall@5.000ns period=10.000ns})
  Destination:            data_mem_grain10_reg_1/WEA[0]
                            (rising edge-triggered cell RAMB36E1 clocked by main_crg_clkout0  {rise@0.000ns fall@5.000ns period=10.000ns})
  Path Group:             main_crg_clkout0
  Path Type:              Setup (Max at Slow Process Corner)
  Requirement:            10.000ns  (main_crg_clkout0 rise@10.000ns - main_crg_clkout0 rise@0.000ns)
  Data Path Delay:        8.643ns  (logic 3.896ns (45.077%)  route 4.747ns (54.923%))
  Logic Levels:           5  (CARRY4=2 LUT6=3)
  Clock Path Skew:        -0.309ns (DCD - SCD + CPR)
    Destination Clock Delay (DCD):    9.001ns = ( 19.001 - 10.000 ) 
    Source Clock Delay      (SCD):    9.742ns
    Clock Pessimism Removal (CPR):    0.432ns
  Clock Uncertainty:      0.057ns  ((TSJ^2 + DJ^2)^1/2) / 2 + PE
    Total System Jitter     (TSJ):    0.071ns
    Discrete Jitter          (DJ):    0.089ns
    Phase Error              (PE):    0.000ns

    Location             Delay type                Incr(ns)  Path(ns)    Netlist Resource(s)
  -------------------------------------------------------------------    -------------------
                         (clock main_crg_clkout0 rise edge)
                                                      0.000     0.000 r  
    E3                                                0.000     0.000 r  clk100 (IN)
                         net (fo=0)                   0.000     0.000    clk100
    E3                   IBUF (Prop_ibuf_I_O)         1.482     1.482 r  clk100_IBUF_inst/O
                         net (fo=1, routed)           2.025     3.506    clk100_IBUF
    BUFGCTRL_X0Y16       BUFG (Prop_bufg_I_O)         0.096     3.602 r  clk100_IBUF_BUFG_inst/O
                         net (fo=9, routed)           1.832     5.435    main_crg_clkin
    PLLE2_ADV_X0Y0       PLLE2_ADV (Prop_plle2_adv_CLKIN1_CLKOUT0)
                                                      0.088     5.523 r  PLLE2_ADV/CLKOUT0
                         net (fo=1, routed)           2.012     7.535    main_crg_clkout0
    BUFGCTRL_X0Y15       BUFG (Prop_bufg_I_O)         0.096     7.631 r  BUFG_replica/O
                         net (fo=4, routed)           0.154     7.785    main_crg_clkout_buf0_repN
    BUFGCTRL_X0Y0        BUFG (Prop_bufg_I_O)         0.096     7.881 r  BUFG/O
                         net (fo=6781, routed)        1.861     9.742    main_crg_clkout_buf0
    RAMB36_X0Y8          RAMB36E1                                     r  tag_mem_reg_1/CLKARDCLK
  -------------------------------------------------------------------    -------------------
    RAMB36_X0Y8          RAMB36E1 (Prop_ramb36e1_CLKARDCLK_DOADO[1])
                                                      2.454    12.196 r  tag_mem_reg_1/DOADO[1]
                         net (fo=2, routed)           1.376    13.572    VexRiscv/IBusCachedPlugin_cache/main_basesoc_tag_do_tag[5]
    SLICE_X11Y49         LUT6 (Prop_lut6_I0_O)        0.124    13.696 r  VexRiscv/IBusCachedPlugin_cache/tag_mem_reg_0_i_25/O
                         net (fo=1, routed)           0.000    13.696    VexRiscv/IBusCachedPlugin_cache/tag_mem_reg_0_i_25_n_0
    SLICE_X11Y49         CARRY4 (Prop_carry4_S[1]_CO[3])
                                                      0.550    14.246 r  VexRiscv/IBusCachedPlugin_cache/tag_mem_reg_0_i_21/CO[3]
                         net (fo=1, routed)           0.001    14.247    VexRiscv/IBusCachedPlugin_cache/tag_mem_reg_0_i_21_n_0
    SLICE_X11Y50         CARRY4 (Prop_carry4_CI_CO[0])
                                                      0.271    14.518 r  VexRiscv/IBusCachedPlugin_cache/tag_mem_reg_0_i_20/CO[0]
                         net (fo=6, routed)           0.790    15.308    VexRiscv/IBusCachedPlugin_cache/main_basesoc_wb_sdram_ack0
    SLICE_X35Y50         LUT6 (Prop_lut6_I3_O)        0.373    15.681 r  VexRiscv/IBusCachedPlugin_cache/data_mem_grain2_reg_0_i_16/O
                         net (fo=10, routed)          1.312    16.992    VexRiscv/IBusCachedPlugin_cache/data_mem_grain2_reg_0_i_16_n_0
    SLICE_X60Y62         LUT6 (Prop_lut6_I5_O)        0.124    17.116 r  VexRiscv/IBusCachedPlugin_cache/data_mem_grain10_reg_0_i_8/O
                         net (fo=2, routed)           1.269    18.385    main_basesoc_data_port_we[10]
    RAMB36_X1Y16         RAMB36E1                                     r  data_mem_grain10_reg_1/WEA[0]
  -------------------------------------------------------------------    -------------------

                         (clock main_crg_clkout0 rise edge)
                                                     10.000    10.000 r  
    E3                                                0.000    10.000 r  clk100 (IN)
                         net (fo=0)                   0.000    10.000    clk100
    E3                   IBUF (Prop_ibuf_I_O)         1.411    11.411 r  clk100_IBUF_inst/O
                         net (fo=1, routed)           1.920    13.331    clk100_IBUF
    BUFGCTRL_X0Y16       BUFG (Prop_bufg_I_O)         0.091    13.422 r  clk100_IBUF_BUFG_inst/O
                         net (fo=9, routed)           1.705    15.127    main_crg_clkin
    PLLE2_ADV_X0Y0       PLLE2_ADV (Prop_plle2_adv_CLKIN1_CLKOUT0)
                                                      0.083    15.210 r  PLLE2_ADV/CLKOUT0
                         net (fo=1, routed)           1.918    17.128    main_crg_clkout0
    BUFGCTRL_X0Y15       BUFG (Prop_bufg_I_O)         0.091    17.219 r  BUFG_replica/O
                         net (fo=4, routed)           0.147    17.366    main_crg_clkout_buf0_repN
    BUFGCTRL_X0Y0        BUFG (Prop_bufg_I_O)         0.091    17.457 r  BUFG/O
                         net (fo=6781, routed)        1.544    19.001    main_crg_clkout_buf0
    RAMB36_X1Y16         RAMB36E1                                     r  data_mem_grain10_reg_1/CLKARDCLK
                         clock pessimism              0.432    19.433    
                         clock uncertainty           -0.057    19.376    
    RAMB36_X1Y16         RAMB36E1 (Setup_ramb36e1_CLKARDCLK_WEA[0])
                                                     -0.532    18.844    data_mem_grain10_reg_1
  -------------------------------------------------------------------
                         required time                         18.844    
                         arrival time                         -18.385    
  -------------------------------------------------------------------
                         slack                                  0.459    





Min Delay Paths
--------------------------------------------------------------------------------------
Slack (MET) :             0.026ns  (arrival time - required time)
  Source:                 builder_interface1_dat_w_reg[2]/C
                            (rising edge-triggered cell FDRE clocked by main_crg_clkout0  {rise@0.000ns fall@5.000ns period=10.000ns})
  Destination:            main_b_in_storage_reg[2]/D
                            (rising edge-triggered cell FDRE clocked by main_crg_clkout0  {rise@0.000ns fall@5.000ns period=10.000ns})
  Path Group:             main_crg_clkout0
  Path Type:              Hold (Min at Fast Process Corner)
  Requirement:            0.000ns  (main_crg_clkout0 rise@0.000ns - main_crg_clkout0 rise@0.000ns)
  Data Path Delay:        0.351ns  (logic 0.141ns (40.164%)  route 0.210ns (59.836%))
  Logic Levels:           0  
  Clock Path Skew:        0.262ns (DCD - SCD - CPR)
    Destination Clock Delay (DCD):    3.839ns
    Source Clock Delay      (SCD):    2.983ns
    Clock Pessimism Removal (CPR):    0.594ns

    Location             Delay type                Incr(ns)  Path(ns)    Netlist Resource(s)
  -------------------------------------------------------------------    -------------------
                         (clock main_crg_clkout0 rise edge)
                                                      0.000     0.000 r  
    E3                                                0.000     0.000 r  clk100 (IN)
                         net (fo=0)                   0.000     0.000    clk100
    E3                   IBUF (Prop_ibuf_I_O)         0.250     0.250 r  clk100_IBUF_inst/O
                         net (fo=1, routed)           0.644     0.894    clk100_IBUF
    BUFGCTRL_X0Y16       BUFG (Prop_bufg_I_O)         0.026     0.920 r  clk100_IBUF_BUFG_inst/O
                         net (fo=9, routed)           0.629     1.549    main_crg_clkin
    PLLE2_ADV_X0Y0       PLLE2_ADV (Prop_plle2_adv_CLKIN1_CLKOUT0)
                                                      0.050     1.599 r  PLLE2_ADV/CLKOUT0
                         net (fo=1, routed)           0.663     2.262    main_crg_clkout0
    BUFGCTRL_X0Y15       BUFG (Prop_bufg_I_O)         0.026     2.288 r  BUFG_replica/O
                         net (fo=4, routed)           0.042     2.330    main_crg_clkout_buf0_repN
    BUFGCTRL_X0Y0        BUFG (Prop_bufg_I_O)         0.026     2.356 r  BUFG/O
                         net (fo=6781, routed)        0.627     2.983    main_crg_clkout_buf0
    SLICE_X51Y39         FDRE                                         r  builder_interface1_dat_w_reg[2]/C
  -------------------------------------------------------------------    -------------------
    SLICE_X51Y39         FDRE (Prop_fdre_C_Q)         0.141     3.124 r  builder_interface1_dat_w_reg[2]/Q
                         net (fo=20, routed)          0.210     3.334    main_basesoc_uart_tx_fifo_wrport_dat_w[2]
    SLICE_X54Y37         FDRE                                         r  main_b_in_storage_reg[2]/D
  -------------------------------------------------------------------    -------------------

                         (clock main_crg_clkout0 rise edge)
                                                      0.000     0.000 r  
    E3                                                0.000     0.000 r  clk100 (IN)
                         net (fo=0)                   0.000     0.000    clk100
    E3                   IBUF (Prop_ibuf_I_O)         0.438     0.438 r  clk100_IBUF_inst/O
                         net (fo=1, routed)           0.699     1.136    clk100_IBUF
    BUFGCTRL_X0Y16       BUFG (Prop_bufg_I_O)         0.029     1.165 r  clk100_IBUF_BUFG_inst/O
                         net (fo=9, routed)           0.903     2.068    main_crg_clkin
    PLLE2_ADV_X0Y0       PLLE2_ADV (Prop_plle2_adv_CLKIN1_CLKOUT0)
                                                      0.053     2.121 r  PLLE2_ADV/CLKOUT0
                         net (fo=1, routed)           0.716     2.837    main_crg_clkout0
    BUFGCTRL_X0Y15       BUFG (Prop_bufg_I_O)         0.029     2.866 r  BUFG_replica/O
                         net (fo=4, routed)           0.046     2.912    main_crg_clkout_buf0_repN
    BUFGCTRL_X0Y0        BUFG (Prop_bufg_I_O)         0.029     2.941 r  BUFG/O
                         net (fo=6781, routed)        0.898     3.839    main_crg_clkout_buf0
    SLICE_X54Y37         FDRE                                         r  main_b_in_storage_reg[2]/C
                         clock pessimism             -0.594     3.245    
    SLICE_X54Y37         FDRE (Hold_fdre_C_D)         0.063     3.308    main_b_in_storage_reg[2]
  -------------------------------------------------------------------
                         required time                         -3.308    
                         arrival time                           3.334    
  -------------------------------------------------------------------
                         slack                                  0.026    

Slack (MET) :             0.032ns  (arrival time - required time)
  Source:                 builder_interface1_dat_w_reg[5]/C
                            (rising edge-triggered cell FDRE clocked by main_crg_clkout0  {rise@0.000ns fall@5.000ns period=10.000ns})
  Destination:            main_x_in_storage_reg[5]/D
                            (rising edge-triggered cell FDRE clocked by main_crg_clkout0  {rise@0.000ns fall@5.000ns period=10.000ns})
  Path Group:             main_crg_clkout0
  Path Type:              Hold (Min at Fast Process Corner)
  Requirement:            0.000ns  (main_crg_clkout0 rise@0.000ns - main_crg_clkout0 rise@0.000ns)
  Data Path Delay:        0.368ns  (logic 0.141ns (38.272%)  route 0.227ns (61.728%))
  Logic Levels:           0  
  Clock Path Skew:        0.265ns (DCD - SCD - CPR)
    Destination Clock Delay (DCD):    3.842ns
    Source Clock Delay      (SCD):    2.983ns
    Clock Pessimism Removal (CPR):    0.594ns

    Location             Delay type                Incr(ns)  Path(ns)    Netlist Resource(s)
  -------------------------------------------------------------------    -------------------
                         (clock main_crg_clkout0 rise edge)
                                                      0.000     0.000 r  
    E3                                                0.000     0.000 r  clk100 (IN)
                         net (fo=0)                   0.000     0.000    clk100
    E3                   IBUF (Prop_ibuf_I_O)         0.250     0.250 r  clk100_IBUF_inst/O
                         net (fo=1, routed)           0.644     0.894    clk100_IBUF
    BUFGCTRL_X0Y16       BUFG (Prop_bufg_I_O)         0.026     0.920 r  clk100_IBUF_BUFG_inst/O
                         net (fo=9, routed)           0.629     1.549    main_crg_clkin
    PLLE2_ADV_X0Y0       PLLE2_ADV (Prop_plle2_adv_CLKIN1_CLKOUT0)
                                                      0.050     1.599 r  PLLE2_ADV/CLKOUT0
                         net (fo=1, routed)           0.663     2.262    main_crg_clkout0
    BUFGCTRL_X0Y15       BUFG (Prop_bufg_I_O)         0.026     2.288 r  BUFG_replica/O
                         net (fo=4, routed)           0.042     2.330    main_crg_clkout_buf0_repN
    BUFGCTRL_X0Y0        BUFG (Prop_bufg_I_O)         0.026     2.356 r  BUFG/O
                         net (fo=6781, routed)        0.627     2.983    main_crg_clkout_buf0
    SLICE_X51Y39         FDRE                                         r  builder_interface1_dat_w_reg[5]/C
  -------------------------------------------------------------------    -------------------
    SLICE_X51Y39         FDRE (Prop_fdre_C_Q)         0.141     3.124 r  builder_interface1_dat_w_reg[5]/Q
                         net (fo=16, routed)          0.227     3.351    main_basesoc_uart_tx_fifo_wrport_dat_w[5]
    SLICE_X55Y41         FDRE                                         r  main_x_in_storage_reg[5]/D
  -------------------------------------------------------------------    -------------------

                         (clock main_crg_clkout0 rise edge)
                                                      0.000     0.000 r  
    E3                                                0.000     0.000 r  clk100 (IN)
                         net (fo=0)                   0.000     0.000    clk100
    E3                   IBUF (Prop_ibuf_I_O)         0.438     0.438 r  clk100_IBUF_inst/O
                         net (fo=1, routed)           0.699     1.136    clk100_IBUF
    BUFGCTRL_X0Y16       BUFG (Prop_bufg_I_O)         0.029     1.165 r  clk100_IBUF_BUFG_inst/O
                         net (fo=9, routed)           0.903     2.068    main_crg_clkin
    PLLE2_ADV_X0Y0       PLLE2_ADV (Prop_plle2_adv_CLKIN1_CLKOUT0)
                                                      0.053     2.121 r  PLLE2_ADV/CLKOUT0
                         net (fo=1, routed)           0.716     2.837    main_crg_clkout0
    BUFGCTRL_X0Y15       BUFG (Prop_bufg_I_O)         0.029     2.866 r  BUFG_replica/O
                         net (fo=4, routed)           0.046     2.912    main_crg_clkout_buf0_repN
    BUFGCTRL_X0Y0        BUFG (Prop_bufg_I_O)         0.029     2.941 r  BUFG/O
                         net (fo=6781, routed)        0.901     3.842    main_crg_clkout_buf0
    SLICE_X55Y41         FDRE                                         r  main_x_in_storage_reg[5]/C
                         clock pessimism             -0.594     3.248    
    SLICE_X55Y41         FDRE (Hold_fdre_C_D)         0.071     3.319    main_x_in_storage_reg[5]
  -------------------------------------------------------------------
                         required time                         -3.319    
                         arrival time                           3.351    
  -------------------------------------------------------------------
                         slack                                  0.032    

Slack (MET) :             0.039ns  (arrival time - required time)
  Source:                 main_basesoc_timer_value_status_reg[23]/C
                            (rising edge-triggered cell FDRE clocked by main_crg_clkout0  {rise@0.000ns fall@5.000ns period=10.000ns})
  Destination:            builder_interface5_bank_bus_dat_r_reg[23]/D
                            (rising edge-triggered cell FDRE clocked by main_crg_clkout0  {rise@0.000ns fall@5.000ns period=10.000ns})
  Path Group:             main_crg_clkout0
  Path Type:              Hold (Min at Fast Process Corner)
  Requirement:            0.000ns  (main_crg_clkout0 rise@0.000ns - main_crg_clkout0 rise@0.000ns)
  Data Path Delay:        0.331ns  (logic 0.186ns (56.136%)  route 0.145ns (43.864%))
  Logic Levels:           1  (LUT6=1)
  Clock Path Skew:        0.200ns (DCD - SCD - CPR)
    Destination Clock Delay (DCD):    3.780ns
    Source Clock Delay      (SCD):    2.989ns
    Clock Pessimism Removal (CPR):    0.590ns

    Location             Delay type                Incr(ns)  Path(ns)    Netlist Resource(s)
  -------------------------------------------------------------------    -------------------
                         (clock main_crg_clkout0 rise edge)
                                                      0.000     0.000 r  
    E3                                                0.000     0.000 r  clk100 (IN)
                         net (fo=0)                   0.000     0.000    clk100
    E3                   IBUF (Prop_ibuf_I_O)         0.250     0.250 r  clk100_IBUF_inst/O
                         net (fo=1, routed)           0.644     0.894    clk100_IBUF
    BUFGCTRL_X0Y16       BUFG (Prop_bufg_I_O)         0.026     0.920 r  clk100_IBUF_BUFG_inst/O
                         net (fo=9, routed)           0.629     1.549    main_crg_clkin
    PLLE2_ADV_X0Y0       PLLE2_ADV (Prop_plle2_adv_CLKIN1_CLKOUT0)
                                                      0.050     1.599 r  PLLE2_ADV/CLKOUT0
                         net (fo=1, routed)           0.663     2.262    main_crg_clkout0
    BUFGCTRL_X0Y15       BUFG (Prop_bufg_I_O)         0.026     2.288 r  BUFG_replica/O
                         net (fo=4, routed)           0.042     2.330    main_crg_clkout_buf0_repN
    BUFGCTRL_X0Y0        BUFG (Prop_bufg_I_O)         0.026     2.356 r  BUFG/O
                         net (fo=6781, routed)        0.633     2.989    main_crg_clkout_buf0
    SLICE_X68Y49         FDRE                                         r  main_basesoc_timer_value_status_reg[23]/C
  -------------------------------------------------------------------    -------------------
    SLICE_X68Y49         FDRE (Prop_fdre_C_Q)         0.141     3.130 r  main_basesoc_timer_value_status_reg[23]/Q
                         net (fo=1, routed)           0.145     3.275    main_basesoc_timer_value_status[23]
    SLICE_X67Y50         LUT6 (Prop_lut6_I3_O)        0.045     3.320 r  builder_interface5_bank_bus_dat_r[23]_i_1/O
                         net (fo=1, routed)           0.000     3.320    builder_interface5_bank_bus_dat_r[23]_i_1_n_0
    SLICE_X67Y50         FDRE                                         r  builder_interface5_bank_bus_dat_r_reg[23]/D
  -------------------------------------------------------------------    -------------------

                         (clock main_crg_clkout0 rise edge)
                                                      0.000     0.000 r  
    E3                                                0.000     0.000 r  clk100 (IN)
                         net (fo=0)                   0.000     0.000    clk100
    E3                   IBUF (Prop_ibuf_I_O)         0.438     0.438 r  clk100_IBUF_inst/O
                         net (fo=1, routed)           0.699     1.136    clk100_IBUF
    BUFGCTRL_X0Y16       BUFG (Prop_bufg_I_O)         0.029     1.165 r  clk100_IBUF_BUFG_inst/O
                         net (fo=9, routed)           0.903     2.068    main_crg_clkin
    PLLE2_ADV_X0Y0       PLLE2_ADV (Prop_plle2_adv_CLKIN1_CLKOUT0)
                                                      0.053     2.121 r  PLLE2_ADV/CLKOUT0
                         net (fo=1, routed)           0.716     2.837    main_crg_clkout0
    BUFGCTRL_X0Y15       BUFG (Prop_bufg_I_O)         0.029     2.866 r  BUFG_replica/O
                         net (fo=4, routed)           0.046     2.912    main_crg_clkout_buf0_repN
    BUFGCTRL_X0Y0        BUFG (Prop_bufg_I_O)         0.029     2.941 r  BUFG/O
                         net (fo=6781, routed)        0.839     3.780    main_crg_clkout_buf0
    SLICE_X67Y50         FDRE                                         r  builder_interface5_bank_bus_dat_r_reg[23]/C
                         clock pessimism             -0.590     3.189    
    SLICE_X67Y50         FDRE (Hold_fdre_C_D)         0.092     3.281    builder_interface5_bank_bus_dat_r_reg[23]
  -------------------------------------------------------------------
                         required time                         -3.281    
                         arrival time                           3.320    
  -------------------------------------------------------------------
                         slack                                  0.039    

Slack (MET) :             0.046ns  (arrival time - required time)
  Source:                 main_basesoc_sdram_bankmachine5_produce_reg[0]/C
                            (rising edge-triggered cell FDRE clocked by main_crg_clkout0  {rise@0.000ns fall@5.000ns period=10.000ns})
  Destination:            storage_7_reg_0_7_18_21/RAMA/WADR0
                            (rising edge-triggered cell RAMD32 clocked by main_crg_clkout0  {rise@0.000ns fall@5.000ns period=10.000ns})
  Path Group:             main_crg_clkout0
  Path Type:              Hold (Min at Fast Process Corner)
  Requirement:            0.000ns  (main_crg_clkout0 rise@0.000ns - main_crg_clkout0 rise@0.000ns)
  Data Path Delay:        0.369ns  (logic 0.141ns (38.165%)  route 0.228ns (61.835%))
  Logic Levels:           0  
  Clock Path Skew:        0.013ns (DCD - SCD - CPR)
    Destination Clock Delay (DCD):    3.839ns
    Source Clock Delay      (SCD):    2.981ns
    Clock Pessimism Removal (CPR):    0.845ns

    Location             Delay type                Incr(ns)  Path(ns)    Netlist Resource(s)
  -------------------------------------------------------------------    -------------------
                         (clock main_crg_clkout0 rise edge)
                                                      0.000     0.000 r  
    E3                                                0.000     0.000 r  clk100 (IN)
                         net (fo=0)                   0.000     0.000    clk100
    E3                   IBUF (Prop_ibuf_I_O)         0.250     0.250 r  clk100_IBUF_inst/O
                         net (fo=1, routed)           0.644     0.894    clk100_IBUF
    BUFGCTRL_X0Y16       BUFG (Prop_bufg_I_O)         0.026     0.920 r  clk100_IBUF_BUFG_inst/O
                         net (fo=9, routed)           0.629     1.549    main_crg_clkin
    PLLE2_ADV_X0Y0       PLLE2_ADV (Prop_plle2_adv_CLKIN1_CLKOUT0)
                                                      0.050     1.599 r  PLLE2_ADV/CLKOUT0
                         net (fo=1, routed)           0.663     2.262    main_crg_clkout0
    BUFGCTRL_X0Y15       BUFG (Prop_bufg_I_O)         0.026     2.288 r  BUFG_replica/O
                         net (fo=4, routed)           0.042     2.330    main_crg_clkout_buf0_repN
    BUFGCTRL_X0Y0        BUFG (Prop_bufg_I_O)         0.026     2.356 r  BUFG/O
                         net (fo=6781, routed)        0.625     2.981    main_crg_clkout_buf0
    SLICE_X63Y31         FDRE                                         r  main_basesoc_sdram_bankmachine5_produce_reg[0]/C
  -------------------------------------------------------------------    -------------------
    SLICE_X63Y31         FDRE (Prop_fdre_C_Q)         0.141     3.122 r  main_basesoc_sdram_bankmachine5_produce_reg[0]/Q
                         net (fo=35, routed)          0.228     3.350    storage_7_reg_0_7_18_21/ADDRD0
    SLICE_X62Y31         RAMD32                                       r  storage_7_reg_0_7_18_21/RAMA/WADR0
  -------------------------------------------------------------------    -------------------

                         (clock main_crg_clkout0 rise edge)
                                                      0.000     0.000 r  
    E3                                                0.000     0.000 r  clk100 (IN)
                         net (fo=0)                   0.000     0.000    clk100
    E3                   IBUF (Prop_ibuf_I_O)         0.438     0.438 r  clk100_IBUF_inst/O
                         net (fo=1, routed)           0.699     1.136    clk100_IBUF
    BUFGCTRL_X0Y16       BUFG (Prop_bufg_I_O)         0.029     1.165 r  clk100_IBUF_BUFG_inst/O
                         net (fo=9, routed)           0.903     2.068    main_crg_clkin
    PLLE2_ADV_X0Y0       PLLE2_ADV (Prop_plle2_adv_CLKIN1_CLKOUT0)
                                                      0.053     2.121 r  PLLE2_ADV/CLKOUT0
                         net (fo=1, routed)           0.716     2.837    main_crg_clkout0
    BUFGCTRL_X0Y15       BUFG (Prop_bufg_I_O)         0.029     2.866 r  BUFG_replica/O
                         net (fo=4, routed)           0.046     2.912    main_crg_clkout_buf0_repN
    BUFGCTRL_X0Y0        BUFG (Prop_bufg_I_O)         0.029     2.941 r  BUFG/O
                         net (fo=6781, routed)        0.898     3.839    storage_7_reg_0_7_18_21/WCLK
    SLICE_X62Y31         RAMD32                                       r  storage_7_reg_0_7_18_21/RAMA/CLK
                         clock pessimism             -0.845     2.994    
    SLICE_X62Y31         RAMD32 (Hold_ramd32_CLK_WADR0)
                                                      0.310     3.304    storage_7_reg_0_7_18_21/RAMA
  -------------------------------------------------------------------
                         required time                         -3.304    
                         arrival time                           3.350    
  -------------------------------------------------------------------
                         slack                                  0.046    

Slack (MET) :             0.046ns  (arrival time - required time)
  Source:                 main_basesoc_sdram_bankmachine5_produce_reg[0]/C
                            (rising edge-triggered cell FDRE clocked by main_crg_clkout0  {rise@0.000ns fall@5.000ns period=10.000ns})
  Destination:            storage_7_reg_0_7_18_21/RAMA_D1/WADR0
                            (rising edge-triggered cell RAMD32 clocked by main_crg_clkout0  {rise@0.000ns fall@5.000ns period=10.000ns})
  Path Group:             main_crg_clkout0
  Path Type:              Hold (Min at Fast Process Corner)
  Requirement:            0.000ns  (main_crg_clkout0 rise@0.000ns - main_crg_clkout0 rise@0.000ns)
  Data Path Delay:        0.369ns  (logic 0.141ns (38.165%)  route 0.228ns (61.835%))
  Logic Levels:           0  
  Clock Path Skew:        0.013ns (DCD - SCD - CPR)
    Destination Clock Delay (DCD):    3.839ns
    Source Clock Delay      (SCD):    2.981ns
    Clock Pessimism Removal (CPR):    0.845ns

    Location             Delay type                Incr(ns)  Path(ns)    Netlist Resource(s)
  -------------------------------------------------------------------    -------------------
                         (clock main_crg_clkout0 rise edge)
                                                      0.000     0.000 r  
    E3                                                0.000     0.000 r  clk100 (IN)
                         net (fo=0)                   0.000     0.000    clk100
    E3                   IBUF (Prop_ibuf_I_O)         0.250     0.250 r  clk100_IBUF_inst/O
                         net (fo=1, routed)           0.644     0.894    clk100_IBUF
    BUFGCTRL_X0Y16       BUFG (Prop_bufg_I_O)         0.026     0.920 r  clk100_IBUF_BUFG_inst/O
                         net (fo=9, routed)           0.629     1.549    main_crg_clkin
    PLLE2_ADV_X0Y0       PLLE2_ADV (Prop_plle2_adv_CLKIN1_CLKOUT0)
                                                      0.050     1.599 r  PLLE2_ADV/CLKOUT0
                         net (fo=1, routed)           0.663     2.262    main_crg_clkout0
    BUFGCTRL_X0Y15       BUFG (Prop_bufg_I_O)         0.026     2.288 r  BUFG_replica/O
                         net (fo=4, routed)           0.042     2.330    main_crg_clkout_buf0_repN
    BUFGCTRL_X0Y0        BUFG (Prop_bufg_I_O)         0.026     2.356 r  BUFG/O
                         net (fo=6781, routed)        0.625     2.981    main_crg_clkout_buf0
    SLICE_X63Y31         FDRE                                         r  main_basesoc_sdram_bankmachine5_produce_reg[0]/C
  -------------------------------------------------------------------    -------------------
    SLICE_X63Y31         FDRE (Prop_fdre_C_Q)         0.141     3.122 r  main_basesoc_sdram_bankmachine5_produce_reg[0]/Q
                         net (fo=35, routed)          0.228     3.350    storage_7_reg_0_7_18_21/ADDRD0
    SLICE_X62Y31         RAMD32                                       r  storage_7_reg_0_7_18_21/RAMA_D1/WADR0
  -------------------------------------------------------------------    -------------------

                         (clock main_crg_clkout0 rise edge)
                                                      0.000     0.000 r  
    E3                                                0.000     0.000 r  clk100 (IN)
                         net (fo=0)                   0.000     0.000    clk100
    E3                   IBUF (Prop_ibuf_I_O)         0.438     0.438 r  clk100_IBUF_inst/O
                         net (fo=1, routed)           0.699     1.136    clk100_IBUF
    BUFGCTRL_X0Y16       BUFG (Prop_bufg_I_O)         0.029     1.165 r  clk100_IBUF_BUFG_inst/O
                         net (fo=9, routed)           0.903     2.068    main_crg_clkin
    PLLE2_ADV_X0Y0       PLLE2_ADV (Prop_plle2_adv_CLKIN1_CLKOUT0)
                                                      0.053     2.121 r  PLLE2_ADV/CLKOUT0
                         net (fo=1, routed)           0.716     2.837    main_crg_clkout0
    BUFGCTRL_X0Y15       BUFG (Prop_bufg_I_O)         0.029     2.866 r  BUFG_replica/O
                         net (fo=4, routed)           0.046     2.912    main_crg_clkout_buf0_repN
    BUFGCTRL_X0Y0        BUFG (Prop_bufg_I_O)         0.029     2.941 r  BUFG/O
                         net (fo=6781, routed)        0.898     3.839    storage_7_reg_0_7_18_21/WCLK
    SLICE_X62Y31         RAMD32                                       r  storage_7_reg_0_7_18_21/RAMA_D1/CLK
                         clock pessimism             -0.845     2.994    
    SLICE_X62Y31         RAMD32 (Hold_ramd32_CLK_WADR0)
                                                      0.310     3.304    storage_7_reg_0_7_18_21/RAMA_D1
  -------------------------------------------------------------------
                         required time                         -3.304    
                         arrival time                           3.350    
  -------------------------------------------------------------------
                         slack                                  0.046    

Slack (MET) :             0.046ns  (arrival time - required time)
  Source:                 main_basesoc_sdram_bankmachine5_produce_reg[0]/C
                            (rising edge-triggered cell FDRE clocked by main_crg_clkout0  {rise@0.000ns fall@5.000ns period=10.000ns})
  Destination:            storage_7_reg_0_7_18_21/RAMB/WADR0
                            (rising edge-triggered cell RAMD32 clocked by main_crg_clkout0  {rise@0.000ns fall@5.000ns period=10.000ns})
  Path Group:             main_crg_clkout0
  Path Type:              Hold (Min at Fast Process Corner)
  Requirement:            0.000ns  (main_crg_clkout0 rise@0.000ns - main_crg_clkout0 rise@0.000ns)
  Data Path Delay:        0.369ns  (logic 0.141ns (38.165%)  route 0.228ns (61.835%))
  Logic Levels:           0  
  Clock Path Skew:        0.013ns (DCD - SCD - CPR)
    Destination Clock Delay (DCD):    3.839ns
    Source Clock Delay      (SCD):    2.981ns
    Clock Pessimism Removal (CPR):    0.845ns

    Location             Delay type                Incr(ns)  Path(ns)    Netlist Resource(s)
  -------------------------------------------------------------------    -------------------
                         (clock main_crg_clkout0 rise edge)
                                                      0.000     0.000 r  
    E3                                                0.000     0.000 r  clk100 (IN)
                         net (fo=0)                   0.000     0.000    clk100
    E3                   IBUF (Prop_ibuf_I_O)         0.250     0.250 r  clk100_IBUF_inst/O
                         net (fo=1, routed)           0.644     0.894    clk100_IBUF
    BUFGCTRL_X0Y16       BUFG (Prop_bufg_I_O)         0.026     0.920 r  clk100_IBUF_BUFG_inst/O
                         net (fo=9, routed)           0.629     1.549    main_crg_clkin
    PLLE2_ADV_X0Y0       PLLE2_ADV (Prop_plle2_adv_CLKIN1_CLKOUT0)
                                                      0.050     1.599 r  PLLE2_ADV/CLKOUT0
                         net (fo=1, routed)           0.663     2.262    main_crg_clkout0
    BUFGCTRL_X0Y15       BUFG (Prop_bufg_I_O)         0.026     2.288 r  BUFG_replica/O
                         net (fo=4, routed)           0.042     2.330    main_crg_clkout_buf0_repN
    BUFGCTRL_X0Y0        BUFG (Prop_bufg_I_O)         0.026     2.356 r  BUFG/O
                         net (fo=6781, routed)        0.625     2.981    main_crg_clkout_buf0
    SLICE_X63Y31         FDRE                                         r  main_basesoc_sdram_bankmachine5_produce_reg[0]/C
  -------------------------------------------------------------------    -------------------
    SLICE_X63Y31         FDRE (Prop_fdre_C_Q)         0.141     3.122 r  main_basesoc_sdram_bankmachine5_produce_reg[0]/Q
                         net (fo=35, routed)          0.228     3.350    storage_7_reg_0_7_18_21/ADDRD0
    SLICE_X62Y31         RAMD32                                       r  storage_7_reg_0_7_18_21/RAMB/WADR0
  -------------------------------------------------------------------    -------------------

                         (clock main_crg_clkout0 rise edge)
                                                      0.000     0.000 r  
    E3                                                0.000     0.000 r  clk100 (IN)
                         net (fo=0)                   0.000     0.000    clk100
    E3                   IBUF (Prop_ibuf_I_O)         0.438     0.438 r  clk100_IBUF_inst/O
                         net (fo=1, routed)           0.699     1.136    clk100_IBUF
    BUFGCTRL_X0Y16       BUFG (Prop_bufg_I_O)         0.029     1.165 r  clk100_IBUF_BUFG_inst/O
                         net (fo=9, routed)           0.903     2.068    main_crg_clkin
    PLLE2_ADV_X0Y0       PLLE2_ADV (Prop_plle2_adv_CLKIN1_CLKOUT0)
                                                      0.053     2.121 r  PLLE2_ADV/CLKOUT0
                         net (fo=1, routed)           0.716     2.837    main_crg_clkout0
    BUFGCTRL_X0Y15       BUFG (Prop_bufg_I_O)         0.029     2.866 r  BUFG_replica/O
                         net (fo=4, routed)           0.046     2.912    main_crg_clkout_buf0_repN
    BUFGCTRL_X0Y0        BUFG (Prop_bufg_I_O)         0.029     2.941 r  BUFG/O
                         net (fo=6781, routed)        0.898     3.839    storage_7_reg_0_7_18_21/WCLK
    SLICE_X62Y31         RAMD32                                       r  storage_7_reg_0_7_18_21/RAMB/CLK
                         clock pessimism             -0.845     2.994    
    SLICE_X62Y31         RAMD32 (Hold_ramd32_CLK_WADR0)
                                                      0.310     3.304    storage_7_reg_0_7_18_21/RAMB
  -------------------------------------------------------------------
                         required time                         -3.304    
                         arrival time                           3.350    
  -------------------------------------------------------------------
                         slack                                  0.046    

Slack (MET) :             0.046ns  (arrival time - required time)
  Source:                 main_basesoc_sdram_bankmachine5_produce_reg[0]/C
                            (rising edge-triggered cell FDRE clocked by main_crg_clkout0  {rise@0.000ns fall@5.000ns period=10.000ns})
  Destination:            storage_7_reg_0_7_18_21/RAMB_D1/WADR0
                            (rising edge-triggered cell RAMD32 clocked by main_crg_clkout0  {rise@0.000ns fall@5.000ns period=10.000ns})
  Path Group:             main_crg_clkout0
  Path Type:              Hold (Min at Fast Process Corner)
  Requirement:            0.000ns  (main_crg_clkout0 rise@0.000ns - main_crg_clkout0 rise@0.000ns)
  Data Path Delay:        0.369ns  (logic 0.141ns (38.165%)  route 0.228ns (61.835%))
  Logic Levels:           0  
  Clock Path Skew:        0.013ns (DCD - SCD - CPR)
    Destination Clock Delay (DCD):    3.839ns
    Source Clock Delay      (SCD):    2.981ns
    Clock Pessimism Removal (CPR):    0.845ns

    Location             Delay type                Incr(ns)  Path(ns)    Netlist Resource(s)
  -------------------------------------------------------------------    -------------------
                         (clock main_crg_clkout0 rise edge)
                                                      0.000     0.000 r  
    E3                                                0.000     0.000 r  clk100 (IN)
                         net (fo=0)                   0.000     0.000    clk100
    E3                   IBUF (Prop_ibuf_I_O)         0.250     0.250 r  clk100_IBUF_inst/O
                         net (fo=1, routed)           0.644     0.894    clk100_IBUF
    BUFGCTRL_X0Y16       BUFG (Prop_bufg_I_O)         0.026     0.920 r  clk100_IBUF_BUFG_inst/O
                         net (fo=9, routed)           0.629     1.549    main_crg_clkin
    PLLE2_ADV_X0Y0       PLLE2_ADV (Prop_plle2_adv_CLKIN1_CLKOUT0)
                                                      0.050     1.599 r  PLLE2_ADV/CLKOUT0
                         net (fo=1, routed)           0.663     2.262    main_crg_clkout0
    BUFGCTRL_X0Y15       BUFG (Prop_bufg_I_O)         0.026     2.288 r  BUFG_replica/O
                         net (fo=4, routed)           0.042     2.330    main_crg_clkout_buf0_repN
    BUFGCTRL_X0Y0        BUFG (Prop_bufg_I_O)         0.026     2.356 r  BUFG/O
                         net (fo=6781, routed)        0.625     2.981    main_crg_clkout_buf0
    SLICE_X63Y31         FDRE                                         r  main_basesoc_sdram_bankmachine5_produce_reg[0]/C
  -------------------------------------------------------------------    -------------------
    SLICE_X63Y31         FDRE (Prop_fdre_C_Q)         0.141     3.122 r  main_basesoc_sdram_bankmachine5_produce_reg[0]/Q
                         net (fo=35, routed)          0.228     3.350    storage_7_reg_0_7_18_21/ADDRD0
    SLICE_X62Y31         RAMD32                                       r  storage_7_reg_0_7_18_21/RAMB_D1/WADR0
  -------------------------------------------------------------------    -------------------

                         (clock main_crg_clkout0 rise edge)
                                                      0.000     0.000 r  
    E3                                                0.000     0.000 r  clk100 (IN)
                         net (fo=0)                   0.000     0.000    clk100
    E3                   IBUF (Prop_ibuf_I_O)         0.438     0.438 r  clk100_IBUF_inst/O
                         net (fo=1, routed)           0.699     1.136    clk100_IBUF
    BUFGCTRL_X0Y16       BUFG (Prop_bufg_I_O)         0.029     1.165 r  clk100_IBUF_BUFG_inst/O
                         net (fo=9, routed)           0.903     2.068    main_crg_clkin
    PLLE2_ADV_X0Y0       PLLE2_ADV (Prop_plle2_adv_CLKIN1_CLKOUT0)
                                                      0.053     2.121 r  PLLE2_ADV/CLKOUT0
                         net (fo=1, routed)           0.716     2.837    main_crg_clkout0
    BUFGCTRL_X0Y15       BUFG (Prop_bufg_I_O)         0.029     2.866 r  BUFG_replica/O
                         net (fo=4, routed)           0.046     2.912    main_crg_clkout_buf0_repN
    BUFGCTRL_X0Y0        BUFG (Prop_bufg_I_O)         0.029     2.941 r  BUFG/O
                         net (fo=6781, routed)        0.898     3.839    storage_7_reg_0_7_18_21/WCLK
    SLICE_X62Y31         RAMD32                                       r  storage_7_reg_0_7_18_21/RAMB_D1/CLK
                         clock pessimism             -0.845     2.994    
    SLICE_X62Y31         RAMD32 (Hold_ramd32_CLK_WADR0)
                                                      0.310     3.304    storage_7_reg_0_7_18_21/RAMB_D1
  -------------------------------------------------------------------
                         required time                         -3.304    
                         arrival time                           3.350    
  -------------------------------------------------------------------
                         slack                                  0.046    

Slack (MET) :             0.046ns  (arrival time - required time)
  Source:                 main_basesoc_sdram_bankmachine5_produce_reg[0]/C
                            (rising edge-triggered cell FDRE clocked by main_crg_clkout0  {rise@0.000ns fall@5.000ns period=10.000ns})
  Destination:            storage_7_reg_0_7_18_21/RAMC/WADR0
                            (rising edge-triggered cell RAMD32 clocked by main_crg_clkout0  {rise@0.000ns fall@5.000ns period=10.000ns})
  Path Group:             main_crg_clkout0
  Path Type:              Hold (Min at Fast Process Corner)
  Requirement:            0.000ns  (main_crg_clkout0 rise@0.000ns - main_crg_clkout0 rise@0.000ns)
  Data Path Delay:        0.369ns  (logic 0.141ns (38.165%)  route 0.228ns (61.835%))
  Logic Levels:           0  
  Clock Path Skew:        0.013ns (DCD - SCD - CPR)
    Destination Clock Delay (DCD):    3.839ns
    Source Clock Delay      (SCD):    2.981ns
    Clock Pessimism Removal (CPR):    0.845ns

    Location             Delay type                Incr(ns)  Path(ns)    Netlist Resource(s)
  -------------------------------------------------------------------    -------------------
                         (clock main_crg_clkout0 rise edge)
                                                      0.000     0.000 r  
    E3                                                0.000     0.000 r  clk100 (IN)
                         net (fo=0)                   0.000     0.000    clk100
    E3                   IBUF (Prop_ibuf_I_O)         0.250     0.250 r  clk100_IBUF_inst/O
                         net (fo=1, routed)           0.644     0.894    clk100_IBUF
    BUFGCTRL_X0Y16       BUFG (Prop_bufg_I_O)         0.026     0.920 r  clk100_IBUF_BUFG_inst/O
                         net (fo=9, routed)           0.629     1.549    main_crg_clkin
    PLLE2_ADV_X0Y0       PLLE2_ADV (Prop_plle2_adv_CLKIN1_CLKOUT0)
                                                      0.050     1.599 r  PLLE2_ADV/CLKOUT0
                         net (fo=1, routed)           0.663     2.262    main_crg_clkout0
    BUFGCTRL_X0Y15       BUFG (Prop_bufg_I_O)         0.026     2.288 r  BUFG_replica/O
                         net (fo=4, routed)           0.042     2.330    main_crg_clkout_buf0_repN
    BUFGCTRL_X0Y0        BUFG (Prop_bufg_I_O)         0.026     2.356 r  BUFG/O
                         net (fo=6781, routed)        0.625     2.981    main_crg_clkout_buf0
    SLICE_X63Y31         FDRE                                         r  main_basesoc_sdram_bankmachine5_produce_reg[0]/C
  -------------------------------------------------------------------    -------------------
    SLICE_X63Y31         FDRE (Prop_fdre_C_Q)         0.141     3.122 r  main_basesoc_sdram_bankmachine5_produce_reg[0]/Q
                         net (fo=35, routed)          0.228     3.350    storage_7_reg_0_7_18_21/ADDRD0
    SLICE_X62Y31         RAMD32                                       r  storage_7_reg_0_7_18_21/RAMC/WADR0
  -------------------------------------------------------------------    -------------------

                         (clock main_crg_clkout0 rise edge)
                                                      0.000     0.000 r  
    E3                                                0.000     0.000 r  clk100 (IN)
                         net (fo=0)                   0.000     0.000    clk100
    E3                   IBUF (Prop_ibuf_I_O)         0.438     0.438 r  clk100_IBUF_inst/O
                         net (fo=1, routed)           0.699     1.136    clk100_IBUF
    BUFGCTRL_X0Y16       BUFG (Prop_bufg_I_O)         0.029     1.165 r  clk100_IBUF_BUFG_inst/O
                         net (fo=9, routed)           0.903     2.068    main_crg_clkin
    PLLE2_ADV_X0Y0       PLLE2_ADV (Prop_plle2_adv_CLKIN1_CLKOUT0)
                                                      0.053     2.121 r  PLLE2_ADV/CLKOUT0
                         net (fo=1, routed)           0.716     2.837    main_crg_clkout0
    BUFGCTRL_X0Y15       BUFG (Prop_bufg_I_O)         0.029     2.866 r  BUFG_replica/O
                         net (fo=4, routed)           0.046     2.912    main_crg_clkout_buf0_repN
    BUFGCTRL_X0Y0        BUFG (Prop_bufg_I_O)         0.029     2.941 r  BUFG/O
                         net (fo=6781, routed)        0.898     3.839    storage_7_reg_0_7_18_21/WCLK
    SLICE_X62Y31         RAMD32                                       r  storage_7_reg_0_7_18_21/RAMC/CLK
                         clock pessimism             -0.845     2.994    
    SLICE_X62Y31         RAMD32 (Hold_ramd32_CLK_WADR0)
                                                      0.310     3.304    storage_7_reg_0_7_18_21/RAMC
  -------------------------------------------------------------------
                         required time                         -3.304    
                         arrival time                           3.350    
  -------------------------------------------------------------------
                         slack                                  0.046    

Slack (MET) :             0.046ns  (arrival time - required time)
  Source:                 main_basesoc_sdram_bankmachine5_produce_reg[0]/C
                            (rising edge-triggered cell FDRE clocked by main_crg_clkout0  {rise@0.000ns fall@5.000ns period=10.000ns})
  Destination:            storage_7_reg_0_7_18_21/RAMC_D1/WADR0
                            (rising edge-triggered cell RAMD32 clocked by main_crg_clkout0  {rise@0.000ns fall@5.000ns period=10.000ns})
  Path Group:             main_crg_clkout0
  Path Type:              Hold (Min at Fast Process Corner)
  Requirement:            0.000ns  (main_crg_clkout0 rise@0.000ns - main_crg_clkout0 rise@0.000ns)
  Data Path Delay:        0.369ns  (logic 0.141ns (38.165%)  route 0.228ns (61.835%))
  Logic Levels:           0  
  Clock Path Skew:        0.013ns (DCD - SCD - CPR)
    Destination Clock Delay (DCD):    3.839ns
    Source Clock Delay      (SCD):    2.981ns
    Clock Pessimism Removal (CPR):    0.845ns

    Location             Delay type                Incr(ns)  Path(ns)    Netlist Resource(s)
  -------------------------------------------------------------------    -------------------
                         (clock main_crg_clkout0 rise edge)
                                                      0.000     0.000 r  
    E3                                                0.000     0.000 r  clk100 (IN)
                         net (fo=0)                   0.000     0.000    clk100
    E3                   IBUF (Prop_ibuf_I_O)         0.250     0.250 r  clk100_IBUF_inst/O
                         net (fo=1, routed)           0.644     0.894    clk100_IBUF
    BUFGCTRL_X0Y16       BUFG (Prop_bufg_I_O)         0.026     0.920 r  clk100_IBUF_BUFG_inst/O
                         net (fo=9, routed)           0.629     1.549    main_crg_clkin
    PLLE2_ADV_X0Y0       PLLE2_ADV (Prop_plle2_adv_CLKIN1_CLKOUT0)
                                                      0.050     1.599 r  PLLE2_ADV/CLKOUT0
                         net (fo=1, routed)           0.663     2.262    main_crg_clkout0
    BUFGCTRL_X0Y15       BUFG (Prop_bufg_I_O)         0.026     2.288 r  BUFG_replica/O
                         net (fo=4, routed)           0.042     2.330    main_crg_clkout_buf0_repN
    BUFGCTRL_X0Y0        BUFG (Prop_bufg_I_O)         0.026     2.356 r  BUFG/O
                         net (fo=6781, routed)        0.625     2.981    main_crg_clkout_buf0
    SLICE_X63Y31         FDRE                                         r  main_basesoc_sdram_bankmachine5_produce_reg[0]/C
  -------------------------------------------------------------------    -------------------
    SLICE_X63Y31         FDRE (Prop_fdre_C_Q)         0.141     3.122 r  main_basesoc_sdram_bankmachine5_produce_reg[0]/Q
                         net (fo=35, routed)          0.228     3.350    storage_7_reg_0_7_18_21/ADDRD0
    SLICE_X62Y31         RAMD32                                       r  storage_7_reg_0_7_18_21/RAMC_D1/WADR0
  -------------------------------------------------------------------    -------------------

                         (clock main_crg_clkout0 rise edge)
                                                      0.000     0.000 r  
    E3                                                0.000     0.000 r  clk100 (IN)
                         net (fo=0)                   0.000     0.000    clk100
    E3                   IBUF (Prop_ibuf_I_O)         0.438     0.438 r  clk100_IBUF_inst/O
                         net (fo=1, routed)           0.699     1.136    clk100_IBUF
    BUFGCTRL_X0Y16       BUFG (Prop_bufg_I_O)         0.029     1.165 r  clk100_IBUF_BUFG_inst/O
                         net (fo=9, routed)           0.903     2.068    main_crg_clkin
    PLLE2_ADV_X0Y0       PLLE2_ADV (Prop_plle2_adv_CLKIN1_CLKOUT0)
                                                      0.053     2.121 r  PLLE2_ADV/CLKOUT0
                         net (fo=1, routed)           0.716     2.837    main_crg_clkout0
    BUFGCTRL_X0Y15       BUFG (Prop_bufg_I_O)         0.029     2.866 r  BUFG_replica/O
                         net (fo=4, routed)           0.046     2.912    main_crg_clkout_buf0_repN
    BUFGCTRL_X0Y0        BUFG (Prop_bufg_I_O)         0.029     2.941 r  BUFG/O
                         net (fo=6781, routed)        0.898     3.839    storage_7_reg_0_7_18_21/WCLK
    SLICE_X62Y31         RAMD32                                       r  storage_7_reg_0_7_18_21/RAMC_D1/CLK
                         clock pessimism             -0.845     2.994    
    SLICE_X62Y31         RAMD32 (Hold_ramd32_CLK_WADR0)
                                                      0.310     3.304    storage_7_reg_0_7_18_21/RAMC_D1
  -------------------------------------------------------------------
                         required time                         -3.304    
                         arrival time                           3.350    
  -------------------------------------------------------------------
                         slack                                  0.046    

Slack (MET) :             0.046ns  (arrival time - required time)
  Source:                 main_basesoc_sdram_bankmachine5_produce_reg[0]/C
                            (rising edge-triggered cell FDRE clocked by main_crg_clkout0  {rise@0.000ns fall@5.000ns period=10.000ns})
  Destination:            storage_7_reg_0_7_18_21/RAMD/ADR0
                            (rising edge-triggered cell RAMS32 clocked by main_crg_clkout0  {rise@0.000ns fall@5.000ns period=10.000ns})
  Path Group:             main_crg_clkout0
  Path Type:              Hold (Min at Fast Process Corner)
  Requirement:            0.000ns  (main_crg_clkout0 rise@0.000ns - main_crg_clkout0 rise@0.000ns)
  Data Path Delay:        0.369ns  (logic 0.141ns (38.165%)  route 0.228ns (61.835%))
  Logic Levels:           0  
  Clock Path Skew:        0.013ns (DCD - SCD - CPR)
    Destination Clock Delay (DCD):    3.839ns
    Source Clock Delay      (SCD):    2.981ns
    Clock Pessimism Removal (CPR):    0.845ns

    Location             Delay type                Incr(ns)  Path(ns)    Netlist Resource(s)
  -------------------------------------------------------------------    -------------------
                         (clock main_crg_clkout0 rise edge)
                                                      0.000     0.000 r  
    E3                                                0.000     0.000 r  clk100 (IN)
                         net (fo=0)                   0.000     0.000    clk100
    E3                   IBUF (Prop_ibuf_I_O)         0.250     0.250 r  clk100_IBUF_inst/O
                         net (fo=1, routed)           0.644     0.894    clk100_IBUF
    BUFGCTRL_X0Y16       BUFG (Prop_bufg_I_O)         0.026     0.920 r  clk100_IBUF_BUFG_inst/O
                         net (fo=9, routed)           0.629     1.549    main_crg_clkin
    PLLE2_ADV_X0Y0       PLLE2_ADV (Prop_plle2_adv_CLKIN1_CLKOUT0)
                                                      0.050     1.599 r  PLLE2_ADV/CLKOUT0
                         net (fo=1, routed)           0.663     2.262    main_crg_clkout0
    BUFGCTRL_X0Y15       BUFG (Prop_bufg_I_O)         0.026     2.288 r  BUFG_replica/O
                         net (fo=4, routed)           0.042     2.330    main_crg_clkout_buf0_repN
    BUFGCTRL_X0Y0        BUFG (Prop_bufg_I_O)         0.026     2.356 r  BUFG/O
                         net (fo=6781, routed)        0.625     2.981    main_crg_clkout_buf0
    SLICE_X63Y31         FDRE                                         r  main_basesoc_sdram_bankmachine5_produce_reg[0]/C
  -------------------------------------------------------------------    -------------------
    SLICE_X63Y31         FDRE (Prop_fdre_C_Q)         0.141     3.122 r  main_basesoc_sdram_bankmachine5_produce_reg[0]/Q
                         net (fo=35, routed)          0.228     3.350    storage_7_reg_0_7_18_21/ADDRD0
    SLICE_X62Y31         RAMS32                                       r  storage_7_reg_0_7_18_21/RAMD/ADR0
  -------------------------------------------------------------------    -------------------

                         (clock main_crg_clkout0 rise edge)
                                                      0.000     0.000 r  
    E3                                                0.000     0.000 r  clk100 (IN)
                         net (fo=0)                   0.000     0.000    clk100
    E3                   IBUF (Prop_ibuf_I_O)         0.438     0.438 r  clk100_IBUF_inst/O
                         net (fo=1, routed)           0.699     1.136    clk100_IBUF
    BUFGCTRL_X0Y16       BUFG (Prop_bufg_I_O)         0.029     1.165 r  clk100_IBUF_BUFG_inst/O
                         net (fo=9, routed)           0.903     2.068    main_crg_clkin
    PLLE2_ADV_X0Y0       PLLE2_ADV (Prop_plle2_adv_CLKIN1_CLKOUT0)
                                                      0.053     2.121 r  PLLE2_ADV/CLKOUT0
                         net (fo=1, routed)           0.716     2.837    main_crg_clkout0
    BUFGCTRL_X0Y15       BUFG (Prop_bufg_I_O)         0.029     2.866 r  BUFG_replica/O
                         net (fo=4, routed)           0.046     2.912    main_crg_clkout_buf0_repN
    BUFGCTRL_X0Y0        BUFG (Prop_bufg_I_O)         0.029     2.941 r  BUFG/O
                         net (fo=6781, routed)        0.898     3.839    storage_7_reg_0_7_18_21/WCLK
    SLICE_X62Y31         RAMS32                                       r  storage_7_reg_0_7_18_21/RAMD/CLK
                         clock pessimism             -0.845     2.994    
    SLICE_X62Y31         RAMS32 (Hold_rams32_CLK_ADR0)
                                                      0.310     3.304    storage_7_reg_0_7_18_21/RAMD
  -------------------------------------------------------------------
                         required time                         -3.304    
                         arrival time                           3.350    
  -------------------------------------------------------------------
                         slack                                  0.046    





Pulse Width Checks
--------------------------------------------------------------------------------------
Clock Name:         main_crg_clkout0
Waveform(ns):       { 0.000 5.000 }
Period(ns):         10.000
Sources:            { PLLE2_ADV/CLKOUT0 }

Check Type        Corner  Lib Pin             Reference Pin  Required(ns)  Actual(ns)  Slack(ns)  Location        Pin
Min Period        n/a     RAMB18E1/CLKARDCLK  n/a            2.944         10.000      7.056      RAMB18_X0Y6     VexRiscv/RegFilePlugin_regFile_reg_1/CLKARDCLK
Min Period        n/a     RAMB18E1/CLKBWRCLK  n/a            2.944         10.000      7.056      RAMB18_X0Y6     VexRiscv/RegFilePlugin_regFile_reg_1/CLKBWRCLK
Min Period        n/a     RAMB18E1/CLKARDCLK  n/a            2.944         10.000      7.056      RAMB18_X0Y7     VexRiscv/RegFilePlugin_regFile_reg_2/CLKARDCLK
Min Period        n/a     RAMB18E1/CLKBWRCLK  n/a            2.944         10.000      7.056      RAMB18_X0Y7     VexRiscv/RegFilePlugin_regFile_reg_2/CLKBWRCLK
Min Period        n/a     RAMB36E1/CLKARDCLK  n/a            2.944         10.000      7.056      RAMB36_X0Y4     VexRiscv/IBusCachedPlugin_cache/banks_0_reg/CLKARDCLK
Min Period        n/a     RAMB18E1/CLKARDCLK  n/a            2.944         10.000      7.056      RAMB18_X0Y10    VexRiscv/IBusCachedPlugin_cache/ways_0_tags_reg/CLKARDCLK
Min Period        n/a     RAMB18E1/CLKBWRCLK  n/a            2.944         10.000      7.056      RAMB18_X0Y10    VexRiscv/IBusCachedPlugin_cache/ways_0_tags_reg/CLKBWRCLK
Min Period        n/a     RAMB18E1/CLKARDCLK  n/a            2.944         10.000      7.056      RAMB18_X0Y3     VexRiscv/dataCache_1/ways_0_data_symbol0_reg/CLKARDCLK
Min Period        n/a     RAMB18E1/CLKARDCLK  n/a            2.944         10.000      7.056      RAMB18_X0Y2     VexRiscv/dataCache_1/ways_0_data_symbol1_reg/CLKARDCLK
Min Period        n/a     RAMB18E1/CLKARDCLK  n/a            2.944         10.000      7.056      RAMB18_X0Y4     VexRiscv/dataCache_1/ways_0_data_symbol2_reg/CLKARDCLK
Max Period        n/a     PLLE2_ADV/CLKOUT0   n/a            160.000       10.000      150.000    PLLE2_ADV_X0Y0  PLLE2_ADV/CLKOUT0
Low Pulse Width   Slow    RAMD64E/CLK         n/a            1.250         5.000       3.750      SLICE_X56Y46    gemv_core/w_mem_reg_0_63_0_2/RAMA/CLK
Low Pulse Width   Fast    RAMD64E/CLK         n/a            1.250         5.000       3.750      SLICE_X56Y46    gemv_core/w_mem_reg_0_63_0_2/RAMA/CLK
Low Pulse Width   Slow    RAMD64E/CLK         n/a            1.250         5.000       3.750      SLICE_X56Y46    gemv_core/w_mem_reg_0_63_0_2/RAMB/CLK
Low Pulse Width   Fast    RAMD64E/CLK         n/a            1.250         5.000       3.750      SLICE_X56Y46    gemv_core/w_mem_reg_0_63_0_2/RAMB/CLK
Low Pulse Width   Slow    RAMD64E/CLK         n/a            1.250         5.000       3.750      SLICE_X56Y46    gemv_core/w_mem_reg_0_63_0_2/RAMC/CLK
Low Pulse Width   Fast    RAMD64E/CLK         n/a            1.250         5.000       3.750      SLICE_X56Y46    gemv_core/w_mem_reg_0_63_0_2/RAMC/CLK
Low Pulse Width   Slow    RAMD64E/CLK         n/a            1.250         5.000       3.750      SLICE_X56Y46    gemv_core/w_mem_reg_0_63_0_2/RAMD/CLK
Low Pulse Width   Fast    RAMD64E/CLK         n/a            1.250         5.000       3.750      SLICE_X56Y46    gemv_core/w_mem_reg_0_63_0_2/RAMD/CLK
Low Pulse Width   Slow    RAMD64E/CLK         n/a            1.250         5.000       3.750      SLICE_X56Y47    gemv_core/w_mem_reg_0_63_12_14/RAMA/CLK
Low Pulse Width   Fast    RAMD64E/CLK         n/a            1.250         5.000       3.750      SLICE_X56Y47    gemv_core/w_mem_reg_0_63_12_14/RAMA/CLK
High Pulse Width  Slow    RAMD64E/CLK         n/a            1.250         5.000       3.750      SLICE_X56Y46    gemv_core/w_mem_reg_0_63_0_2/RAMA/CLK
High Pulse Width  Fast    RAMD64E/CLK         n/a            1.250         5.000       3.750      SLICE_X56Y46    gemv_core/w_mem_reg_0_63_0_2/RAMA/CLK
High Pulse Width  Slow    RAMD64E/CLK         n/a            1.250         5.000       3.750      SLICE_X56Y46    gemv_core/w_mem_reg_0_63_0_2/RAMB/CLK
High Pulse Width  Fast    RAMD64E/CLK         n/a            1.250         5.000       3.750      SLICE_X56Y46    gemv_core/w_mem_reg_0_63_0_2/RAMB/CLK
High Pulse Width  Slow    RAMD64E/CLK         n/a            1.250         5.000       3.750      SLICE_X56Y46    gemv_core/w_mem_reg_0_63_0_2/RAMC/CLK
High Pulse Width  Fast    RAMD64E/CLK         n/a            1.250         5.000       3.750      SLICE_X56Y46    gemv_core/w_mem_reg_0_63_0_2/RAMC/CLK
High Pulse Width  Slow    RAMD64E/CLK         n/a            1.250         5.000       3.750      SLICE_X56Y46    gemv_core/w_mem_reg_0_63_0_2/RAMD/CLK
High Pulse Width  Fast    RAMD64E/CLK         n/a            1.250         5.000       3.750      SLICE_X56Y46    gemv_core/w_mem_reg_0_63_0_2/RAMD/CLK
High Pulse Width  Slow    RAMD64E/CLK         n/a            1.250         5.000       3.750      SLICE_X56Y47    gemv_core/w_mem_reg_0_63_12_14/RAMA/CLK
High Pulse Width  Fast    RAMD64E/CLK         n/a            1.250         5.000       3.750      SLICE_X56Y47    gemv_core/w_mem_reg_0_63_12_14/RAMA/CLK



---------------------------------------------------------------------------------------------------
From Clock:  main_crg_clkout1
  To Clock:  main_crg_clkout1

Setup :           NA  Failing Endpoints,  Worst Slack           NA  ,  Total Violation           NA
Hold  :           NA  Failing Endpoints,  Worst Slack           NA  ,  Total Violation           NA
PW    :            0  Failing Endpoints,  Worst Slack        2.845ns,  Total Violation        0.000ns
---------------------------------------------------------------------------------------------------


Pulse Width Checks
--------------------------------------------------------------------------------------
Clock Name:         main_crg_clkout1
Waveform(ns):       { 0.000 2.500 }
Period(ns):         5.000
Sources:            { PLLE2_ADV/CLKOUT1 }

Check Type  Corner  Lib Pin            Reference Pin  Required(ns)  Actual(ns)  Slack(ns)  Location        Pin
Min Period  n/a     BUFG/I             n/a            2.155         5.000       2.845      BUFGCTRL_X0Y1   BUFG_1/I
Min Period  n/a     ISERDESE2/CLK      n/a            1.667         5.000       3.333      ILOGIC_X1Y54    ISERDESE2/CLK
Min Period  n/a     ISERDESE2/CLKB     n/a            1.667         5.000       3.333      ILOGIC_X1Y54    ISERDESE2/CLKB
Min Period  n/a     ISERDESE2/CLK      n/a            1.667         5.000       3.333      ILOGIC_X1Y59    ISERDESE2_1/CLK
Min Period  n/a     ISERDESE2/CLKB     n/a            1.667         5.000       3.333      ILOGIC_X1Y59    ISERDESE2_1/CLKB
Min Period  n/a     ISERDESE2/CLK      n/a            1.667         5.000       3.333      ILOGIC_X1Y80    ISERDESE2_10/CLK
Min Period  n/a     ISERDESE2/CLKB     n/a            1.667         5.000       3.333      ILOGIC_X1Y80    ISERDESE2_10/CLKB
Min Period  n/a     ISERDESE2/CLK      n/a            1.667         5.000       3.333      ILOGIC_X1Y84    ISERDESE2_11/CLK
Min Period  n/a     ISERDESE2/CLKB     n/a            1.667         5.000       3.333      ILOGIC_X1Y84    ISERDESE2_11/CLKB
Min Period  n/a     ISERDESE2/CLK      n/a            1.667         5.000       3.333      ILOGIC_X1Y79    ISERDESE2_12/CLK
Max Period  n/a     PLLE2_ADV/CLKOUT1  n/a            160.000       5.000       155.000    PLLE2_ADV_X0Y0  PLLE2_ADV/CLKOUT1



---------------------------------------------------------------------------------------------------
From Clock:  main_crg_clkout2
  To Clock:  main_crg_clkout2

Setup :           NA  Failing Endpoints,  Worst Slack           NA  ,  Total Violation           NA
Hold  :           NA  Failing Endpoints,  Worst Slack           NA  ,  Total Violation           NA
PW    :            0  Failing Endpoints,  Worst Slack        2.845ns,  Total Violation        0.000ns
---------------------------------------------------------------------------------------------------


Pulse Width Checks
--------------------------------------------------------------------------------------
Clock Name:         main_crg_clkout2
Waveform(ns):       { 1.250 3.750 }
Period(ns):         5.000
Sources:            { PLLE2_ADV/CLKOUT2 }

Check Type  Corner  Lib Pin            Reference Pin  Required(ns)  Actual(ns)  Slack(ns)  Location        Pin
Min Period  n/a     BUFG/I             n/a            2.155         5.000       2.845      BUFGCTRL_X0Y3   BUFG_2/I
Min Period  n/a     OSERDESE2/CLK      n/a            1.667         5.000       3.333      OLOGIC_X1Y58    OSERDESE2_23/CLK
Min Period  n/a     OSERDESE2/CLK      n/a            1.667         5.000       3.333      OLOGIC_X1Y82    OSERDESE2_24/CLK
Min Period  n/a     PLLE2_ADV/CLKOUT2  n/a            1.249         5.000       3.751      PLLE2_ADV_X0Y0  PLLE2_ADV/CLKOUT2
Max Period  n/a     PLLE2_ADV/CLKOUT2  n/a            160.000       5.000       155.000    PLLE2_ADV_X0Y0  PLLE2_ADV/CLKOUT2



---------------------------------------------------------------------------------------------------
From Clock:  main_crg_clkout3
  To Clock:  main_crg_clkout3

Setup :            0  Failing Endpoints,  Worst Slack        1.254ns,  Total Violation        0.000ns
Hold  :            0  Failing Endpoints,  Worst Slack        0.122ns,  Total Violation        0.000ns
PW    :            0  Failing Endpoints,  Worst Slack        0.264ns,  Total Violation        0.000ns
---------------------------------------------------------------------------------------------------


Max Delay Paths
--------------------------------------------------------------------------------------
Slack (MET) :             1.254ns  (required time - arrival time)
  Source:                 FDPE_6/C
                            (rising edge-triggered cell FDPE clocked by main_crg_clkout3  {rise@0.000ns fall@2.500ns period=5.000ns})
  Destination:            FDPE_7/D
                            (rising edge-triggered cell FDPE clocked by main_crg_clkout3  {rise@0.000ns fall@2.500ns period=5.000ns})
  Path Group:             main_crg_clkout3
  Path Type:              Setup (Max at Slow Process Corner)
  Requirement:            2.000ns  (MaxDelay Path 2.000ns)
  Data Path Delay:        0.646ns  (logic 0.456ns (70.599%)  route 0.190ns (29.401%))
  Logic Levels:           0  
  Clock Path Skew:        0.000ns (DCD - SCD + CPR)
    Destination Clock Delay (DCD):    8.815ns
    Source Clock Delay      (SCD):    9.348ns
    Clock Pessimism Removal (CPR):    0.533ns
  Clock Uncertainty:      0.053ns  ((TSJ^2 + DJ^2)^1/2) / 2 + PE
    Total System Jitter     (TSJ):    0.071ns
    Discrete Jitter          (DJ):    0.078ns
    Phase Error              (PE):    0.000ns
  Timing Exception:       MaxDelay Path 2.000ns

    Location             Delay type                Incr(ns)  Path(ns)    Netlist Resource(s)
  -------------------------------------------------------------------    -------------------
                         (clock main_crg_clkout3 rise edge)
                                                      0.000     0.000 r  
    E3                                                0.000     0.000 r  clk100 (IN)
                         net (fo=0)                   0.000     0.000    clk100
    E3                   IBUF (Prop_ibuf_I_O)         1.482     1.482 r  clk100_IBUF_inst/O
                         net (fo=1, routed)           2.025     3.506    clk100_IBUF
    BUFGCTRL_X0Y16       BUFG (Prop_bufg_I_O)         0.096     3.602 r  clk100_IBUF_BUFG_inst/O
                         net (fo=9, routed)           1.832     5.435    main_crg_clkin
    PLLE2_ADV_X0Y0       PLLE2_ADV (Prop_plle2_adv_CLKIN1_CLKOUT3)
                                                      0.088     5.523 r  PLLE2_ADV/CLKOUT3
                         net (fo=1, routed)           2.012     7.535    main_crg_clkout3
    BUFGCTRL_X0Y2        BUFG (Prop_bufg_I_O)         0.096     7.631 r  BUFG_3/O
                         net (fo=8, routed)           1.716     9.348    idelay_clk
    SLICE_X75Y50         FDPE                                         r  FDPE_6/C
  -------------------------------------------------------------------    -------------------
    SLICE_X75Y50         FDPE (Prop_fdpe_C_Q)         0.456     9.804 r  FDPE_6/Q
                         net (fo=1, routed)           0.190     9.993    builder_xilinxasyncresetsynchronizerimpl3_rst_meta
    SLICE_X75Y50         FDPE                                         r  FDPE_7/D
  -------------------------------------------------------------------    -------------------

                         max delay                    2.000     2.000    
    E3                                                0.000     2.000 r  clk100 (IN)
                         net (fo=0)                   0.000     2.000    clk100
    E3                   IBUF (Prop_ibuf_I_O)         1.411     3.411 r  clk100_IBUF_inst/O
                         net (fo=1, routed)           1.920     5.331    clk100_IBUF
    BUFGCTRL_X0Y16       BUFG (Prop_bufg_I_O)         0.091     5.422 r  clk100_IBUF_BUFG_inst/O
                         net (fo=9, routed)           1.705     7.127    main_crg_clkin
    PLLE2_ADV_X0Y0       PLLE2_ADV (Prop_plle2_adv_CLKIN1_CLKOUT3)
                                                      0.083     7.210 r  PLLE2_ADV/CLKOUT3
                         net (fo=1, routed)           1.918     9.128    main_crg_clkout3
    BUFGCTRL_X0Y2        BUFG (Prop_bufg_I_O)         0.091     9.219 r  BUFG_3/O
                         net (fo=8, routed)           1.595    10.815    idelay_clk
    SLICE_X75Y50         FDPE                                         r  FDPE_7/C
                         clock pessimism              0.533    11.348    
                         clock uncertainty           -0.053    11.295    
    SLICE_X75Y50         FDPE (Setup_fdpe_C_D)       -0.047    11.248    FDPE_7
  -------------------------------------------------------------------
                         required time                         11.248    
                         arrival time                          -9.993    
  -------------------------------------------------------------------
                         slack                                  1.254    

Slack (MET) :             2.445ns  (required time - arrival time)
  Source:                 FDPE_7/C
                            (rising edge-triggered cell FDPE clocked by main_crg_clkout3  {rise@0.000ns fall@2.500ns period=5.000ns})
  Destination:            main_crg_reset_counter_reg[0]/S
                            (rising edge-triggered cell FDSE clocked by main_crg_clkout3  {rise@0.000ns fall@2.500ns period=5.000ns})
  Path Group:             main_crg_clkout3
  Path Type:              Setup (Max at Slow Process Corner)
  Requirement:            5.000ns  (main_crg_clkout3 rise@5.000ns - main_crg_clkout3 rise@0.000ns)
  Data Path Delay:        1.859ns  (logic 0.419ns (22.541%)  route 1.440ns (77.459%))
  Logic Levels:           0  
  Clock Path Skew:        -0.039ns (DCD - SCD + CPR)
    Destination Clock Delay (DCD):    8.817ns = ( 13.817 - 5.000 ) 
    Source Clock Delay      (SCD):    9.348ns
    Clock Pessimism Removal (CPR):    0.492ns
  Clock Uncertainty:      0.053ns  ((TSJ^2 + DJ^2)^1/2) / 2 + PE
    Total System Jitter     (TSJ):    0.071ns
    Discrete Jitter          (DJ):    0.078ns
    Phase Error              (PE):    0.000ns

    Location             Delay type                Incr(ns)  Path(ns)    Netlist Resource(s)
  -------------------------------------------------------------------    -------------------
                         (clock main_crg_clkout3 rise edge)
                                                      0.000     0.000 r  
    E3                                                0.000     0.000 r  clk100 (IN)
                         net (fo=0)                   0.000     0.000    clk100
    E3                   IBUF (Prop_ibuf_I_O)         1.482     1.482 r  clk100_IBUF_inst/O
                         net (fo=1, routed)           2.025     3.506    clk100_IBUF
    BUFGCTRL_X0Y16       BUFG (Prop_bufg_I_O)         0.096     3.602 r  clk100_IBUF_BUFG_inst/O
                         net (fo=9, routed)           1.832     5.435    main_crg_clkin
    PLLE2_ADV_X0Y0       PLLE2_ADV (Prop_plle2_adv_CLKIN1_CLKOUT3)
                                                      0.088     5.523 r  PLLE2_ADV/CLKOUT3
                         net (fo=1, routed)           2.012     7.535    main_crg_clkout3
    BUFGCTRL_X0Y2        BUFG (Prop_bufg_I_O)         0.096     7.631 r  BUFG_3/O
                         net (fo=8, routed)           1.716     9.348    idelay_clk
    SLICE_X75Y50         FDPE                                         r  FDPE_7/C
  -------------------------------------------------------------------    -------------------
    SLICE_X75Y50         FDPE (Prop_fdpe_C_Q)         0.419     9.767 r  FDPE_7/Q
                         net (fo=5, routed)           1.440    11.206    idelay_rst
    SLICE_X87Y71         FDSE                                         r  main_crg_reset_counter_reg[0]/S
  -------------------------------------------------------------------    -------------------

                         (clock main_crg_clkout3 rise edge)
                                                      5.000     5.000 r  
    E3                                                0.000     5.000 r  clk100 (IN)
                         net (fo=0)                   0.000     5.000    clk100
    E3                   IBUF (Prop_ibuf_I_O)         1.411     6.411 r  clk100_IBUF_inst/O
                         net (fo=1, routed)           1.920     8.331    clk100_IBUF
    BUFGCTRL_X0Y16       BUFG (Prop_bufg_I_O)         0.091     8.422 r  clk100_IBUF_BUFG_inst/O
                         net (fo=9, routed)           1.705    10.127    main_crg_clkin
    PLLE2_ADV_X0Y0       PLLE2_ADV (Prop_plle2_adv_CLKIN1_CLKOUT3)
                                                      0.083    10.210 r  PLLE2_ADV/CLKOUT3
                         net (fo=1, routed)           1.918    12.128    main_crg_clkout3
    BUFGCTRL_X0Y2        BUFG (Prop_bufg_I_O)         0.091    12.219 r  BUFG_3/O
                         net (fo=8, routed)           1.597    13.817    idelay_clk
    SLICE_X87Y71         FDSE                                         r  main_crg_reset_counter_reg[0]/C
                         clock pessimism              0.492    14.309    
                         clock uncertainty           -0.053    14.256    
    SLICE_X87Y71         FDSE (Setup_fdse_C_S)       -0.604    13.652    main_crg_reset_counter_reg[0]
  -------------------------------------------------------------------
                         required time                         13.652    
                         arrival time                         -11.206    
  -------------------------------------------------------------------
                         slack                                  2.445    

Slack (MET) :             2.445ns  (required time - arrival time)
  Source:                 FDPE_7/C
                            (rising edge-triggered cell FDPE clocked by main_crg_clkout3  {rise@0.000ns fall@2.500ns period=5.000ns})
  Destination:            main_crg_reset_counter_reg[1]/S
                            (rising edge-triggered cell FDSE clocked by main_crg_clkout3  {rise@0.000ns fall@2.500ns period=5.000ns})
  Path Group:             main_crg_clkout3
  Path Type:              Setup (Max at Slow Process Corner)
  Requirement:            5.000ns  (main_crg_clkout3 rise@5.000ns - main_crg_clkout3 rise@0.000ns)
  Data Path Delay:        1.859ns  (logic 0.419ns (22.541%)  route 1.440ns (77.459%))
  Logic Levels:           0  
  Clock Path Skew:        -0.039ns (DCD - SCD + CPR)
    Destination Clock Delay (DCD):    8.817ns = ( 13.817 - 5.000 ) 
    Source Clock Delay      (SCD):    9.348ns
    Clock Pessimism Removal (CPR):    0.492ns
  Clock Uncertainty:      0.053ns  ((TSJ^2 + DJ^2)^1/2) / 2 + PE
    Total System Jitter     (TSJ):    0.071ns
    Discrete Jitter          (DJ):    0.078ns
    Phase Error              (PE):    0.000ns

    Location             Delay type                Incr(ns)  Path(ns)    Netlist Resource(s)
  -------------------------------------------------------------------    -------------------
                         (clock main_crg_clkout3 rise edge)
                                                      0.000     0.000 r  
    E3                                                0.000     0.000 r  clk100 (IN)
                         net (fo=0)                   0.000     0.000    clk100
    E3                   IBUF (Prop_ibuf_I_O)         1.482     1.482 r  clk100_IBUF_inst/O
                         net (fo=1, routed)           2.025     3.506    clk100_IBUF
    BUFGCTRL_X0Y16       BUFG (Prop_bufg_I_O)         0.096     3.602 r  clk100_IBUF_BUFG_inst/O
                         net (fo=9, routed)           1.832     5.435    main_crg_clkin
    PLLE2_ADV_X0Y0       PLLE2_ADV (Prop_plle2_adv_CLKIN1_CLKOUT3)
                                                      0.088     5.523 r  PLLE2_ADV/CLKOUT3
                         net (fo=1, routed)           2.012     7.535    main_crg_clkout3
    BUFGCTRL_X0Y2        BUFG (Prop_bufg_I_O)         0.096     7.631 r  BUFG_3/O
                         net (fo=8, routed)           1.716     9.348    idelay_clk
    SLICE_X75Y50         FDPE                                         r  FDPE_7/C
  -------------------------------------------------------------------    -------------------
    SLICE_X75Y50         FDPE (Prop_fdpe_C_Q)         0.419     9.767 r  FDPE_7/Q
                         net (fo=5, routed)           1.440    11.206    idelay_rst
    SLICE_X87Y71         FDSE                                         r  main_crg_reset_counter_reg[1]/S
  -------------------------------------------------------------------    -------------------

                         (clock main_crg_clkout3 rise edge)
                                                      5.000     5.000 r  
    E3                                                0.000     5.000 r  clk100 (IN)
                         net (fo=0)                   0.000     5.000    clk100
    E3                   IBUF (Prop_ibuf_I_O)         1.411     6.411 r  clk100_IBUF_inst/O
                         net (fo=1, routed)           1.920     8.331    clk100_IBUF
    BUFGCTRL_X0Y16       BUFG (Prop_bufg_I_O)         0.091     8.422 r  clk100_IBUF_BUFG_inst/O
                         net (fo=9, routed)           1.705    10.127    main_crg_clkin
    PLLE2_ADV_X0Y0       PLLE2_ADV (Prop_plle2_adv_CLKIN1_CLKOUT3)
                                                      0.083    10.210 r  PLLE2_ADV/CLKOUT3
                         net (fo=1, routed)           1.918    12.128    main_crg_clkout3
    BUFGCTRL_X0Y2        BUFG (Prop_bufg_I_O)         0.091    12.219 r  BUFG_3/O
                         net (fo=8, routed)           1.597    13.817    idelay_clk
    SLICE_X87Y71         FDSE                                         r  main_crg_reset_counter_reg[1]/C
                         clock pessimism              0.492    14.309    
                         clock uncertainty           -0.053    14.256    
    SLICE_X87Y71         FDSE (Setup_fdse_C_S)       -0.604    13.652    main_crg_reset_counter_reg[1]
  -------------------------------------------------------------------
                         required time                         13.652    
                         arrival time                         -11.206    
  -------------------------------------------------------------------
                         slack                                  2.445    

Slack (MET) :             2.445ns  (required time - arrival time)
  Source:                 FDPE_7/C
                            (rising edge-triggered cell FDPE clocked by main_crg_clkout3  {rise@0.000ns fall@2.500ns period=5.000ns})
  Destination:            main_crg_reset_counter_reg[2]/S
                            (rising edge-triggered cell FDSE clocked by main_crg_clkout3  {rise@0.000ns fall@2.500ns period=5.000ns})
  Path Group:             main_crg_clkout3
  Path Type:              Setup (Max at Slow Process Corner)
  Requirement:            5.000ns  (main_crg_clkout3 rise@5.000ns - main_crg_clkout3 rise@0.000ns)
  Data Path Delay:        1.859ns  (logic 0.419ns (22.541%)  route 1.440ns (77.459%))
  Logic Levels:           0  
  Clock Path Skew:        -0.039ns (DCD - SCD + CPR)
    Destination Clock Delay (DCD):    8.817ns = ( 13.817 - 5.000 ) 
    Source Clock Delay      (SCD):    9.348ns
    Clock Pessimism Removal (CPR):    0.492ns
  Clock Uncertainty:      0.053ns  ((TSJ^2 + DJ^2)^1/2) / 2 + PE
    Total System Jitter     (TSJ):    0.071ns
    Discrete Jitter          (DJ):    0.078ns
    Phase Error              (PE):    0.000ns

    Location             Delay type                Incr(ns)  Path(ns)    Netlist Resource(s)
  -------------------------------------------------------------------    -------------------
                         (clock main_crg_clkout3 rise edge)
                                                      0.000     0.000 r  
    E3                                                0.000     0.000 r  clk100 (IN)
                         net (fo=0)                   0.000     0.000    clk100
    E3                   IBUF (Prop_ibuf_I_O)         1.482     1.482 r  clk100_IBUF_inst/O
                         net (fo=1, routed)           2.025     3.506    clk100_IBUF
    BUFGCTRL_X0Y16       BUFG (Prop_bufg_I_O)         0.096     3.602 r  clk100_IBUF_BUFG_inst/O
                         net (fo=9, routed)           1.832     5.435    main_crg_clkin
    PLLE2_ADV_X0Y0       PLLE2_ADV (Prop_plle2_adv_CLKIN1_CLKOUT3)
                                                      0.088     5.523 r  PLLE2_ADV/CLKOUT3
                         net (fo=1, routed)           2.012     7.535    main_crg_clkout3
    BUFGCTRL_X0Y2        BUFG (Prop_bufg_I_O)         0.096     7.631 r  BUFG_3/O
                         net (fo=8, routed)           1.716     9.348    idelay_clk
    SLICE_X75Y50         FDPE                                         r  FDPE_7/C
  -------------------------------------------------------------------    -------------------
    SLICE_X75Y50         FDPE (Prop_fdpe_C_Q)         0.419     9.767 r  FDPE_7/Q
                         net (fo=5, routed)           1.440    11.206    idelay_rst
    SLICE_X87Y71         FDSE                                         r  main_crg_reset_counter_reg[2]/S
  -------------------------------------------------------------------    -------------------

                         (clock main_crg_clkout3 rise edge)
                                                      5.000     5.000 r  
    E3                                                0.000     5.000 r  clk100 (IN)
                         net (fo=0)                   0.000     5.000    clk100
    E3                   IBUF (Prop_ibuf_I_O)         1.411     6.411 r  clk100_IBUF_inst/O
                         net (fo=1, routed)           1.920     8.331    clk100_IBUF
    BUFGCTRL_X0Y16       BUFG (Prop_bufg_I_O)         0.091     8.422 r  clk100_IBUF_BUFG_inst/O
                         net (fo=9, routed)           1.705    10.127    main_crg_clkin
    PLLE2_ADV_X0Y0       PLLE2_ADV (Prop_plle2_adv_CLKIN1_CLKOUT3)
                                                      0.083    10.210 r  PLLE2_ADV/CLKOUT3
                         net (fo=1, routed)           1.918    12.128    main_crg_clkout3
    BUFGCTRL_X0Y2        BUFG (Prop_bufg_I_O)         0.091    12.219 r  BUFG_3/O
                         net (fo=8, routed)           1.597    13.817    idelay_clk
    SLICE_X87Y71         FDSE                                         r  main_crg_reset_counter_reg[2]/C
                         clock pessimism              0.492    14.309    
                         clock uncertainty           -0.053    14.256    
    SLICE_X87Y71         FDSE (Setup_fdse_C_S)       -0.604    13.652    main_crg_reset_counter_reg[2]
  -------------------------------------------------------------------
                         required time                         13.652    
                         arrival time                         -11.206    
  -------------------------------------------------------------------
                         slack                                  2.445    

Slack (MET) :             2.445ns  (required time - arrival time)
  Source:                 FDPE_7/C
                            (rising edge-triggered cell FDPE clocked by main_crg_clkout3  {rise@0.000ns fall@2.500ns period=5.000ns})
  Destination:            main_crg_reset_counter_reg[3]/S
                            (rising edge-triggered cell FDSE clocked by main_crg_clkout3  {rise@0.000ns fall@2.500ns period=5.000ns})
  Path Group:             main_crg_clkout3
  Path Type:              Setup (Max at Slow Process Corner)
  Requirement:            5.000ns  (main_crg_clkout3 rise@5.000ns - main_crg_clkout3 rise@0.000ns)
  Data Path Delay:        1.859ns  (logic 0.419ns (22.541%)  route 1.440ns (77.459%))
  Logic Levels:           0  
  Clock Path Skew:        -0.039ns (DCD - SCD + CPR)
    Destination Clock Delay (DCD):    8.817ns = ( 13.817 - 5.000 ) 
    Source Clock Delay      (SCD):    9.348ns
    Clock Pessimism Removal (CPR):    0.492ns
  Clock Uncertainty:      0.053ns  ((TSJ^2 + DJ^2)^1/2) / 2 + PE
    Total System Jitter     (TSJ):    0.071ns
    Discrete Jitter          (DJ):    0.078ns
    Phase Error              (PE):    0.000ns

    Location             Delay type                Incr(ns)  Path(ns)    Netlist Resource(s)
  -------------------------------------------------------------------    -------------------
                         (clock main_crg_clkout3 rise edge)
                                                      0.000     0.000 r  
    E3                                                0.000     0.000 r  clk100 (IN)
                         net (fo=0)                   0.000     0.000    clk100
    E3                   IBUF (Prop_ibuf_I_O)         1.482     1.482 r  clk100_IBUF_inst/O
                         net (fo=1, routed)           2.025     3.506    clk100_IBUF
    BUFGCTRL_X0Y16       BUFG (Prop_bufg_I_O)         0.096     3.602 r  clk100_IBUF_BUFG_inst/O
                         net (fo=9, routed)           1.832     5.435    main_crg_clkin
    PLLE2_ADV_X0Y0       PLLE2_ADV (Prop_plle2_adv_CLKIN1_CLKOUT3)
                                                      0.088     5.523 r  PLLE2_ADV/CLKOUT3
                         net (fo=1, routed)           2.012     7.535    main_crg_clkout3
    BUFGCTRL_X0Y2        BUFG (Prop_bufg_I_O)         0.096     7.631 r  BUFG_3/O
                         net (fo=8, routed)           1.716     9.348    idelay_clk
    SLICE_X75Y50         FDPE                                         r  FDPE_7/C
  -------------------------------------------------------------------    -------------------
    SLICE_X75Y50         FDPE (Prop_fdpe_C_Q)         0.419     9.767 r  FDPE_7/Q
                         net (fo=5, routed)           1.440    11.206    idelay_rst
    SLICE_X87Y71         FDSE                                         r  main_crg_reset_counter_reg[3]/S
  -------------------------------------------------------------------    -------------------

                         (clock main_crg_clkout3 rise edge)
                                                      5.000     5.000 r  
    E3                                                0.000     5.000 r  clk100 (IN)
                         net (fo=0)                   0.000     5.000    clk100
    E3                   IBUF (Prop_ibuf_I_O)         1.411     6.411 r  clk100_IBUF_inst/O
                         net (fo=1, routed)           1.920     8.331    clk100_IBUF
    BUFGCTRL_X0Y16       BUFG (Prop_bufg_I_O)         0.091     8.422 r  clk100_IBUF_BUFG_inst/O
                         net (fo=9, routed)           1.705    10.127    main_crg_clkin
    PLLE2_ADV_X0Y0       PLLE2_ADV (Prop_plle2_adv_CLKIN1_CLKOUT3)
                                                      0.083    10.210 r  PLLE2_ADV/CLKOUT3
                         net (fo=1, routed)           1.918    12.128    main_crg_clkout3
    BUFGCTRL_X0Y2        BUFG (Prop_bufg_I_O)         0.091    12.219 r  BUFG_3/O
                         net (fo=8, routed)           1.597    13.817    idelay_clk
    SLICE_X87Y71         FDSE                                         r  main_crg_reset_counter_reg[3]/C
                         clock pessimism              0.492    14.309    
                         clock uncertainty           -0.053    14.256    
    SLICE_X87Y71         FDSE (Setup_fdse_C_S)       -0.604    13.652    main_crg_reset_counter_reg[3]
  -------------------------------------------------------------------
                         required time                         13.652    
                         arrival time                         -11.206    
  -------------------------------------------------------------------
                         slack                                  2.445    

Slack (MET) :             2.789ns  (required time - arrival time)
  Source:                 main_crg_reset_counter_reg[2]/C
                            (rising edge-triggered cell FDSE clocked by main_crg_clkout3  {rise@0.000ns fall@2.500ns period=5.000ns})
  Destination:            main_crg_ic_reset_reg/D
                            (rising edge-triggered cell FDRE clocked by main_crg_clkout3  {rise@0.000ns fall@2.500ns period=5.000ns})
  Path Group:             main_crg_clkout3
  Path Type:              Setup (Max at Slow Process Corner)
  Requirement:            5.000ns  (main_crg_clkout3 rise@5.000ns - main_crg_clkout3 rise@0.000ns)
  Data Path Delay:        2.212ns  (logic 0.704ns (31.822%)  route 1.508ns (68.178%))
  Logic Levels:           2  (LUT3=1 LUT4=1)
  Clock Path Skew:        -0.023ns (DCD - SCD + CPR)
    Destination Clock Delay (DCD):    8.817ns = ( 13.817 - 5.000 ) 
    Source Clock Delay      (SCD):    9.348ns
    Clock Pessimism Removal (CPR):    0.508ns
  Clock Uncertainty:      0.053ns  ((TSJ^2 + DJ^2)^1/2) / 2 + PE
    Total System Jitter     (TSJ):    0.071ns
    Discrete Jitter          (DJ):    0.078ns
    Phase Error              (PE):    0.000ns

    Location             Delay type                Incr(ns)  Path(ns)    Netlist Resource(s)
  -------------------------------------------------------------------    -------------------
                         (clock main_crg_clkout3 rise edge)
                                                      0.000     0.000 r  
    E3                                                0.000     0.000 r  clk100 (IN)
                         net (fo=0)                   0.000     0.000    clk100
    E3                   IBUF (Prop_ibuf_I_O)         1.482     1.482 r  clk100_IBUF_inst/O
                         net (fo=1, routed)           2.025     3.506    clk100_IBUF
    BUFGCTRL_X0Y16       BUFG (Prop_bufg_I_O)         0.096     3.602 r  clk100_IBUF_BUFG_inst/O
                         net (fo=9, routed)           1.832     5.435    main_crg_clkin
    PLLE2_ADV_X0Y0       PLLE2_ADV (Prop_plle2_adv_CLKIN1_CLKOUT3)
                                                      0.088     5.523 r  PLLE2_ADV/CLKOUT3
                         net (fo=1, routed)           2.012     7.535    main_crg_clkout3
    BUFGCTRL_X0Y2        BUFG (Prop_bufg_I_O)         0.096     7.631 r  BUFG_3/O
                         net (fo=8, routed)           1.716     9.348    idelay_clk
    SLICE_X87Y71         FDSE                                         r  main_crg_reset_counter_reg[2]/C
  -------------------------------------------------------------------    -------------------
    SLICE_X87Y71         FDSE (Prop_fdse_C_Q)         0.456     9.804 r  main_crg_reset_counter_reg[2]/Q
                         net (fo=3, routed)           0.700    10.504    main_crg_reset_counter[2]
    SLICE_X87Y71         LUT4 (Prop_lut4_I2_O)        0.124    10.628 r  main_crg_reset_counter[3]_i_1/O
                         net (fo=5, routed)           0.808    11.436    main_crg_reset_counter[3]_i_1_n_0
    SLICE_X88Y71         LUT3 (Prop_lut3_I0_O)        0.124    11.560 r  main_crg_ic_reset_i_1/O
                         net (fo=1, routed)           0.000    11.560    main_crg_ic_reset_i_1_n_0
    SLICE_X88Y71         FDRE                                         r  main_crg_ic_reset_reg/D
  -------------------------------------------------------------------    -------------------

                         (clock main_crg_clkout3 rise edge)
                                                      5.000     5.000 r  
    E3                                                0.000     5.000 r  clk100 (IN)
                         net (fo=0)                   0.000     5.000    clk100
    E3                   IBUF (Prop_ibuf_I_O)         1.411     6.411 r  clk100_IBUF_inst/O
                         net (fo=1, routed)           1.920     8.331    clk100_IBUF
    BUFGCTRL_X0Y16       BUFG (Prop_bufg_I_O)         0.091     8.422 r  clk100_IBUF_BUFG_inst/O
                         net (fo=9, routed)           1.705    10.127    main_crg_clkin
    PLLE2_ADV_X0Y0       PLLE2_ADV (Prop_plle2_adv_CLKIN1_CLKOUT3)
                                                      0.083    10.210 r  PLLE2_ADV/CLKOUT3
                         net (fo=1, routed)           1.918    12.128    main_crg_clkout3
    BUFGCTRL_X0Y2        BUFG (Prop_bufg_I_O)         0.091    12.219 r  BUFG_3/O
                         net (fo=8, routed)           1.597    13.817    idelay_clk
    SLICE_X88Y71         FDRE                                         r  main_crg_ic_reset_reg/C
                         clock pessimism              0.508    14.325    
                         clock uncertainty           -0.053    14.272    
    SLICE_X88Y71         FDRE (Setup_fdre_C_D)        0.077    14.349    main_crg_ic_reset_reg
  -------------------------------------------------------------------
                         required time                         14.349    
                         arrival time                         -11.560    
  -------------------------------------------------------------------
                         slack                                  2.789    

Slack (MET) :             2.809ns  (required time - arrival time)
  Source:                 main_crg_reset_counter_reg[2]/C
                            (rising edge-triggered cell FDSE clocked by main_crg_clkout3  {rise@0.000ns fall@2.500ns period=5.000ns})
  Destination:            main_crg_reset_counter_reg[0]/CE
                            (rising edge-triggered cell FDSE clocked by main_crg_clkout3  {rise@0.000ns fall@2.500ns period=5.000ns})
  Path Group:             main_crg_clkout3
  Path Type:              Setup (Max at Slow Process Corner)
  Requirement:            5.000ns  (main_crg_clkout3 rise@5.000ns - main_crg_clkout3 rise@0.000ns)
  Data Path Delay:        1.933ns  (logic 0.580ns (30.007%)  route 1.353ns (69.993%))
  Logic Levels:           1  (LUT4=1)
  Clock Path Skew:        0.000ns (DCD - SCD + CPR)
    Destination Clock Delay (DCD):    8.817ns = ( 13.817 - 5.000 ) 
    Source Clock Delay      (SCD):    9.348ns
    Clock Pessimism Removal (CPR):    0.531ns
  Clock Uncertainty:      0.053ns  ((TSJ^2 + DJ^2)^1/2) / 2 + PE
    Total System Jitter     (TSJ):    0.071ns
    Discrete Jitter          (DJ):    0.078ns
    Phase Error              (PE):    0.000ns

    Location             Delay type                Incr(ns)  Path(ns)    Netlist Resource(s)
  -------------------------------------------------------------------    -------------------
                         (clock main_crg_clkout3 rise edge)
                                                      0.000     0.000 r  
    E3                                                0.000     0.000 r  clk100 (IN)
                         net (fo=0)                   0.000     0.000    clk100
    E3                   IBUF (Prop_ibuf_I_O)         1.482     1.482 r  clk100_IBUF_inst/O
                         net (fo=1, routed)           2.025     3.506    clk100_IBUF
    BUFGCTRL_X0Y16       BUFG (Prop_bufg_I_O)         0.096     3.602 r  clk100_IBUF_BUFG_inst/O
                         net (fo=9, routed)           1.832     5.435    main_crg_clkin
    PLLE2_ADV_X0Y0       PLLE2_ADV (Prop_plle2_adv_CLKIN1_CLKOUT3)
                                                      0.088     5.523 r  PLLE2_ADV/CLKOUT3
                         net (fo=1, routed)           2.012     7.535    main_crg_clkout3
    BUFGCTRL_X0Y2        BUFG (Prop_bufg_I_O)         0.096     7.631 r  BUFG_3/O
                         net (fo=8, routed)           1.716     9.348    idelay_clk
    SLICE_X87Y71         FDSE                                         r  main_crg_reset_counter_reg[2]/C
  -------------------------------------------------------------------    -------------------
    SLICE_X87Y71         FDSE (Prop_fdse_C_Q)         0.456     9.804 r  main_crg_reset_counter_reg[2]/Q
                         net (fo=3, routed)           0.700    10.504    main_crg_reset_counter[2]
    SLICE_X87Y71         LUT4 (Prop_lut4_I2_O)        0.124    10.628 r  main_crg_reset_counter[3]_i_1/O
                         net (fo=5, routed)           0.652    11.280    main_crg_reset_counter[3]_i_1_n_0
    SLICE_X87Y71         FDSE                                         r  main_crg_reset_counter_reg[0]/CE
  -------------------------------------------------------------------    -------------------

                         (clock main_crg_clkout3 rise edge)
                                                      5.000     5.000 r  
    E3                                                0.000     5.000 r  clk100 (IN)
                         net (fo=0)                   0.000     5.000    clk100
    E3                   IBUF (Prop_ibuf_I_O)         1.411     6.411 r  clk100_IBUF_inst/O
                         net (fo=1, routed)           1.920     8.331    clk100_IBUF
    BUFGCTRL_X0Y16       BUFG (Prop_bufg_I_O)         0.091     8.422 r  clk100_IBUF_BUFG_inst/O
                         net (fo=9, routed)           1.705    10.127    main_crg_clkin
    PLLE2_ADV_X0Y0       PLLE2_ADV (Prop_plle2_adv_CLKIN1_CLKOUT3)
                                                      0.083    10.210 r  PLLE2_ADV/CLKOUT3
                         net (fo=1, routed)           1.918    12.128    main_crg_clkout3
    BUFGCTRL_X0Y2        BUFG (Prop_bufg_I_O)         0.091    12.219 r  BUFG_3/O
                         net (fo=8, routed)           1.597    13.817    idelay_clk
    SLICE_X87Y71         FDSE                                         r  main_crg_reset_counter_reg[0]/C
                         clock pessimism              0.531    14.348    
                         clock uncertainty           -0.053    14.295    
    SLICE_X87Y71         FDSE (Setup_fdse_C_CE)      -0.205    14.090    main_crg_reset_counter_reg[0]
  -------------------------------------------------------------------
                         required time                         14.090    
                         arrival time                         -11.280    
  -------------------------------------------------------------------
                         slack                                  2.809    

Slack (MET) :             2.809ns  (required time - arrival time)
  Source:                 main_crg_reset_counter_reg[2]/C
                            (rising edge-triggered cell FDSE clocked by main_crg_clkout3  {rise@0.000ns fall@2.500ns period=5.000ns})
  Destination:            main_crg_reset_counter_reg[1]/CE
                            (rising edge-triggered cell FDSE clocked by main_crg_clkout3  {rise@0.000ns fall@2.500ns period=5.000ns})
  Path Group:             main_crg_clkout3
  Path Type:              Setup (Max at Slow Process Corner)
  Requirement:            5.000ns  (main_crg_clkout3 rise@5.000ns - main_crg_clkout3 rise@0.000ns)
  Data Path Delay:        1.933ns  (logic 0.580ns (30.007%)  route 1.353ns (69.993%))
  Logic Levels:           1  (LUT4=1)
  Clock Path Skew:        0.000ns (DCD - SCD + CPR)
    Destination Clock Delay (DCD):    8.817ns = ( 13.817 - 5.000 ) 
    Source Clock Delay      (SCD):    9.348ns
    Clock Pessimism Removal (CPR):    0.531ns
  Clock Uncertainty:      0.053ns  ((TSJ^2 + DJ^2)^1/2) / 2 + PE
    Total System Jitter     (TSJ):    0.071ns
    Discrete Jitter          (DJ):    0.078ns
    Phase Error              (PE):    0.000ns

    Location             Delay type                Incr(ns)  Path(ns)    Netlist Resource(s)
  -------------------------------------------------------------------    -------------------
                         (clock main_crg_clkout3 rise edge)
                                                      0.000     0.000 r  
    E3                                                0.000     0.000 r  clk100 (IN)
                         net (fo=0)                   0.000     0.000    clk100
    E3                   IBUF (Prop_ibuf_I_O)         1.482     1.482 r  clk100_IBUF_inst/O
                         net (fo=1, routed)           2.025     3.506    clk100_IBUF
    BUFGCTRL_X0Y16       BUFG (Prop_bufg_I_O)         0.096     3.602 r  clk100_IBUF_BUFG_inst/O
                         net (fo=9, routed)           1.832     5.435    main_crg_clkin
    PLLE2_ADV_X0Y0       PLLE2_ADV (Prop_plle2_adv_CLKIN1_CLKOUT3)
                                                      0.088     5.523 r  PLLE2_ADV/CLKOUT3
                         net (fo=1, routed)           2.012     7.535    main_crg_clkout3
    BUFGCTRL_X0Y2        BUFG (Prop_bufg_I_O)         0.096     7.631 r  BUFG_3/O
                         net (fo=8, routed)           1.716     9.348    idelay_clk
    SLICE_X87Y71         FDSE                                         r  main_crg_reset_counter_reg[2]/C
  -------------------------------------------------------------------    -------------------
    SLICE_X87Y71         FDSE (Prop_fdse_C_Q)         0.456     9.804 r  main_crg_reset_counter_reg[2]/Q
                         net (fo=3, routed)           0.700    10.504    main_crg_reset_counter[2]
    SLICE_X87Y71         LUT4 (Prop_lut4_I2_O)        0.124    10.628 r  main_crg_reset_counter[3]_i_1/O
                         net (fo=5, routed)           0.652    11.280    main_crg_reset_counter[3]_i_1_n_0
    SLICE_X87Y71         FDSE                                         r  main_crg_reset_counter_reg[1]/CE
  -------------------------------------------------------------------    -------------------

                         (clock main_crg_clkout3 rise edge)
                                                      5.000     5.000 r  
    E3                                                0.000     5.000 r  clk100 (IN)
                         net (fo=0)                   0.000     5.000    clk100
    E3                   IBUF (Prop_ibuf_I_O)         1.411     6.411 r  clk100_IBUF_inst/O
                         net (fo=1, routed)           1.920     8.331    clk100_IBUF
    BUFGCTRL_X0Y16       BUFG (Prop_bufg_I_O)         0.091     8.422 r  clk100_IBUF_BUFG_inst/O
                         net (fo=9, routed)           1.705    10.127    main_crg_clkin
    PLLE2_ADV_X0Y0       PLLE2_ADV (Prop_plle2_adv_CLKIN1_CLKOUT3)
                                                      0.083    10.210 r  PLLE2_ADV/CLKOUT3
                         net (fo=1, routed)           1.918    12.128    main_crg_clkout3
    BUFGCTRL_X0Y2        BUFG (Prop_bufg_I_O)         0.091    12.219 r  BUFG_3/O
                         net (fo=8, routed)           1.597    13.817    idelay_clk
    SLICE_X87Y71         FDSE                                         r  main_crg_reset_counter_reg[1]/C
                         clock pessimism              0.531    14.348    
                         clock uncertainty           -0.053    14.295    
    SLICE_X87Y71         FDSE (Setup_fdse_C_CE)      -0.205    14.090    main_crg_reset_counter_reg[1]
  -------------------------------------------------------------------
                         required time                         14.090    
                         arrival time                         -11.280    
  -------------------------------------------------------------------
                         slack                                  2.809    

Slack (MET) :             2.809ns  (required time - arrival time)
  Source:                 main_crg_reset_counter_reg[2]/C
                            (rising edge-triggered cell FDSE clocked by main_crg_clkout3  {rise@0.000ns fall@2.500ns period=5.000ns})
  Destination:            main_crg_reset_counter_reg[2]/CE
                            (rising edge-triggered cell FDSE clocked by main_crg_clkout3  {rise@0.000ns fall@2.500ns period=5.000ns})
  Path Group:             main_crg_clkout3
  Path Type:              Setup (Max at Slow Process Corner)
  Requirement:            5.000ns  (main_crg_clkout3 rise@5.000ns - main_crg_clkout3 rise@0.000ns)
  Data Path Delay:        1.933ns  (logic 0.580ns (30.007%)  route 1.353ns (69.993%))
  Logic Levels:           1  (LUT4=1)
  Clock Path Skew:        0.000ns (DCD - SCD + CPR)
    Destination Clock Delay (DCD):    8.817ns = ( 13.817 - 5.000 ) 
    Source Clock Delay      (SCD):    9.348ns
    Clock Pessimism Removal (CPR):    0.531ns
  Clock Uncertainty:      0.053ns  ((TSJ^2 + DJ^2)^1/2) / 2 + PE
    Total System Jitter     (TSJ):    0.071ns
    Discrete Jitter          (DJ):    0.078ns
    Phase Error              (PE):    0.000ns

    Location             Delay type                Incr(ns)  Path(ns)    Netlist Resource(s)
  -------------------------------------------------------------------    -------------------
                         (clock main_crg_clkout3 rise edge)
                                                      0.000     0.000 r  
    E3                                                0.000     0.000 r  clk100 (IN)
                         net (fo=0)                   0.000     0.000    clk100
    E3                   IBUF (Prop_ibuf_I_O)         1.482     1.482 r  clk100_IBUF_inst/O
                         net (fo=1, routed)           2.025     3.506    clk100_IBUF
    BUFGCTRL_X0Y16       BUFG (Prop_bufg_I_O)         0.096     3.602 r  clk100_IBUF_BUFG_inst/O
                         net (fo=9, routed)           1.832     5.435    main_crg_clkin
    PLLE2_ADV_X0Y0       PLLE2_ADV (Prop_plle2_adv_CLKIN1_CLKOUT3)
                                                      0.088     5.523 r  PLLE2_ADV/CLKOUT3
                         net (fo=1, routed)           2.012     7.535    main_crg_clkout3
    BUFGCTRL_X0Y2        BUFG (Prop_bufg_I_O)         0.096     7.631 r  BUFG_3/O
                         net (fo=8, routed)           1.716     9.348    idelay_clk
    SLICE_X87Y71         FDSE                                         r  main_crg_reset_counter_reg[2]/C
  -------------------------------------------------------------------    -------------------
    SLICE_X87Y71         FDSE (Prop_fdse_C_Q)         0.456     9.804 r  main_crg_reset_counter_reg[2]/Q
                         net (fo=3, routed)           0.700    10.504    main_crg_reset_counter[2]
    SLICE_X87Y71         LUT4 (Prop_lut4_I2_O)        0.124    10.628 r  main_crg_reset_counter[3]_i_1/O
                         net (fo=5, routed)           0.652    11.280    main_crg_reset_counter[3]_i_1_n_0
    SLICE_X87Y71         FDSE                                         r  main_crg_reset_counter_reg[2]/CE
  -------------------------------------------------------------------    -------------------

                         (clock main_crg_clkout3 rise edge)
                                                      5.000     5.000 r  
    E3                                                0.000     5.000 r  clk100 (IN)
                         net (fo=0)                   0.000     5.000    clk100
    E3                   IBUF (Prop_ibuf_I_O)         1.411     6.411 r  clk100_IBUF_inst/O
                         net (fo=1, routed)           1.920     8.331    clk100_IBUF
    BUFGCTRL_X0Y16       BUFG (Prop_bufg_I_O)         0.091     8.422 r  clk100_IBUF_BUFG_inst/O
                         net (fo=9, routed)           1.705    10.127    main_crg_clkin
    PLLE2_ADV_X0Y0       PLLE2_ADV (Prop_plle2_adv_CLKIN1_CLKOUT3)
                                                      0.083    10.210 r  PLLE2_ADV/CLKOUT3
                         net (fo=1, routed)           1.918    12.128    main_crg_clkout3
    BUFGCTRL_X0Y2        BUFG (Prop_bufg_I_O)         0.091    12.219 r  BUFG_3/O
                         net (fo=8, routed)           1.597    13.817    idelay_clk
    SLICE_X87Y71         FDSE                                         r  main_crg_reset_counter_reg[2]/C
                         clock pessimism              0.531    14.348    
                         clock uncertainty           -0.053    14.295    
    SLICE_X87Y71         FDSE (Setup_fdse_C_CE)      -0.205    14.090    main_crg_reset_counter_reg[2]
  -------------------------------------------------------------------
                         required time                         14.090    
                         arrival time                         -11.280    
  -------------------------------------------------------------------
                         slack                                  2.809    

Slack (MET) :             2.809ns  (required time - arrival time)
  Source:                 main_crg_reset_counter_reg[2]/C
                            (rising edge-triggered cell FDSE clocked by main_crg_clkout3  {rise@0.000ns fall@2.500ns period=5.000ns})
  Destination:            main_crg_reset_counter_reg[3]/CE
                            (rising edge-triggered cell FDSE clocked by main_crg_clkout3  {rise@0.000ns fall@2.500ns period=5.000ns})
  Path Group:             main_crg_clkout3
  Path Type:              Setup (Max at Slow Process Corner)
  Requirement:            5.000ns  (main_crg_clkout3 rise@5.000ns - main_crg_clkout3 rise@0.000ns)
  Data Path Delay:        1.933ns  (logic 0.580ns (30.007%)  route 1.353ns (69.993%))
  Logic Levels:           1  (LUT4=1)
  Clock Path Skew:        0.000ns (DCD - SCD + CPR)
    Destination Clock Delay (DCD):    8.817ns = ( 13.817 - 5.000 ) 
    Source Clock Delay      (SCD):    9.348ns
    Clock Pessimism Removal (CPR):    0.531ns
  Clock Uncertainty:      0.053ns  ((TSJ^2 + DJ^2)^1/2) / 2 + PE
    Total System Jitter     (TSJ):    0.071ns
    Discrete Jitter          (DJ):    0.078ns
    Phase Error              (PE):    0.000ns

    Location             Delay type                Incr(ns)  Path(ns)    Netlist Resource(s)
  -------------------------------------------------------------------    -------------------
                         (clock main_crg_clkout3 rise edge)
                                                      0.000     0.000 r  
    E3                                                0.000     0.000 r  clk100 (IN)
                         net (fo=0)                   0.000     0.000    clk100
    E3                   IBUF (Prop_ibuf_I_O)         1.482     1.482 r  clk100_IBUF_inst/O
                         net (fo=1, routed)           2.025     3.506    clk100_IBUF
    BUFGCTRL_X0Y16       BUFG (Prop_bufg_I_O)         0.096     3.602 r  clk100_IBUF_BUFG_inst/O
                         net (fo=9, routed)           1.832     5.435    main_crg_clkin
    PLLE2_ADV_X0Y0       PLLE2_ADV (Prop_plle2_adv_CLKIN1_CLKOUT3)
                                                      0.088     5.523 r  PLLE2_ADV/CLKOUT3
                         net (fo=1, routed)           2.012     7.535    main_crg_clkout3
    BUFGCTRL_X0Y2        BUFG (Prop_bufg_I_O)         0.096     7.631 r  BUFG_3/O
                         net (fo=8, routed)           1.716     9.348    idelay_clk
    SLICE_X87Y71         FDSE                                         r  main_crg_reset_counter_reg[2]/C
  -------------------------------------------------------------------    -------------------
    SLICE_X87Y71         FDSE (Prop_fdse_C_Q)         0.456     9.804 r  main_crg_reset_counter_reg[2]/Q
                         net (fo=3, routed)           0.700    10.504    main_crg_reset_counter[2]
    SLICE_X87Y71         LUT4 (Prop_lut4_I2_O)        0.124    10.628 r  main_crg_reset_counter[3]_i_1/O
                         net (fo=5, routed)           0.652    11.280    main_crg_reset_counter[3]_i_1_n_0
    SLICE_X87Y71         FDSE                                         r  main_crg_reset_counter_reg[3]/CE
  -------------------------------------------------------------------    -------------------

                         (clock main_crg_clkout3 rise edge)
                                                      5.000     5.000 r  
    E3                                                0.000     5.000 r  clk100 (IN)
                         net (fo=0)                   0.000     5.000    clk100
    E3                   IBUF (Prop_ibuf_I_O)         1.411     6.411 r  clk100_IBUF_inst/O
                         net (fo=1, routed)           1.920     8.331    clk100_IBUF
    BUFGCTRL_X0Y16       BUFG (Prop_bufg_I_O)         0.091     8.422 r  clk100_IBUF_BUFG_inst/O
                         net (fo=9, routed)           1.705    10.127    main_crg_clkin
    PLLE2_ADV_X0Y0       PLLE2_ADV (Prop_plle2_adv_CLKIN1_CLKOUT3)
                                                      0.083    10.210 r  PLLE2_ADV/CLKOUT3
                         net (fo=1, routed)           1.918    12.128    main_crg_clkout3
    BUFGCTRL_X0Y2        BUFG (Prop_bufg_I_O)         0.091    12.219 r  BUFG_3/O
                         net (fo=8, routed)           1.597    13.817    idelay_clk
    SLICE_X87Y71         FDSE                                         r  main_crg_reset_counter_reg[3]/C
                         clock pessimism              0.531    14.348    
                         clock uncertainty           -0.053    14.295    
    SLICE_X87Y71         FDSE (Setup_fdse_C_CE)      -0.205    14.090    main_crg_reset_counter_reg[3]
  -------------------------------------------------------------------
                         required time                         14.090    
                         arrival time                         -11.280    
  -------------------------------------------------------------------
                         slack                                  2.809    





Min Delay Paths
--------------------------------------------------------------------------------------
Slack (MET) :             0.122ns  (arrival time - required time)
  Source:                 FDPE_6/C
                            (rising edge-triggered cell FDPE clocked by main_crg_clkout3  {rise@0.000ns fall@2.500ns period=5.000ns})
  Destination:            FDPE_7/D
                            (rising edge-triggered cell FDPE clocked by main_crg_clkout3  {rise@0.000ns fall@2.500ns period=5.000ns})
  Path Group:             main_crg_clkout3
  Path Type:              Hold (Min at Fast Process Corner)
  Requirement:            0.000ns  (main_crg_clkout3 rise@0.000ns - main_crg_clkout3 rise@0.000ns)
  Data Path Delay:        0.197ns  (logic 0.141ns (71.611%)  route 0.056ns (28.389%))
  Logic Levels:           0  
  Clock Path Skew:        0.000ns (DCD - SCD - CPR)
    Destination Clock Delay (DCD):    3.735ns
    Source Clock Delay      (SCD):    2.883ns
    Clock Pessimism Removal (CPR):    0.851ns

    Location             Delay type                Incr(ns)  Path(ns)    Netlist Resource(s)
  -------------------------------------------------------------------    -------------------
                         (clock main_crg_clkout3 rise edge)
                                                      0.000     0.000 r  
    E3                                                0.000     0.000 r  clk100 (IN)
                         net (fo=0)                   0.000     0.000    clk100
    E3                   IBUF (Prop_ibuf_I_O)         0.250     0.250 r  clk100_IBUF_inst/O
                         net (fo=1, routed)           0.644     0.894    clk100_IBUF
    BUFGCTRL_X0Y16       BUFG (Prop_bufg_I_O)         0.026     0.920 r  clk100_IBUF_BUFG_inst/O
                         net (fo=9, routed)           0.629     1.549    main_crg_clkin
    PLLE2_ADV_X0Y0       PLLE2_ADV (Prop_plle2_adv_CLKIN1_CLKOUT3)
                                                      0.050     1.599 r  PLLE2_ADV/CLKOUT3
                         net (fo=1, routed)           0.663     2.262    main_crg_clkout3
    BUFGCTRL_X0Y2        BUFG (Prop_bufg_I_O)         0.026     2.288 r  BUFG_3/O
                         net (fo=8, routed)           0.596     2.883    idelay_clk
    SLICE_X75Y50         FDPE                                         r  FDPE_6/C
  -------------------------------------------------------------------    -------------------
    SLICE_X75Y50         FDPE (Prop_fdpe_C_Q)         0.141     3.024 r  FDPE_6/Q
                         net (fo=1, routed)           0.056     3.080    builder_xilinxasyncresetsynchronizerimpl3_rst_meta
    SLICE_X75Y50         FDPE                                         r  FDPE_7/D
  -------------------------------------------------------------------    -------------------

                         (clock main_crg_clkout3 rise edge)
                                                      0.000     0.000 r  
    E3                                                0.000     0.000 r  clk100 (IN)
                         net (fo=0)                   0.000     0.000    clk100
    E3                   IBUF (Prop_ibuf_I_O)         0.438     0.438 r  clk100_IBUF_inst/O
                         net (fo=1, routed)           0.699     1.136    clk100_IBUF
    BUFGCTRL_X0Y16       BUFG (Prop_bufg_I_O)         0.029     1.165 r  clk100_IBUF_BUFG_inst/O
                         net (fo=9, routed)           0.903     2.068    main_crg_clkin
    PLLE2_ADV_X0Y0       PLLE2_ADV (Prop_plle2_adv_CLKIN1_CLKOUT3)
                                                      0.053     2.121 r  PLLE2_ADV/CLKOUT3
                         net (fo=1, routed)           0.716     2.837    main_crg_clkout3
    BUFGCTRL_X0Y2        BUFG (Prop_bufg_I_O)         0.029     2.866 r  BUFG_3/O
                         net (fo=8, routed)           0.869     3.735    idelay_clk
    SLICE_X75Y50         FDPE                                         r  FDPE_7/C
                         clock pessimism             -0.851     2.883    
    SLICE_X75Y50         FDPE (Hold_fdpe_C_D)         0.075     2.958    FDPE_7
  -------------------------------------------------------------------
                         required time                         -2.958    
                         arrival time                           3.080    
  -------------------------------------------------------------------
                         slack                                  0.122    

Slack (MET) :             0.264ns  (arrival time - required time)
  Source:                 main_crg_ic_reset_reg/C
                            (rising edge-triggered cell FDRE clocked by main_crg_clkout3  {rise@0.000ns fall@2.500ns period=5.000ns})
  Destination:            main_crg_ic_reset_reg/D
                            (rising edge-triggered cell FDRE clocked by main_crg_clkout3  {rise@0.000ns fall@2.500ns period=5.000ns})
  Path Group:             main_crg_clkout3
  Path Type:              Hold (Min at Fast Process Corner)
  Requirement:            0.000ns  (main_crg_clkout3 rise@0.000ns - main_crg_clkout3 rise@0.000ns)
  Data Path Delay:        0.384ns  (logic 0.209ns (54.384%)  route 0.175ns (45.616%))
  Logic Levels:           1  (LUT3=1)
  Clock Path Skew:        0.000ns (DCD - SCD - CPR)
    Destination Clock Delay (DCD):    3.731ns
    Source Clock Delay      (SCD):    2.882ns
    Clock Pessimism Removal (CPR):    0.848ns

    Location             Delay type                Incr(ns)  Path(ns)    Netlist Resource(s)
  -------------------------------------------------------------------    -------------------
                         (clock main_crg_clkout3 rise edge)
                                                      0.000     0.000 r  
    E3                                                0.000     0.000 r  clk100 (IN)
                         net (fo=0)                   0.000     0.000    clk100
    E3                   IBUF (Prop_ibuf_I_O)         0.250     0.250 r  clk100_IBUF_inst/O
                         net (fo=1, routed)           0.644     0.894    clk100_IBUF
    BUFGCTRL_X0Y16       BUFG (Prop_bufg_I_O)         0.026     0.920 r  clk100_IBUF_BUFG_inst/O
                         net (fo=9, routed)           0.629     1.549    main_crg_clkin
    PLLE2_ADV_X0Y0       PLLE2_ADV (Prop_plle2_adv_CLKIN1_CLKOUT3)
                                                      0.050     1.599 r  PLLE2_ADV/CLKOUT3
                         net (fo=1, routed)           0.663     2.262    main_crg_clkout3
    BUFGCTRL_X0Y2        BUFG (Prop_bufg_I_O)         0.026     2.288 r  BUFG_3/O
                         net (fo=8, routed)           0.595     2.882    idelay_clk
    SLICE_X88Y71         FDRE                                         r  main_crg_ic_reset_reg/C
  -------------------------------------------------------------------    -------------------
    SLICE_X88Y71         FDRE (Prop_fdre_C_Q)         0.164     3.046 r  main_crg_ic_reset_reg/Q
                         net (fo=2, routed)           0.175     3.222    main_crg_ic_reset
    SLICE_X88Y71         LUT3 (Prop_lut3_I1_O)        0.045     3.267 r  main_crg_ic_reset_i_1/O
                         net (fo=1, routed)           0.000     3.267    main_crg_ic_reset_i_1_n_0
    SLICE_X88Y71         FDRE                                         r  main_crg_ic_reset_reg/D
  -------------------------------------------------------------------    -------------------

                         (clock main_crg_clkout3 rise edge)
                                                      0.000     0.000 r  
    E3                                                0.000     0.000 r  clk100 (IN)
                         net (fo=0)                   0.000     0.000    clk100
    E3                   IBUF (Prop_ibuf_I_O)         0.438     0.438 r  clk100_IBUF_inst/O
                         net (fo=1, routed)           0.699     1.136    clk100_IBUF
    BUFGCTRL_X0Y16       BUFG (Prop_bufg_I_O)         0.029     1.165 r  clk100_IBUF_BUFG_inst/O
                         net (fo=9, routed)           0.903     2.068    main_crg_clkin
    PLLE2_ADV_X0Y0       PLLE2_ADV (Prop_plle2_adv_CLKIN1_CLKOUT3)
                                                      0.053     2.121 r  PLLE2_ADV/CLKOUT3
                         net (fo=1, routed)           0.716     2.837    main_crg_clkout3
    BUFGCTRL_X0Y2        BUFG (Prop_bufg_I_O)         0.029     2.866 r  BUFG_3/O
                         net (fo=8, routed)           0.865     3.731    idelay_clk
    SLICE_X88Y71         FDRE                                         r  main_crg_ic_reset_reg/C
                         clock pessimism             -0.848     2.882    
    SLICE_X88Y71         FDRE (Hold_fdre_C_D)         0.120     3.002    main_crg_ic_reset_reg
  -------------------------------------------------------------------
                         required time                         -3.002    
                         arrival time                           3.267    
  -------------------------------------------------------------------
                         slack                                  0.264    

Slack (MET) :             0.275ns  (arrival time - required time)
  Source:                 main_crg_reset_counter_reg[3]/C
                            (rising edge-triggered cell FDSE clocked by main_crg_clkout3  {rise@0.000ns fall@2.500ns period=5.000ns})
  Destination:            main_crg_reset_counter_reg[3]/D
                            (rising edge-triggered cell FDSE clocked by main_crg_clkout3  {rise@0.000ns fall@2.500ns period=5.000ns})
  Path Group:             main_crg_clkout3
  Path Type:              Hold (Min at Fast Process Corner)
  Requirement:            0.000ns  (main_crg_clkout3 rise@0.000ns - main_crg_clkout3 rise@0.000ns)
  Data Path Delay:        0.382ns  (logic 0.230ns (60.216%)  route 0.152ns (39.784%))
  Logic Levels:           1  (LUT4=1)
  Clock Path Skew:        0.000ns (DCD - SCD - CPR)
    Destination Clock Delay (DCD):    3.731ns
    Source Clock Delay      (SCD):    2.882ns
    Clock Pessimism Removal (CPR):    0.848ns

    Location             Delay type                Incr(ns)  Path(ns)    Netlist Resource(s)
  -------------------------------------------------------------------    -------------------
                         (clock main_crg_clkout3 rise edge)
                                                      0.000     0.000 r  
    E3                                                0.000     0.000 r  clk100 (IN)
                         net (fo=0)                   0.000     0.000    clk100
    E3                   IBUF (Prop_ibuf_I_O)         0.250     0.250 r  clk100_IBUF_inst/O
                         net (fo=1, routed)           0.644     0.894    clk100_IBUF
    BUFGCTRL_X0Y16       BUFG (Prop_bufg_I_O)         0.026     0.920 r  clk100_IBUF_BUFG_inst/O
                         net (fo=9, routed)           0.629     1.549    main_crg_clkin
    PLLE2_ADV_X0Y0       PLLE2_ADV (Prop_plle2_adv_CLKIN1_CLKOUT3)
                                                      0.050     1.599 r  PLLE2_ADV/CLKOUT3
                         net (fo=1, routed)           0.663     2.262    main_crg_clkout3
    BUFGCTRL_X0Y2        BUFG (Prop_bufg_I_O)         0.026     2.288 r  BUFG_3/O
                         net (fo=8, routed)           0.595     2.882    idelay_clk
    SLICE_X87Y71         FDSE                                         r  main_crg_reset_counter_reg[3]/C
  -------------------------------------------------------------------    -------------------
    SLICE_X87Y71         FDSE (Prop_fdse_C_Q)         0.128     3.010 r  main_crg_reset_counter_reg[3]/Q
                         net (fo=2, routed)           0.152     3.162    main_crg_reset_counter[3]
    SLICE_X87Y71         LUT4 (Prop_lut4_I3_O)        0.102     3.264 r  main_crg_reset_counter[3]_i_2/O
                         net (fo=1, routed)           0.000     3.264    main_crg_reset_counter[3]_i_2_n_0
    SLICE_X87Y71         FDSE                                         r  main_crg_reset_counter_reg[3]/D
  -------------------------------------------------------------------    -------------------

                         (clock main_crg_clkout3 rise edge)
                                                      0.000     0.000 r  
    E3                                                0.000     0.000 r  clk100 (IN)
                         net (fo=0)                   0.000     0.000    clk100
    E3                   IBUF (Prop_ibuf_I_O)         0.438     0.438 r  clk100_IBUF_inst/O
                         net (fo=1, routed)           0.699     1.136    clk100_IBUF
    BUFGCTRL_X0Y16       BUFG (Prop_bufg_I_O)         0.029     1.165 r  clk100_IBUF_BUFG_inst/O
                         net (fo=9, routed)           0.903     2.068    main_crg_clkin
    PLLE2_ADV_X0Y0       PLLE2_ADV (Prop_plle2_adv_CLKIN1_CLKOUT3)
                                                      0.053     2.121 r  PLLE2_ADV/CLKOUT3
                         net (fo=1, routed)           0.716     2.837    main_crg_clkout3
    BUFGCTRL_X0Y2        BUFG (Prop_bufg_I_O)         0.029     2.866 r  BUFG_3/O
                         net (fo=8, routed)           0.865     3.731    idelay_clk
    SLICE_X87Y71         FDSE                                         r  main_crg_reset_counter_reg[3]/C
                         clock pessimism             -0.848     2.882    
    SLICE_X87Y71         FDSE (Hold_fdse_C_D)         0.107     2.989    main_crg_reset_counter_reg[3]
  -------------------------------------------------------------------
                         required time                         -2.989    
                         arrival time                           3.264    
  -------------------------------------------------------------------
                         slack                                  0.275    

Slack (MET) :             0.324ns  (arrival time - required time)
  Source:                 main_crg_reset_counter_reg[2]/C
                            (rising edge-triggered cell FDSE clocked by main_crg_clkout3  {rise@0.000ns fall@2.500ns period=5.000ns})
  Destination:            main_crg_reset_counter_reg[2]/D
                            (rising edge-triggered cell FDSE clocked by main_crg_clkout3  {rise@0.000ns fall@2.500ns period=5.000ns})
  Path Group:             main_crg_clkout3
  Path Type:              Hold (Min at Fast Process Corner)
  Requirement:            0.000ns  (main_crg_clkout3 rise@0.000ns - main_crg_clkout3 rise@0.000ns)
  Data Path Delay:        0.416ns  (logic 0.186ns (44.711%)  route 0.230ns (55.289%))
  Logic Levels:           1  (LUT3=1)
  Clock Path Skew:        0.000ns (DCD - SCD - CPR)
    Destination Clock Delay (DCD):    3.731ns
    Source Clock Delay      (SCD):    2.882ns
    Clock Pessimism Removal (CPR):    0.848ns

    Location             Delay type                Incr(ns)  Path(ns)    Netlist Resource(s)
  -------------------------------------------------------------------    -------------------
                         (clock main_crg_clkout3 rise edge)
                                                      0.000     0.000 r  
    E3                                                0.000     0.000 r  clk100 (IN)
                         net (fo=0)                   0.000     0.000    clk100
    E3                   IBUF (Prop_ibuf_I_O)         0.250     0.250 r  clk100_IBUF_inst/O
                         net (fo=1, routed)           0.644     0.894    clk100_IBUF
    BUFGCTRL_X0Y16       BUFG (Prop_bufg_I_O)         0.026     0.920 r  clk100_IBUF_BUFG_inst/O
                         net (fo=9, routed)           0.629     1.549    main_crg_clkin
    PLLE2_ADV_X0Y0       PLLE2_ADV (Prop_plle2_adv_CLKIN1_CLKOUT3)
                                                      0.050     1.599 r  PLLE2_ADV/CLKOUT3
                         net (fo=1, routed)           0.663     2.262    main_crg_clkout3
    BUFGCTRL_X0Y2        BUFG (Prop_bufg_I_O)         0.026     2.288 r  BUFG_3/O
                         net (fo=8, routed)           0.595     2.882    idelay_clk
    SLICE_X87Y71         FDSE                                         r  main_crg_reset_counter_reg[2]/C
  -------------------------------------------------------------------    -------------------
    SLICE_X87Y71         FDSE (Prop_fdse_C_Q)         0.141     3.023 r  main_crg_reset_counter_reg[2]/Q
                         net (fo=3, routed)           0.230     3.253    main_crg_reset_counter[2]
    SLICE_X87Y71         LUT3 (Prop_lut3_I2_O)        0.045     3.298 r  main_crg_reset_counter[2]_i_1/O
                         net (fo=1, routed)           0.000     3.298    main_crg_reset_counter[2]_i_1_n_0
    SLICE_X87Y71         FDSE                                         r  main_crg_reset_counter_reg[2]/D
  -------------------------------------------------------------------    -------------------

                         (clock main_crg_clkout3 rise edge)
                                                      0.000     0.000 r  
    E3                                                0.000     0.000 r  clk100 (IN)
                         net (fo=0)                   0.000     0.000    clk100
    E3                   IBUF (Prop_ibuf_I_O)         0.438     0.438 r  clk100_IBUF_inst/O
                         net (fo=1, routed)           0.699     1.136    clk100_IBUF
    BUFGCTRL_X0Y16       BUFG (Prop_bufg_I_O)         0.029     1.165 r  clk100_IBUF_BUFG_inst/O
                         net (fo=9, routed)           0.903     2.068    main_crg_clkin
    PLLE2_ADV_X0Y0       PLLE2_ADV (Prop_plle2_adv_CLKIN1_CLKOUT3)
                                                      0.053     2.121 r  PLLE2_ADV/CLKOUT3
                         net (fo=1, routed)           0.716     2.837    main_crg_clkout3
    BUFGCTRL_X0Y2        BUFG (Prop_bufg_I_O)         0.029     2.866 r  BUFG_3/O
                         net (fo=8, routed)           0.865     3.731    idelay_clk
    SLICE_X87Y71         FDSE                                         r  main_crg_reset_counter_reg[2]/C
                         clock pessimism             -0.848     2.882    
    SLICE_X87Y71         FDSE (Hold_fdse_C_D)         0.092     2.974    main_crg_reset_counter_reg[2]
  -------------------------------------------------------------------
                         required time                         -2.974    
                         arrival time                           3.298    
  -------------------------------------------------------------------
                         slack                                  0.324    

Slack (MET) :             0.371ns  (arrival time - required time)
  Source:                 main_crg_reset_counter_reg[0]/C
                            (rising edge-triggered cell FDSE clocked by main_crg_clkout3  {rise@0.000ns fall@2.500ns period=5.000ns})
  Destination:            main_crg_reset_counter_reg[1]/D
                            (rising edge-triggered cell FDSE clocked by main_crg_clkout3  {rise@0.000ns fall@2.500ns period=5.000ns})
  Path Group:             main_crg_clkout3
  Path Type:              Hold (Min at Fast Process Corner)
  Requirement:            0.000ns  (main_crg_clkout3 rise@0.000ns - main_crg_clkout3 rise@0.000ns)
  Data Path Delay:        0.478ns  (logic 0.185ns (38.683%)  route 0.293ns (61.317%))
  Logic Levels:           1  (LUT2=1)
  Clock Path Skew:        0.000ns (DCD - SCD - CPR)
    Destination Clock Delay (DCD):    3.731ns
    Source Clock Delay      (SCD):    2.882ns
    Clock Pessimism Removal (CPR):    0.848ns

    Location             Delay type                Incr(ns)  Path(ns)    Netlist Resource(s)
  -------------------------------------------------------------------    -------------------
                         (clock main_crg_clkout3 rise edge)
                                                      0.000     0.000 r  
    E3                                                0.000     0.000 r  clk100 (IN)
                         net (fo=0)                   0.000     0.000    clk100
    E3                   IBUF (Prop_ibuf_I_O)         0.250     0.250 r  clk100_IBUF_inst/O
                         net (fo=1, routed)           0.644     0.894    clk100_IBUF
    BUFGCTRL_X0Y16       BUFG (Prop_bufg_I_O)         0.026     0.920 r  clk100_IBUF_BUFG_inst/O
                         net (fo=9, routed)           0.629     1.549    main_crg_clkin
    PLLE2_ADV_X0Y0       PLLE2_ADV (Prop_plle2_adv_CLKIN1_CLKOUT3)
                                                      0.050     1.599 r  PLLE2_ADV/CLKOUT3
                         net (fo=1, routed)           0.663     2.262    main_crg_clkout3
    BUFGCTRL_X0Y2        BUFG (Prop_bufg_I_O)         0.026     2.288 r  BUFG_3/O
                         net (fo=8, routed)           0.595     2.882    idelay_clk
    SLICE_X87Y71         FDSE                                         r  main_crg_reset_counter_reg[0]/C
  -------------------------------------------------------------------    -------------------
    SLICE_X87Y71         FDSE (Prop_fdse_C_Q)         0.141     3.023 r  main_crg_reset_counter_reg[0]/Q
                         net (fo=5, routed)           0.293     3.317    main_crg_reset_counter[0]
    SLICE_X87Y71         LUT2 (Prop_lut2_I0_O)        0.044     3.361 r  main_crg_reset_counter[1]_i_1/O
                         net (fo=1, routed)           0.000     3.361    main_crg_reset_counter[1]_i_1_n_0
    SLICE_X87Y71         FDSE                                         r  main_crg_reset_counter_reg[1]/D
  -------------------------------------------------------------------    -------------------

                         (clock main_crg_clkout3 rise edge)
                                                      0.000     0.000 r  
    E3                                                0.000     0.000 r  clk100 (IN)
                         net (fo=0)                   0.000     0.000    clk100
    E3                   IBUF (Prop_ibuf_I_O)         0.438     0.438 r  clk100_IBUF_inst/O
                         net (fo=1, routed)           0.699     1.136    clk100_IBUF
    BUFGCTRL_X0Y16       BUFG (Prop_bufg_I_O)         0.029     1.165 r  clk100_IBUF_BUFG_inst/O
                         net (fo=9, routed)           0.903     2.068    main_crg_clkin
    PLLE2_ADV_X0Y0       PLLE2_ADV (Prop_plle2_adv_CLKIN1_CLKOUT3)
                                                      0.053     2.121 r  PLLE2_ADV/CLKOUT3
                         net (fo=1, routed)           0.716     2.837    main_crg_clkout3
    BUFGCTRL_X0Y2        BUFG (Prop_bufg_I_O)         0.029     2.866 r  BUFG_3/O
                         net (fo=8, routed)           0.865     3.731    idelay_clk
    SLICE_X87Y71         FDSE                                         r  main_crg_reset_counter_reg[1]/C
                         clock pessimism             -0.848     2.882    
    SLICE_X87Y71         FDSE (Hold_fdse_C_D)         0.107     2.989    main_crg_reset_counter_reg[1]
  -------------------------------------------------------------------
                         required time                         -2.989    
                         arrival time                           3.361    
  -------------------------------------------------------------------
                         slack                                  0.371    

Slack (MET) :             0.388ns  (arrival time - required time)
  Source:                 main_crg_reset_counter_reg[0]/C
                            (rising edge-triggered cell FDSE clocked by main_crg_clkout3  {rise@0.000ns fall@2.500ns period=5.000ns})
  Destination:            main_crg_reset_counter_reg[0]/D
                            (rising edge-triggered cell FDSE clocked by main_crg_clkout3  {rise@0.000ns fall@2.500ns period=5.000ns})
  Path Group:             main_crg_clkout3
  Path Type:              Hold (Min at Fast Process Corner)
  Requirement:            0.000ns  (main_crg_clkout3 rise@0.000ns - main_crg_clkout3 rise@0.000ns)
  Data Path Delay:        0.479ns  (logic 0.186ns (38.811%)  route 0.293ns (61.189%))
  Logic Levels:           1  (LUT1=1)
  Clock Path Skew:        0.000ns (DCD - SCD - CPR)
    Destination Clock Delay (DCD):    3.731ns
    Source Clock Delay      (SCD):    2.882ns
    Clock Pessimism Removal (CPR):    0.848ns

    Location             Delay type                Incr(ns)  Path(ns)    Netlist Resource(s)
  -------------------------------------------------------------------    -------------------
                         (clock main_crg_clkout3 rise edge)
                                                      0.000     0.000 r  
    E3                                                0.000     0.000 r  clk100 (IN)
                         net (fo=0)                   0.000     0.000    clk100
    E3                   IBUF (Prop_ibuf_I_O)         0.250     0.250 r  clk100_IBUF_inst/O
                         net (fo=1, routed)           0.644     0.894    clk100_IBUF
    BUFGCTRL_X0Y16       BUFG (Prop_bufg_I_O)         0.026     0.920 r  clk100_IBUF_BUFG_inst/O
                         net (fo=9, routed)           0.629     1.549    main_crg_clkin
    PLLE2_ADV_X0Y0       PLLE2_ADV (Prop_plle2_adv_CLKIN1_CLKOUT3)
                                                      0.050     1.599 r  PLLE2_ADV/CLKOUT3
                         net (fo=1, routed)           0.663     2.262    main_crg_clkout3
    BUFGCTRL_X0Y2        BUFG (Prop_bufg_I_O)         0.026     2.288 r  BUFG_3/O
                         net (fo=8, routed)           0.595     2.882    idelay_clk
    SLICE_X87Y71         FDSE                                         r  main_crg_reset_counter_reg[0]/C
  -------------------------------------------------------------------    -------------------
    SLICE_X87Y71         FDSE (Prop_fdse_C_Q)         0.141     3.023 f  main_crg_reset_counter_reg[0]/Q
                         net (fo=5, routed)           0.293     3.317    main_crg_reset_counter[0]
    SLICE_X87Y71         LUT1 (Prop_lut1_I0_O)        0.045     3.362 r  main_crg_reset_counter[0]_i_1/O
                         net (fo=1, routed)           0.000     3.362    main_crg_reset_counter0[0]
    SLICE_X87Y71         FDSE                                         r  main_crg_reset_counter_reg[0]/D
  -------------------------------------------------------------------    -------------------

                         (clock main_crg_clkout3 rise edge)
                                                      0.000     0.000 r  
    E3                                                0.000     0.000 r  clk100 (IN)
                         net (fo=0)                   0.000     0.000    clk100
    E3                   IBUF (Prop_ibuf_I_O)         0.438     0.438 r  clk100_IBUF_inst/O
                         net (fo=1, routed)           0.699     1.136    clk100_IBUF
    BUFGCTRL_X0Y16       BUFG (Prop_bufg_I_O)         0.029     1.165 r  clk100_IBUF_BUFG_inst/O
                         net (fo=9, routed)           0.903     2.068    main_crg_clkin
    PLLE2_ADV_X0Y0       PLLE2_ADV (Prop_plle2_adv_CLKIN1_CLKOUT3)
                                                      0.053     2.121 r  PLLE2_ADV/CLKOUT3
                         net (fo=1, routed)           0.716     2.837    main_crg_clkout3
    BUFGCTRL_X0Y2        BUFG (Prop_bufg_I_O)         0.029     2.866 r  BUFG_3/O
                         net (fo=8, routed)           0.865     3.731    idelay_clk
    SLICE_X87Y71         FDSE                                         r  main_crg_reset_counter_reg[0]/C
                         clock pessimism             -0.848     2.882    
    SLICE_X87Y71         FDSE (Hold_fdse_C_D)         0.091     2.973    main_crg_reset_counter_reg[0]
  -------------------------------------------------------------------
                         required time                         -2.973    
                         arrival time                           3.362    
  -------------------------------------------------------------------
                         slack                                  0.388    

Slack (MET) :             0.618ns  (arrival time - required time)
  Source:                 main_crg_reset_counter_reg[0]/C
                            (rising edge-triggered cell FDSE clocked by main_crg_clkout3  {rise@0.000ns fall@2.500ns period=5.000ns})
  Destination:            main_crg_reset_counter_reg[0]/CE
                            (rising edge-triggered cell FDSE clocked by main_crg_clkout3  {rise@0.000ns fall@2.500ns period=5.000ns})
  Path Group:             main_crg_clkout3
  Path Type:              Hold (Min at Fast Process Corner)
  Requirement:            0.000ns  (main_crg_clkout3 rise@0.000ns - main_crg_clkout3 rise@0.000ns)
  Data Path Delay:        0.579ns  (logic 0.186ns (32.145%)  route 0.393ns (67.855%))
  Logic Levels:           1  (LUT4=1)
  Clock Path Skew:        0.000ns (DCD - SCD - CPR)
    Destination Clock Delay (DCD):    3.731ns
    Source Clock Delay      (SCD):    2.882ns
    Clock Pessimism Removal (CPR):    0.848ns

    Location             Delay type                Incr(ns)  Path(ns)    Netlist Resource(s)
  -------------------------------------------------------------------    -------------------
                         (clock main_crg_clkout3 rise edge)
                                                      0.000     0.000 r  
    E3                                                0.000     0.000 r  clk100 (IN)
                         net (fo=0)                   0.000     0.000    clk100
    E3                   IBUF (Prop_ibuf_I_O)         0.250     0.250 r  clk100_IBUF_inst/O
                         net (fo=1, routed)           0.644     0.894    clk100_IBUF
    BUFGCTRL_X0Y16       BUFG (Prop_bufg_I_O)         0.026     0.920 r  clk100_IBUF_BUFG_inst/O
                         net (fo=9, routed)           0.629     1.549    main_crg_clkin
    PLLE2_ADV_X0Y0       PLLE2_ADV (Prop_plle2_adv_CLKIN1_CLKOUT3)
                                                      0.050     1.599 r  PLLE2_ADV/CLKOUT3
                         net (fo=1, routed)           0.663     2.262    main_crg_clkout3
    BUFGCTRL_X0Y2        BUFG (Prop_bufg_I_O)         0.026     2.288 r  BUFG_3/O
                         net (fo=8, routed)           0.595     2.882    idelay_clk
    SLICE_X87Y71         FDSE                                         r  main_crg_reset_counter_reg[0]/C
  -------------------------------------------------------------------    -------------------
    SLICE_X87Y71         FDSE (Prop_fdse_C_Q)         0.141     3.023 r  main_crg_reset_counter_reg[0]/Q
                         net (fo=5, routed)           0.154     3.178    main_crg_reset_counter[0]
    SLICE_X87Y71         LUT4 (Prop_lut4_I1_O)        0.045     3.223 r  main_crg_reset_counter[3]_i_1/O
                         net (fo=5, routed)           0.238     3.461    main_crg_reset_counter[3]_i_1_n_0
    SLICE_X87Y71         FDSE                                         r  main_crg_reset_counter_reg[0]/CE
  -------------------------------------------------------------------    -------------------

                         (clock main_crg_clkout3 rise edge)
                                                      0.000     0.000 r  
    E3                                                0.000     0.000 r  clk100 (IN)
                         net (fo=0)                   0.000     0.000    clk100
    E3                   IBUF (Prop_ibuf_I_O)         0.438     0.438 r  clk100_IBUF_inst/O
                         net (fo=1, routed)           0.699     1.136    clk100_IBUF
    BUFGCTRL_X0Y16       BUFG (Prop_bufg_I_O)         0.029     1.165 r  clk100_IBUF_BUFG_inst/O
                         net (fo=9, routed)           0.903     2.068    main_crg_clkin
    PLLE2_ADV_X0Y0       PLLE2_ADV (Prop_plle2_adv_CLKIN1_CLKOUT3)
                                                      0.053     2.121 r  PLLE2_ADV/CLKOUT3
                         net (fo=1, routed)           0.716     2.837    main_crg_clkout3
    BUFGCTRL_X0Y2        BUFG (Prop_bufg_I_O)         0.029     2.866 r  BUFG_3/O
                         net (fo=8, routed)           0.865     3.731    idelay_clk
    SLICE_X87Y71         FDSE                                         r  main_crg_reset_counter_reg[0]/C
                         clock pessimism             -0.848     2.882    
    SLICE_X87Y71         FDSE (Hold_fdse_C_CE)       -0.039     2.843    main_crg_reset_counter_reg[0]
  -------------------------------------------------------------------
                         required time                         -2.843    
                         arrival time                           3.461    
  -------------------------------------------------------------------
                         slack                                  0.618    

Slack (MET) :             0.618ns  (arrival time - required time)
  Source:                 main_crg_reset_counter_reg[0]/C
                            (rising edge-triggered cell FDSE clocked by main_crg_clkout3  {rise@0.000ns fall@2.500ns period=5.000ns})
  Destination:            main_crg_reset_counter_reg[1]/CE
                            (rising edge-triggered cell FDSE clocked by main_crg_clkout3  {rise@0.000ns fall@2.500ns period=5.000ns})
  Path Group:             main_crg_clkout3
  Path Type:              Hold (Min at Fast Process Corner)
  Requirement:            0.000ns  (main_crg_clkout3 rise@0.000ns - main_crg_clkout3 rise@0.000ns)
  Data Path Delay:        0.579ns  (logic 0.186ns (32.145%)  route 0.393ns (67.855%))
  Logic Levels:           1  (LUT4=1)
  Clock Path Skew:        0.000ns (DCD - SCD - CPR)
    Destination Clock Delay (DCD):    3.731ns
    Source Clock Delay      (SCD):    2.882ns
    Clock Pessimism Removal (CPR):    0.848ns

    Location             Delay type                Incr(ns)  Path(ns)    Netlist Resource(s)
  -------------------------------------------------------------------    -------------------
                         (clock main_crg_clkout3 rise edge)
                                                      0.000     0.000 r  
    E3                                                0.000     0.000 r  clk100 (IN)
                         net (fo=0)                   0.000     0.000    clk100
    E3                   IBUF (Prop_ibuf_I_O)         0.250     0.250 r  clk100_IBUF_inst/O
                         net (fo=1, routed)           0.644     0.894    clk100_IBUF
    BUFGCTRL_X0Y16       BUFG (Prop_bufg_I_O)         0.026     0.920 r  clk100_IBUF_BUFG_inst/O
                         net (fo=9, routed)           0.629     1.549    main_crg_clkin
    PLLE2_ADV_X0Y0       PLLE2_ADV (Prop_plle2_adv_CLKIN1_CLKOUT3)
                                                      0.050     1.599 r  PLLE2_ADV/CLKOUT3
                         net (fo=1, routed)           0.663     2.262    main_crg_clkout3
    BUFGCTRL_X0Y2        BUFG (Prop_bufg_I_O)         0.026     2.288 r  BUFG_3/O
                         net (fo=8, routed)           0.595     2.882    idelay_clk
    SLICE_X87Y71         FDSE                                         r  main_crg_reset_counter_reg[0]/C
  -------------------------------------------------------------------    -------------------
    SLICE_X87Y71         FDSE (Prop_fdse_C_Q)         0.141     3.023 r  main_crg_reset_counter_reg[0]/Q
                         net (fo=5, routed)           0.154     3.178    main_crg_reset_counter[0]
    SLICE_X87Y71         LUT4 (Prop_lut4_I1_O)        0.045     3.223 r  main_crg_reset_counter[3]_i_1/O
                         net (fo=5, routed)           0.238     3.461    main_crg_reset_counter[3]_i_1_n_0
    SLICE_X87Y71         FDSE                                         r  main_crg_reset_counter_reg[1]/CE
  -------------------------------------------------------------------    -------------------

                         (clock main_crg_clkout3 rise edge)
                                                      0.000     0.000 r  
    E3                                                0.000     0.000 r  clk100 (IN)
                         net (fo=0)                   0.000     0.000    clk100
    E3                   IBUF (Prop_ibuf_I_O)         0.438     0.438 r  clk100_IBUF_inst/O
                         net (fo=1, routed)           0.699     1.136    clk100_IBUF
    BUFGCTRL_X0Y16       BUFG (Prop_bufg_I_O)         0.029     1.165 r  clk100_IBUF_BUFG_inst/O
                         net (fo=9, routed)           0.903     2.068    main_crg_clkin
    PLLE2_ADV_X0Y0       PLLE2_ADV (Prop_plle2_adv_CLKIN1_CLKOUT3)
                                                      0.053     2.121 r  PLLE2_ADV/CLKOUT3
                         net (fo=1, routed)           0.716     2.837    main_crg_clkout3
    BUFGCTRL_X0Y2        BUFG (Prop_bufg_I_O)         0.029     2.866 r  BUFG_3/O
                         net (fo=8, routed)           0.865     3.731    idelay_clk
    SLICE_X87Y71         FDSE                                         r  main_crg_reset_counter_reg[1]/C
                         clock pessimism             -0.848     2.882    
    SLICE_X87Y71         FDSE (Hold_fdse_C_CE)       -0.039     2.843    main_crg_reset_counter_reg[1]
  -------------------------------------------------------------------
                         required time                         -2.843    
                         arrival time                           3.461    
  -------------------------------------------------------------------
                         slack                                  0.618    

Slack (MET) :             0.618ns  (arrival time - required time)
  Source:                 main_crg_reset_counter_reg[0]/C
                            (rising edge-triggered cell FDSE clocked by main_crg_clkout3  {rise@0.000ns fall@2.500ns period=5.000ns})
  Destination:            main_crg_reset_counter_reg[2]/CE
                            (rising edge-triggered cell FDSE clocked by main_crg_clkout3  {rise@0.000ns fall@2.500ns period=5.000ns})
  Path Group:             main_crg_clkout3
  Path Type:              Hold (Min at Fast Process Corner)
  Requirement:            0.000ns  (main_crg_clkout3 rise@0.000ns - main_crg_clkout3 rise@0.000ns)
  Data Path Delay:        0.579ns  (logic 0.186ns (32.145%)  route 0.393ns (67.855%))
  Logic Levels:           1  (LUT4=1)
  Clock Path Skew:        0.000ns (DCD - SCD - CPR)
    Destination Clock Delay (DCD):    3.731ns
    Source Clock Delay      (SCD):    2.882ns
    Clock Pessimism Removal (CPR):    0.848ns

    Location             Delay type                Incr(ns)  Path(ns)    Netlist Resource(s)
  -------------------------------------------------------------------    -------------------
                         (clock main_crg_clkout3 rise edge)
                                                      0.000     0.000 r  
    E3                                                0.000     0.000 r  clk100 (IN)
                         net (fo=0)                   0.000     0.000    clk100
    E3                   IBUF (Prop_ibuf_I_O)         0.250     0.250 r  clk100_IBUF_inst/O
                         net (fo=1, routed)           0.644     0.894    clk100_IBUF
    BUFGCTRL_X0Y16       BUFG (Prop_bufg_I_O)         0.026     0.920 r  clk100_IBUF_BUFG_inst/O
                         net (fo=9, routed)           0.629     1.549    main_crg_clkin
    PLLE2_ADV_X0Y0       PLLE2_ADV (Prop_plle2_adv_CLKIN1_CLKOUT3)
                                                      0.050     1.599 r  PLLE2_ADV/CLKOUT3
                         net (fo=1, routed)           0.663     2.262    main_crg_clkout3
    BUFGCTRL_X0Y2        BUFG (Prop_bufg_I_O)         0.026     2.288 r  BUFG_3/O
                         net (fo=8, routed)           0.595     2.882    idelay_clk
    SLICE_X87Y71         FDSE                                         r  main_crg_reset_counter_reg[0]/C
  -------------------------------------------------------------------    -------------------
    SLICE_X87Y71         FDSE (Prop_fdse_C_Q)         0.141     3.023 r  main_crg_reset_counter_reg[0]/Q
                         net (fo=5, routed)           0.154     3.178    main_crg_reset_counter[0]
    SLICE_X87Y71         LUT4 (Prop_lut4_I1_O)        0.045     3.223 r  main_crg_reset_counter[3]_i_1/O
                         net (fo=5, routed)           0.238     3.461    main_crg_reset_counter[3]_i_1_n_0
    SLICE_X87Y71         FDSE                                         r  main_crg_reset_counter_reg[2]/CE
  -------------------------------------------------------------------    -------------------

                         (clock main_crg_clkout3 rise edge)
                                                      0.000     0.000 r  
    E3                                                0.000     0.000 r  clk100 (IN)
                         net (fo=0)                   0.000     0.000    clk100
    E3                   IBUF (Prop_ibuf_I_O)         0.438     0.438 r  clk100_IBUF_inst/O
                         net (fo=1, routed)           0.699     1.136    clk100_IBUF
    BUFGCTRL_X0Y16       BUFG (Prop_bufg_I_O)         0.029     1.165 r  clk100_IBUF_BUFG_inst/O
                         net (fo=9, routed)           0.903     2.068    main_crg_clkin
    PLLE2_ADV_X0Y0       PLLE2_ADV (Prop_plle2_adv_CLKIN1_CLKOUT3)
                                                      0.053     2.121 r  PLLE2_ADV/CLKOUT3
                         net (fo=1, routed)           0.716     2.837    main_crg_clkout3
    BUFGCTRL_X0Y2        BUFG (Prop_bufg_I_O)         0.029     2.866 r  BUFG_3/O
                         net (fo=8, routed)           0.865     3.731    idelay_clk
    SLICE_X87Y71         FDSE                                         r  main_crg_reset_counter_reg[2]/C
                         clock pessimism             -0.848     2.882    
    SLICE_X87Y71         FDSE (Hold_fdse_C_CE)       -0.039     2.843    main_crg_reset_counter_reg[2]
  -------------------------------------------------------------------
                         required time                         -2.843    
                         arrival time                           3.461    
  -------------------------------------------------------------------
                         slack                                  0.618    

Slack (MET) :             0.618ns  (arrival time - required time)
  Source:                 main_crg_reset_counter_reg[0]/C
                            (rising edge-triggered cell FDSE clocked by main_crg_clkout3  {rise@0.000ns fall@2.500ns period=5.000ns})
  Destination:            main_crg_reset_counter_reg[3]/CE
                            (rising edge-triggered cell FDSE clocked by main_crg_clkout3  {rise@0.000ns fall@2.500ns period=5.000ns})
  Path Group:             main_crg_clkout3
  Path Type:              Hold (Min at Fast Process Corner)
  Requirement:            0.000ns  (main_crg_clkout3 rise@0.000ns - main_crg_clkout3 rise@0.000ns)
  Data Path Delay:        0.579ns  (logic 0.186ns (32.145%)  route 0.393ns (67.855%))
  Logic Levels:           1  (LUT4=1)
  Clock Path Skew:        0.000ns (DCD - SCD - CPR)
    Destination Clock Delay (DCD):    3.731ns
    Source Clock Delay      (SCD):    2.882ns
    Clock Pessimism Removal (CPR):    0.848ns

    Location             Delay type                Incr(ns)  Path(ns)    Netlist Resource(s)
  -------------------------------------------------------------------    -------------------
                         (clock main_crg_clkout3 rise edge)
                                                      0.000     0.000 r  
    E3                                                0.000     0.000 r  clk100 (IN)
                         net (fo=0)                   0.000     0.000    clk100
    E3                   IBUF (Prop_ibuf_I_O)         0.250     0.250 r  clk100_IBUF_inst/O
                         net (fo=1, routed)           0.644     0.894    clk100_IBUF
    BUFGCTRL_X0Y16       BUFG (Prop_bufg_I_O)         0.026     0.920 r  clk100_IBUF_BUFG_inst/O
                         net (fo=9, routed)           0.629     1.549    main_crg_clkin
    PLLE2_ADV_X0Y0       PLLE2_ADV (Prop_plle2_adv_CLKIN1_CLKOUT3)
                                                      0.050     1.599 r  PLLE2_ADV/CLKOUT3
                         net (fo=1, routed)           0.663     2.262    main_crg_clkout3
    BUFGCTRL_X0Y2        BUFG (Prop_bufg_I_O)         0.026     2.288 r  BUFG_3/O
                         net (fo=8, routed)           0.595     2.882    idelay_clk
    SLICE_X87Y71         FDSE                                         r  main_crg_reset_counter_reg[0]/C
  -------------------------------------------------------------------    -------------------
    SLICE_X87Y71         FDSE (Prop_fdse_C_Q)         0.141     3.023 r  main_crg_reset_counter_reg[0]/Q
                         net (fo=5, routed)           0.154     3.178    main_crg_reset_counter[0]
    SLICE_X87Y71         LUT4 (Prop_lut4_I1_O)        0.045     3.223 r  main_crg_reset_counter[3]_i_1/O
                         net (fo=5, routed)           0.238     3.461    main_crg_reset_counter[3]_i_1_n_0
    SLICE_X87Y71         FDSE                                         r  main_crg_reset_counter_reg[3]/CE
  -------------------------------------------------------------------    -------------------

                         (clock main_crg_clkout3 rise edge)
                                                      0.000     0.000 r  
    E3                                                0.000     0.000 r  clk100 (IN)
                         net (fo=0)                   0.000     0.000    clk100
    E3                   IBUF (Prop_ibuf_I_O)         0.438     0.438 r  clk100_IBUF_inst/O
                         net (fo=1, routed)           0.699     1.136    clk100_IBUF
    BUFGCTRL_X0Y16       BUFG (Prop_bufg_I_O)         0.029     1.165 r  clk100_IBUF_BUFG_inst/O
                         net (fo=9, routed)           0.903     2.068    main_crg_clkin
    PLLE2_ADV_X0Y0       PLLE2_ADV (Prop_plle2_adv_CLKIN1_CLKOUT3)
                                                      0.053     2.121 r  PLLE2_ADV/CLKOUT3
                         net (fo=1, routed)           0.716     2.837    main_crg_clkout3
    BUFGCTRL_X0Y2        BUFG (Prop_bufg_I_O)         0.029     2.866 r  BUFG_3/O
                         net (fo=8, routed)           0.865     3.731    idelay_clk
    SLICE_X87Y71         FDSE                                         r  main_crg_reset_counter_reg[3]/C
                         clock pessimism             -0.848     2.882    
    SLICE_X87Y71         FDSE (Hold_fdse_C_CE)       -0.039     2.843    main_crg_reset_counter_reg[3]
  -------------------------------------------------------------------
                         required time                         -2.843    
                         arrival time                           3.461    
  -------------------------------------------------------------------
                         slack                                  0.618    





Pulse Width Checks
--------------------------------------------------------------------------------------
Clock Name:         main_crg_clkout3
Waveform(ns):       { 0.000 2.500 }
Period(ns):         5.000
Sources:            { PLLE2_ADV/CLKOUT3 }

Check Type        Corner  Lib Pin            Reference Pin  Required(ns)  Actual(ns)  Slack(ns)  Location         Pin
Min Period        n/a     IDELAYCTRL/REFCLK  n/a            3.225         5.000       1.775      IDELAYCTRL_X1Y1  IDELAYCTRL/REFCLK
Min Period        n/a     BUFG/I             n/a            2.155         5.000       2.845      BUFGCTRL_X0Y2    BUFG_3/I
Min Period        n/a     PLLE2_ADV/CLKOUT3  n/a            1.249         5.000       3.751      PLLE2_ADV_X0Y0   PLLE2_ADV/CLKOUT3
Min Period        n/a     FDPE/C             n/a            1.000         5.000       4.000      SLICE_X75Y50     FDPE_6/C
Min Period        n/a     FDPE/C             n/a            1.000         5.000       4.000      SLICE_X75Y50     FDPE_7/C
Min Period        n/a     FDRE/C             n/a            1.000         5.000       4.000      SLICE_X88Y71     main_crg_ic_reset_reg/C
Min Period        n/a     FDSE/C             n/a            1.000         5.000       4.000      SLICE_X87Y71     main_crg_reset_counter_reg[0]/C
Min Period        n/a     FDSE/C             n/a            1.000         5.000       4.000      SLICE_X87Y71     main_crg_reset_counter_reg[1]/C
Min Period        n/a     FDSE/C             n/a            1.000         5.000       4.000      SLICE_X87Y71     main_crg_reset_counter_reg[2]/C
Min Period        n/a     FDSE/C             n/a            1.000         5.000       4.000      SLICE_X87Y71     main_crg_reset_counter_reg[3]/C
Max Period        n/a     IDELAYCTRL/REFCLK  n/a            5.264         5.000       0.264      IDELAYCTRL_X1Y1  IDELAYCTRL/REFCLK
Max Period        n/a     PLLE2_ADV/CLKOUT3  n/a            160.000       5.000       155.000    PLLE2_ADV_X0Y0   PLLE2_ADV/CLKOUT3
Low Pulse Width   Slow    FDPE/C             n/a            0.500         2.500       2.000      SLICE_X75Y50     FDPE_6/C
Low Pulse Width   Fast    FDPE/C             n/a            0.500         2.500       2.000      SLICE_X75Y50     FDPE_6/C
Low Pulse Width   Slow    FDPE/C             n/a            0.500         2.500       2.000      SLICE_X75Y50     FDPE_7/C
Low Pulse Width   Fast    FDPE/C             n/a            0.500         2.500       2.000      SLICE_X75Y50     FDPE_7/C
Low Pulse Width   Slow    FDRE/C             n/a            0.500         2.500       2.000      SLICE_X88Y71     main_crg_ic_reset_reg/C
Low Pulse Width   Fast    FDRE/C             n/a            0.500         2.500       2.000      SLICE_X88Y71     main_crg_ic_reset_reg/C
Low Pulse Width   Slow    FDSE/C             n/a            0.500         2.500       2.000      SLICE_X87Y71     main_crg_reset_counter_reg[0]/C
Low Pulse Width   Fast    FDSE/C             n/a            0.500         2.500       2.000      SLICE_X87Y71     main_crg_reset_counter_reg[0]/C
Low Pulse Width   Slow    FDSE/C             n/a            0.500         2.500       2.000      SLICE_X87Y71     main_crg_reset_counter_reg[1]/C
Low Pulse Width   Fast    FDSE/C             n/a            0.500         2.500       2.000      SLICE_X87Y71     main_crg_reset_counter_reg[1]/C
High Pulse Width  Slow    FDPE/C             n/a            0.500         2.500       2.000      SLICE_X75Y50     FDPE_6/C
High Pulse Width  Fast    FDPE/C             n/a            0.500         2.500       2.000      SLICE_X75Y50     FDPE_6/C
High Pulse Width  Slow    FDPE/C             n/a            0.500         2.500       2.000      SLICE_X75Y50     FDPE_7/C
High Pulse Width  Fast    FDPE/C             n/a            0.500         2.500       2.000      SLICE_X75Y50     FDPE_7/C
High Pulse Width  Slow    FDRE/C             n/a            0.500         2.500       2.000      SLICE_X88Y71     main_crg_ic_reset_reg/C
High Pulse Width  Fast    FDRE/C             n/a            0.500         2.500       2.000      SLICE_X88Y71     main_crg_ic_reset_reg/C
High Pulse Width  Slow    FDSE/C             n/a            0.500         2.500       2.000      SLICE_X87Y71     main_crg_reset_counter_reg[0]/C
High Pulse Width  Fast    FDSE/C             n/a            0.500         2.500       2.000      SLICE_X87Y71     main_crg_reset_counter_reg[0]/C
High Pulse Width  Slow    FDSE/C             n/a            0.500         2.500       2.000      SLICE_X87Y71     main_crg_reset_counter_reg[1]/C
High Pulse Width  Fast    FDSE/C             n/a            0.500         2.500       2.000      SLICE_X87Y71     main_crg_reset_counter_reg[1]/C



------------------------------------------------------------------------------------------------
| Data sheet
| ----------
------------------------------------------------------------------------------------------------

Input Ports Setup/Hold

----------+--------------+----------------+----------+---------------+---------+---------------+---------+------------------+
Reference | Input        | IO Reg         | Delay    |     Setup(ns) | Process |      Hold(ns) | Process | Internal         |
Clock     | Port         | Type           | Type     | to Clk (Edge) | Corner  | to Clk (Edge) | Corner  | Clock            |
----------+--------------+----------------+----------+---------------+---------+---------------+---------+------------------+
clk100    | cpu_reset    | FDCE           | -        |     0.329 (r) | FAST    |     1.751 (r) | SLOW    |                  |
clk100    | serial_rx    | FDRE           | -        |    -0.663 (r) | FAST    |     5.406 (r) | SLOW    | main_crg_clkout0 |
clk100    | ddram_dq[0]  | ISERDESE2 (IO) | VARIABLE |    -2.064 (r) | FAST    |     7.906 (r) | SLOW    | main_crg_clkout1 |
clk100    | ddram_dq[0]  | ISERDESE2 (IO) | VARIABLE |    -1.992 (f) | FAST    |     7.906 (f) | SLOW    | main_crg_clkout1 |
clk100    | ddram_dq[1]  | ISERDESE2 (IO) | VARIABLE |    -2.063 (r) | FAST    |     7.904 (r) | SLOW    | main_crg_clkout1 |
clk100    | ddram_dq[1]  | ISERDESE2 (IO) | VARIABLE |    -1.991 (f) | FAST    |     7.904 (f) | SLOW    | main_crg_clkout1 |
clk100    | ddram_dq[2]  | ISERDESE2 (IO) | VARIABLE |    -2.080 (r) | FAST    |     7.922 (r) | SLOW    | main_crg_clkout1 |
clk100    | ddram_dq[2]  | ISERDESE2 (IO) | VARIABLE |    -2.008 (f) | FAST    |     7.922 (f) | SLOW    | main_crg_clkout1 |
clk100    | ddram_dq[3]  | ISERDESE2 (IO) | VARIABLE |    -2.063 (r) | FAST    |     7.905 (r) | SLOW    | main_crg_clkout1 |
clk100    | ddram_dq[3]  | ISERDESE2 (IO) | VARIABLE |    -1.991 (f) | FAST    |     7.905 (f) | SLOW    | main_crg_clkout1 |
clk100    | ddram_dq[4]  | ISERDESE2 (IO) | VARIABLE |    -2.057 (r) | FAST    |     7.898 (r) | SLOW    | main_crg_clkout1 |
clk100    | ddram_dq[4]  | ISERDESE2 (IO) | VARIABLE |    -1.985 (f) | FAST    |     7.898 (f) | SLOW    | main_crg_clkout1 |
clk100    | ddram_dq[5]  | ISERDESE2 (IO) | VARIABLE |    -2.072 (r) | FAST    |     7.912 (r) | SLOW    | main_crg_clkout1 |
clk100    | ddram_dq[5]  | ISERDESE2 (IO) | VARIABLE |    -2.000 (f) | FAST    |     7.912 (f) | SLOW    | main_crg_clkout1 |
clk100    | ddram_dq[6]  | ISERDESE2 (IO) | VARIABLE |    -2.059 (r) | FAST    |     7.901 (r) | SLOW    | main_crg_clkout1 |
clk100    | ddram_dq[6]  | ISERDESE2 (IO) | VARIABLE |    -1.987 (f) | FAST    |     7.901 (f) | SLOW    | main_crg_clkout1 |
clk100    | ddram_dq[7]  | ISERDESE2 (IO) | VARIABLE |    -2.081 (r) | FAST    |     7.922 (r) | SLOW    | main_crg_clkout1 |
clk100    | ddram_dq[7]  | ISERDESE2 (IO) | VARIABLE |    -2.009 (f) | FAST    |     7.922 (f) | SLOW    | main_crg_clkout1 |
clk100    | ddram_dq[8]  | ISERDESE2 (IO) | VARIABLE |    -2.058 (r) | FAST    |     7.892 (r) | SLOW    | main_crg_clkout1 |
clk100    | ddram_dq[8]  | ISERDESE2 (IO) | VARIABLE |    -1.986 (f) | FAST    |     7.892 (f) | SLOW    | main_crg_clkout1 |
clk100    | ddram_dq[9]  | ISERDESE2 (IO) | VARIABLE |    -2.049 (r) | FAST    |     7.888 (r) | SLOW    | main_crg_clkout1 |
clk100    | ddram_dq[9]  | ISERDESE2 (IO) | VARIABLE |    -1.977 (f) | FAST    |     7.888 (f) | SLOW    | main_crg_clkout1 |
clk100    | ddram_dq[10] | ISERDESE2 (IO) | VARIABLE |    -2.051 (r) | FAST    |     7.886 (r) | SLOW    | main_crg_clkout1 |
clk100    | ddram_dq[10] | ISERDESE2 (IO) | VARIABLE |    -1.979 (f) | FAST    |     7.886 (f) | SLOW    | main_crg_clkout1 |
clk100    | ddram_dq[11] | ISERDESE2 (IO) | VARIABLE |    -2.044 (r) | FAST    |     7.883 (r) | SLOW    | main_crg_clkout1 |
clk100    | ddram_dq[11] | ISERDESE2 (IO) | VARIABLE |    -1.972 (f) | FAST    |     7.883 (f) | SLOW    | main_crg_clkout1 |
clk100    | ddram_dq[12] | ISERDESE2 (IO) | VARIABLE |    -2.040 (r) | FAST    |     7.875 (r) | SLOW    | main_crg_clkout1 |
clk100    | ddram_dq[12] | ISERDESE2 (IO) | VARIABLE |    -1.968 (f) | FAST    |     7.875 (f) | SLOW    | main_crg_clkout1 |
clk100    | ddram_dq[13] | ISERDESE2 (IO) | VARIABLE |    -2.063 (r) | FAST    |     7.897 (r) | SLOW    | main_crg_clkout1 |
clk100    | ddram_dq[13] | ISERDESE2 (IO) | VARIABLE |    -1.991 (f) | FAST    |     7.897 (f) | SLOW    | main_crg_clkout1 |
clk100    | ddram_dq[14] | ISERDESE2 (IO) | VARIABLE |    -2.051 (r) | FAST    |     7.891 (r) | SLOW    | main_crg_clkout1 |
clk100    | ddram_dq[14] | ISERDESE2 (IO) | VARIABLE |    -1.979 (f) | FAST    |     7.891 (f) | SLOW    | main_crg_clkout1 |
clk100    | ddram_dq[15] | ISERDESE2 (IO) | VARIABLE |    -2.064 (r) | FAST    |     7.899 (r) | SLOW    | main_crg_clkout1 |
clk100    | ddram_dq[15] | ISERDESE2 (IO) | VARIABLE |    -1.992 (f) | FAST    |     7.899 (f) | SLOW    | main_crg_clkout1 |
----------+--------------+----------------+----------+---------------+---------+---------------+---------+------------------+


Output Ports Clock-to-out

----------+----------------+----------------+-------+----------------+---------+----------------+---------+------------------+
Reference | Output         | IO Reg         | Delay | Max Clk (Edge) | Process | Min Clk (Edge) | Process | Internal         |
Clock     | Port           | Type           | Type  |    to port(ns) | Corner  |    to port(ns) | Corner  | Clock            |
----------+----------------+----------------+-------+----------------+---------+----------------+---------+------------------+
clk100    | ddram_dq[0]    | FDRE           | -     |     15.160 (r) | SLOW    |      4.247 (r) | FAST    | main_crg_clkout0 |
clk100    | ddram_dq[1]    | FDRE           | -     |     15.753 (r) | SLOW    |      4.502 (r) | FAST    | main_crg_clkout0 |
clk100    | ddram_dq[2]    | FDRE           | -     |     15.008 (r) | SLOW    |      4.163 (r) | FAST    | main_crg_clkout0 |
clk100    | ddram_dq[3]    | FDRE           | -     |     15.460 (r) | SLOW    |      4.377 (r) | FAST    | main_crg_clkout0 |
clk100    | ddram_dq[4]    | FDRE           | -     |     15.903 (r) | SLOW    |      4.573 (r) | FAST    | main_crg_clkout0 |
clk100    | ddram_dq[5]    | FDRE           | -     |     16.203 (r) | SLOW    |      4.688 (r) | FAST    | main_crg_clkout0 |
clk100    | ddram_dq[6]    | FDRE           | -     |     15.310 (r) | SLOW    |      4.315 (r) | FAST    | main_crg_clkout0 |
clk100    | ddram_dq[7]    | FDRE           | -     |     16.063 (r) | SLOW    |      4.624 (r) | FAST    | main_crg_clkout0 |
clk100    | ddram_dq[8]    | FDRE           | -     |     16.947 (r) | SLOW    |      5.017 (r) | FAST    | main_crg_clkout0 |
clk100    | ddram_dq[9]    | FDRE           | -     |     17.692 (r) | SLOW    |      5.355 (r) | FAST    | main_crg_clkout0 |
clk100    | ddram_dq[10]   | FDRE           | -     |     17.399 (r) | SLOW    |      5.225 (r) | FAST    | main_crg_clkout0 |
clk100    | ddram_dq[11]   | FDRE           | -     |     17.842 (r) | SLOW    |      5.425 (r) | FAST    | main_crg_clkout0 |
clk100    | ddram_dq[12]   | FDRE           | -     |     17.249 (r) | SLOW    |      5.171 (r) | FAST    | main_crg_clkout0 |
clk100    | ddram_dq[13]   | FDRE           | -     |     16.797 (r) | SLOW    |      4.947 (r) | FAST    | main_crg_clkout0 |
clk100    | ddram_dq[14]   | FDRE           | -     |     18.134 (r) | SLOW    |      5.534 (r) | FAST    | main_crg_clkout0 |
clk100    | ddram_dq[15]   | FDRE           | -     |     17.097 (r) | SLOW    |      5.077 (r) | FAST    | main_crg_clkout0 |
clk100    | ddram_dqs_n[0] | FDRE           | -     |     15.216 (r) | SLOW    |      4.263 (r) | FAST    | main_crg_clkout0 |
clk100    | ddram_dqs_n[1] | FDRE           | -     |     16.202 (r) | SLOW    |      4.701 (r) | FAST    | main_crg_clkout0 |
clk100    | ddram_dqs_p[0] | FDRE           | -     |     15.217 (r) | SLOW    |      4.264 (r) | FAST    | main_crg_clkout0 |
clk100    | ddram_dqs_p[1] | FDRE           | -     |     16.203 (r) | SLOW    |      4.701 (r) | FAST    | main_crg_clkout0 |
clk100    | serial_tx      | FDSE           | -     |     18.615 (r) | SLOW    |      6.006 (r) | FAST    | main_crg_clkout0 |
clk100    | ddram_a[0]     | OSERDESE2 (IO) | -     |     11.495 (r) | SLOW    |      3.445 (r) | FAST    | main_crg_clkout1 |
clk100    | ddram_a[1]     | OSERDESE2 (IO) | -     |     11.509 (r) | SLOW    |      3.462 (r) | FAST    | main_crg_clkout1 |
clk100    | ddram_a[2]     | OSERDESE2 (IO) | -     |     11.521 (r) | SLOW    |      3.468 (r) | FAST    | main_crg_clkout1 |
clk100    | ddram_a[3]     | OSERDESE2 (IO) | -     |     11.521 (r) | SLOW    |      3.469 (r) | FAST    | main_crg_clkout1 |
clk100    | ddram_a[4]     | OSERDESE2 (IO) | -     |     11.517 (r) | SLOW    |      3.463 (r) | FAST    | main_crg_clkout1 |
clk100    | ddram_a[5]     | OSERDESE2 (IO) | -     |     11.511 (r) | SLOW    |      3.465 (r) | FAST    | main_crg_clkout1 |
clk100    | ddram_a[6]     | OSERDESE2 (IO) | -     |     11.525 (r) | SLOW    |      3.471 (r) | FAST    | main_crg_clkout1 |
clk100    | ddram_a[7]     | OSERDESE2 (IO) | -     |     11.527 (r) | SLOW    |      3.472 (r) | FAST    | main_crg_clkout1 |
clk100    | ddram_a[8]     | OSERDESE2 (IO) | -     |     11.517 (r) | SLOW    |      3.464 (r) | FAST    | main_crg_clkout1 |
clk100    | ddram_a[9]     | OSERDESE2 (IO) | -     |     11.510 (r) | SLOW    |      3.464 (r) | FAST    | main_crg_clkout1 |
clk100    | ddram_a[10]    | OSERDESE2 (IO) | -     |     11.511 (r) | SLOW    |      3.464 (r) | FAST    | main_crg_clkout1 |
clk100    | ddram_a[11]    | OSERDESE2 (IO) | -     |     11.504 (r) | SLOW    |      3.451 (r) | FAST    | main_crg_clkout1 |
clk100    | ddram_a[12]    | OSERDESE2 (IO) | -     |     11.516 (r) | SLOW    |      3.464 (r) | FAST    | main_crg_clkout1 |
clk100    | ddram_ba[0]    | OSERDESE2 (IO) | -     |     11.515 (r) | SLOW    |      3.468 (r) | FAST    | main_crg_clkout1 |
clk100    | ddram_ba[1]    | OSERDESE2 (IO) | -     |     11.507 (r) | SLOW    |      3.460 (r) | FAST    | main_crg_clkout1 |
clk100    | ddram_ba[2]    | OSERDESE2 (IO) | -     |     11.519 (r) | SLOW    |      3.468 (r) | FAST    | main_crg_clkout1 |
clk100    | ddram_cas_n    | OSERDESE2 (IO) | -     |     11.536 (r) | SLOW    |      3.481 (r) | FAST    | main_crg_clkout1 |
clk100    | ddram_cke      | OSERDESE2 (IO) | -     |     11.528 (r) | SLOW    |      3.474 (r) | FAST    | main_crg_clkout1 |
clk100    | ddram_clk_n    | OSERDESE2 (IO) | -     |     11.598 (r) | SLOW    |      3.444 (r) | FAST    | main_crg_clkout1 |
clk100    | ddram_clk_p    | OSERDESE2 (IO) | -     |     11.611 (r) | SLOW    |      3.456 (r) | FAST    | main_crg_clkout1 |
clk100    | ddram_cs_n     | OSERDESE2 (IO) | -     |     11.485 (r) | SLOW    |      3.432 (r) | FAST    | main_crg_clkout1 |
clk100    | ddram_dm[0]    | OSERDESE2 (IO) | -     |     11.550 (r) | SLOW    |      3.495 (r) | FAST    | main_crg_clkout1 |
clk100    | ddram_dm[1]    | OSERDESE2 (IO) | -     |     11.552 (r) | SLOW    |      3.499 (r) | FAST    | main_crg_clkout1 |
clk100    | ddram_dq[0]    | OSERDESE2 (IO) | -     |     12.407 (r) | SLOW    |      3.185 (r) | FAST    | main_crg_clkout1 |
clk100    | ddram_dq[1]    | OSERDESE2 (IO) | -     |     12.405 (r) | SLOW    |      3.184 (r) | FAST    | main_crg_clkout1 |
clk100    | ddram_dq[2]    | OSERDESE2 (IO) | -     |     12.408 (r) | SLOW    |      3.171 (r) | FAST    | main_crg_clkout1 |
clk100    | ddram_dq[3]    | OSERDESE2 (IO) | -     |     12.406 (r) | SLOW    |      3.184 (r) | FAST    | main_crg_clkout1 |
clk100    | ddram_dq[4]    | OSERDESE2 (IO) | -     |     12.405 (r) | SLOW    |      3.190 (r) | FAST    | main_crg_clkout1 |
clk100    | ddram_dq[5]    | OSERDESE2 (IO) | -     |     12.405 (r) | SLOW    |      3.175 (r) | FAST    | main_crg_clkout1 |
clk100    | ddram_dq[6]    | OSERDESE2 (IO) | -     |     12.406 (r) | SLOW    |      3.187 (r) | FAST    | main_crg_clkout1 |
clk100    | ddram_dq[7]    | OSERDESE2 (IO) | -     |     12.405 (r) | SLOW    |      3.166 (r) | FAST    | main_crg_clkout1 |
clk100    | ddram_dq[8]    | OSERDESE2 (IO) | -     |     12.391 (r) | SLOW    |      3.174 (r) | FAST    | main_crg_clkout1 |
clk100    | ddram_dq[9]    | OSERDESE2 (IO) | -     |     12.401 (r) | SLOW    |      3.194 (r) | FAST    | main_crg_clkout1 |
clk100    | ddram_dq[10]   | OSERDESE2 (IO) | -     |     12.394 (r) | SLOW    |      3.185 (r) | FAST    | main_crg_clkout1 |
clk100    | ddram_dq[11]   | OSERDESE2 (IO) | -     |     12.401 (r) | SLOW    |      3.198 (r) | FAST    | main_crg_clkout1 |
clk100    | ddram_dq[12]   | OSERDESE2 (IO) | -     |     12.394 (r) | SLOW    |      3.197 (r) | FAST    | main_crg_clkout1 |
clk100    | ddram_dq[13]   | OSERDESE2 (IO) | -     |     12.391 (r) | SLOW    |      3.169 (r) | FAST    | main_crg_clkout1 |
clk100    | ddram_dq[14]   | OSERDESE2 (IO) | -     |     12.402 (r) | SLOW    |      3.191 (r) | FAST    | main_crg_clkout1 |
clk100    | ddram_dq[15]   | OSERDESE2 (IO) | -     |     12.393 (r) | SLOW    |      3.171 (r) | FAST    | main_crg_clkout1 |
clk100    | ddram_odt      | OSERDESE2 (IO) | -     |     11.521 (r) | SLOW    |      3.467 (r) | FAST    | main_crg_clkout1 |
clk100    | ddram_ras_n    | OSERDESE2 (IO) | -     |     11.506 (r) | SLOW    |      3.456 (r) | FAST    | main_crg_clkout1 |
clk100    | ddram_we_n     | OSERDESE2 (IO) | -     |     11.538 (r) | SLOW    |      3.483 (r) | FAST    | main_crg_clkout1 |
clk100    | ddram_dqs_n[0] | OSERDESE2 (IO) | -     |     13.655 (r) | SLOW    |      4.434 (r) | FAST    | main_crg_clkout2 |
clk100    | ddram_dqs_n[1] | OSERDESE2 (IO) | -     |     13.648 (r) | SLOW    |      4.432 (r) | FAST    | main_crg_clkout2 |
clk100    | ddram_dqs_p[0] | OSERDESE2 (IO) | -     |     13.656 (r) | SLOW    |      4.436 (r) | FAST    | main_crg_clkout2 |
clk100    | ddram_dqs_p[1] | OSERDESE2 (IO) | -     |     13.649 (r) | SLOW    |      4.432 (r) | FAST    | main_crg_clkout2 |
----------+----------------+----------------+-------+----------------+---------+----------------+---------+------------------+


Setup between Clocks

-------+-------------+---------------+---------+---------------+---------+---------------+---------+---------------+---------+
Source | Destination |  Src:Rise     | Process |  Src:Rise     | Process |  Src:Fall     | Process |  Src:Fall     | Process |
Clock  | Clock       | Dest:Rise(ns) | Corner  | Dest:Fall(ns) | Corner  | Dest:Rise(ns) | Corner  | Dest:Fall(ns) | Corner  |
-------+-------------+---------------+---------+---------------+---------+---------------+---------+---------------+---------+
clk100 | clk100      |         9.981 | SLOW    |               |         |               |         |               |         |
-------+-------------+---------------+---------+---------------+---------+---------------+---------+---------------+---------+


Setup / Hold times for input bus
Clocked by: clk100
Worst Case Data Window: 5.954 ns
Ideal Clock Offset to Actual Clock: 4.945 ns
-------------------+-------------+---------+-------------+---------+-----------+-----------+---------------+
                   |             | Process |             | Process | Setup     |  Hold     | Source Offset |
Source             |   Setup(ns) | Corner  |    Hold(ns) | Corner  | Slack(ns) | Slack(ns) | to Center(ns) |
-------------------+-------------+---------+-------------+---------+-----------+-----------+---------------+
ddram_dq[0]        |  -2.064 (r) | FAST    |   7.906 (r) | SLOW    |       inf |       inf |             - |
ddram_dq[0]        |  -1.992 (f) | FAST    |   7.906 (f) | SLOW    |       inf |       inf |             - |
ddram_dq[1]        |  -2.063 (r) | FAST    |   7.904 (r) | SLOW    |       inf |       inf |             - |
ddram_dq[1]        |  -1.991 (f) | FAST    |   7.904 (f) | SLOW    |       inf |       inf |             - |
ddram_dq[2]        |  -2.080 (r) | FAST    |   7.922 (r) | SLOW    |       inf |       inf |             - |
ddram_dq[2]        |  -2.008 (f) | FAST    |   7.922 (f) | SLOW    |       inf |       inf |             - |
ddram_dq[3]        |  -2.063 (r) | FAST    |   7.905 (r) | SLOW    |       inf |       inf |             - |
ddram_dq[3]        |  -1.991 (f) | FAST    |   7.905 (f) | SLOW    |       inf |       inf |             - |
ddram_dq[4]        |  -2.057 (r) | FAST    |   7.898 (r) | SLOW    |       inf |       inf |             - |
ddram_dq[4]        |  -1.985 (f) | FAST    |   7.898 (f) | SLOW    |       inf |       inf |             - |
ddram_dq[5]        |  -2.072 (r) | FAST    |   7.912 (r) | SLOW    |       inf |       inf |             - |
ddram_dq[5]        |  -2.000 (f) | FAST    |   7.912 (f) | SLOW    |       inf |       inf |             - |
ddram_dq[6]        |  -2.059 (r) | FAST    |   7.901 (r) | SLOW    |       inf |       inf |             - |
ddram_dq[6]        |  -1.987 (f) | FAST    |   7.901 (f) | SLOW    |       inf |       inf |             - |
ddram_dq[7]        |  -2.081 (r) | FAST    |   7.922 (r) | SLOW    |       inf |       inf |             - |
ddram_dq[7]        |  -2.009 (f) | FAST    |   7.922 (f) | SLOW    |       inf |       inf |             - |
ddram_dq[8]        |  -2.058 (r) | FAST    |   7.892 (r) | SLOW    |       inf |       inf |             - |
ddram_dq[8]        |  -1.986 (f) | FAST    |   7.892 (f) | SLOW    |       inf |       inf |             - |
ddram_dq[9]        |  -2.049 (r) | FAST    |   7.888 (r) | SLOW    |       inf |       inf |             - |
ddram_dq[9]        |  -1.977 (f) | FAST    |   7.888 (f) | SLOW    |       inf |       inf |             - |
ddram_dq[10]       |  -2.051 (r) | FAST    |   7.886 (r) | SLOW    |       inf |       inf |             - |
ddram_dq[10]       |  -1.979 (f) | FAST    |   7.886 (f) | SLOW    |       inf |       inf |             - |
ddram_dq[11]       |  -2.044 (r) | FAST    |   7.883 (r) | SLOW    |       inf |       inf |             - |
ddram_dq[11]       |  -1.972 (f) | FAST    |   7.883 (f) | SLOW    |       inf |       inf |             - |
ddram_dq[12]       |  -2.040 (r) | FAST    |   7.875 (r) | SLOW    |       inf |       inf |             - |
ddram_dq[12]       |  -1.968 (f) | FAST    |   7.875 (f) | SLOW    |       inf |       inf |             - |
ddram_dq[13]       |  -2.063 (r) | FAST    |   7.897 (r) | SLOW    |       inf |       inf |             - |
ddram_dq[13]       |  -1.991 (f) | FAST    |   7.897 (f) | SLOW    |       inf |       inf |             - |
ddram_dq[14]       |  -2.051 (r) | FAST    |   7.891 (r) | SLOW    |       inf |       inf |             - |
ddram_dq[14]       |  -1.979 (f) | FAST    |   7.891 (f) | SLOW    |       inf |       inf |             - |
ddram_dq[15]       |  -2.064 (r) | FAST    |   7.899 (r) | SLOW    |       inf |       inf |             - |
ddram_dq[15]       |  -1.992 (f) | FAST    |   7.899 (f) | SLOW    |       inf |       inf |             - |
-------------------+-------------+---------+-------------+---------+-----------+-----------+---------------+
Worst Case Summary |  -1.968 (f) | FAST    |   7.922 (r) | SLOW    |       inf |       inf |             - |
-------------------+-------------+---------+-------------+---------+-----------+-----------+---------------+



Max / Min delays for output bus
Clocked by: clk100
Bus Skew: 0.032 ns
-------------------+--------------+---------+-------------+---------+----------+
                   |      Max     | Process |     Min     | Process | Edge     |
Pad                |    Delay(ns) | Corner  |   Delay(ns) | Corner  | Skew(ns) |
-------------------+--------------+---------+-------------+---------+----------+
ddram_a[0]         |   11.495 (r) | SLOW    |   3.445 (r) | FAST    |    0.000 |
ddram_a[1]         |   11.509 (r) | SLOW    |   3.462 (r) | FAST    |    0.017 |
ddram_a[2]         |   11.521 (r) | SLOW    |   3.468 (r) | FAST    |    0.026 |
ddram_a[3]         |   11.521 (r) | SLOW    |   3.469 (r) | FAST    |    0.026 |
ddram_a[4]         |   11.517 (r) | SLOW    |   3.463 (r) | FAST    |    0.022 |
ddram_a[5]         |   11.511 (r) | SLOW    |   3.465 (r) | FAST    |    0.020 |
ddram_a[6]         |   11.525 (r) | SLOW    |   3.471 (r) | FAST    |    0.031 |
ddram_a[7]         |   11.527 (r) | SLOW    |   3.472 (r) | FAST    |    0.032 |
ddram_a[8]         |   11.517 (r) | SLOW    |   3.464 (r) | FAST    |    0.022 |
ddram_a[9]         |   11.510 (r) | SLOW    |   3.464 (r) | FAST    |    0.019 |
ddram_a[10]        |   11.511 (r) | SLOW    |   3.464 (r) | FAST    |    0.020 |
ddram_a[11]        |   11.504 (r) | SLOW    |   3.451 (r) | FAST    |    0.010 |
ddram_a[12]        |   11.516 (r) | SLOW    |   3.464 (r) | FAST    |    0.022 |
-------------------+--------------+---------+-------------+---------+----------+
Worst Case Summary |   11.527 (r) | SLOW    |   3.445 (r) | FAST    |    0.032 |
-------------------+--------------+---------+-------------+---------+----------+



Max / Min delays for output bus
Clocked by: clk100
Bus Skew: 0.012 ns
-------------------+--------------+---------+-------------+---------+----------+
                   |      Max     | Process |     Min     | Process | Edge     |
Pad                |    Delay(ns) | Corner  |   Delay(ns) | Corner  | Skew(ns) |
-------------------+--------------+---------+-------------+---------+----------+
ddram_ba[0]        |   11.515 (r) | SLOW    |   3.468 (r) | FAST    |    0.008 |
ddram_ba[1]        |   11.507 (r) | SLOW    |   3.460 (r) | FAST    |    0.000 |
ddram_ba[2]        |   11.519 (r) | SLOW    |   3.468 (r) | FAST    |    0.012 |
-------------------+--------------+---------+-------------+---------+----------+
Worst Case Summary |   11.519 (r) | SLOW    |   3.460 (r) | FAST    |    0.012 |
-------------------+--------------+---------+-------------+---------+----------+



Max / Min delays for output bus
Clocked by: clk100
Bus Skew: 0.004 ns
-------------------+--------------+---------+-------------+---------+----------+
                   |      Max     | Process |     Min     | Process | Edge     |
Pad                |    Delay(ns) | Corner  |   Delay(ns) | Corner  | Skew(ns) |
-------------------+--------------+---------+-------------+---------+----------+
ddram_dm[0]        |   11.550 (r) | SLOW    |   3.495 (r) | FAST    |    0.000 |
ddram_dm[1]        |   11.552 (r) | SLOW    |   3.499 (r) | FAST    |    0.004 |
-------------------+--------------+---------+-------------+---------+----------+
Worst Case Summary |   11.552 (r) | SLOW    |   3.495 (r) | FAST    |    0.004 |
-------------------+--------------+---------+-------------+---------+----------+



Max / Min delays for output bus
Clocked by: clk100
Bus Skew: 3.126 ns
-------------------+--------------+---------+-------------+---------+----------+
                   |      Max     | Process |     Min     | Process | Edge     |
Pad                |    Delay(ns) | Corner  |   Delay(ns) | Corner  | Skew(ns) |
-------------------+--------------+---------+-------------+---------+----------+
ddram_dq[0]        |   15.160 (r) | SLOW    |   3.185 (r) | FAST    |    0.152 |
ddram_dq[1]        |   15.753 (r) | SLOW    |   3.184 (r) | FAST    |    0.745 |
ddram_dq[2]        |   15.008 (r) | SLOW    |   3.171 (r) | FAST    |    0.005 |
ddram_dq[3]        |   15.460 (r) | SLOW    |   3.184 (r) | FAST    |    0.452 |
ddram_dq[4]        |   15.903 (r) | SLOW    |   3.190 (r) | FAST    |    0.895 |
ddram_dq[5]        |   16.203 (r) | SLOW    |   3.175 (r) | FAST    |    1.195 |
ddram_dq[6]        |   15.310 (r) | SLOW    |   3.187 (r) | FAST    |    0.302 |
ddram_dq[7]        |   16.063 (r) | SLOW    |   3.166 (r) | FAST    |    1.055 |
ddram_dq[8]        |   16.947 (r) | SLOW    |   3.174 (r) | FAST    |    1.939 |
ddram_dq[9]        |   17.692 (r) | SLOW    |   3.194 (r) | FAST    |    2.684 |
ddram_dq[10]       |   17.399 (r) | SLOW    |   3.185 (r) | FAST    |    2.391 |
ddram_dq[11]       |   17.842 (r) | SLOW    |   3.198 (r) | FAST    |    2.834 |
ddram_dq[12]       |   17.249 (r) | SLOW    |   3.197 (r) | FAST    |    2.241 |
ddram_dq[13]       |   16.797 (r) | SLOW    |   3.169 (r) | FAST    |    1.789 |
ddram_dq[14]       |   18.134 (r) | SLOW    |   3.191 (r) | FAST    |    3.126 |
ddram_dq[15]       |   17.097 (r) | SLOW    |   3.171 (r) | FAST    |    2.089 |
-------------------+--------------+---------+-------------+---------+----------+
Worst Case Summary |   18.134 (r) | SLOW    |   3.166 (r) | FAST    |    3.126 |
-------------------+--------------+---------+-------------+---------+----------+



Max / Min delays for output bus
Clocked by: clk100
Bus Skew: 0.986 ns
-------------------+--------------+---------+-------------+---------+----------+
                   |      Max     | Process |     Min     | Process | Edge     |
Pad                |    Delay(ns) | Corner  |   Delay(ns) | Corner  | Skew(ns) |
-------------------+--------------+---------+-------------+---------+----------+
ddram_dqs_n[0]     |   15.216 (r) | SLOW    |   4.263 (r) | FAST    |    0.000 |
ddram_dqs_n[1]     |   16.202 (r) | SLOW    |   4.432 (r) | FAST    |    0.985 |
ddram_dqs_p[0]     |   15.217 (r) | SLOW    |   4.264 (r) | FAST    |    0.002 |
ddram_dqs_p[1]     |   16.203 (r) | SLOW    |   4.432 (r) | FAST    |    0.986 |
-------------------+--------------+---------+-------------+---------+----------+
Worst Case Summary |   16.203 (r) | SLOW    |   4.263 (r) | FAST    |    0.986 |
-------------------+--------------+---------+-------------+---------+----------+




